campaign_id,server,dataset,bands,max_dn,replica,seed,queue_seq,queue_block,run_id,model,aligner,a_reference,u_reference,epsilon_lambda,epsilon_every,epsilon_radius,epsilon_target,struct_target,struct_descriptor,struct_lambda,struct_branch,a_receives_rec,u_lr,a_lr,updates,init,repeat_count,checkpoint_primary,checkpoint_causal,training_role,input_layout,student_training,kd,q_weighting,panmix,schedule,extra,case_id,group,label,control_id,status
PANDA_ALIGNER_TEACHER_LMS_GT_S135_20261006_v2,s1,WV3,8,2047,1,261006101,1,P0_CORE,ATL2_WV3_S1_R1_SS261006101_B00_F50K_v2,TEACHER_P0_W112_D123,NONE,NA,BICUBIC_MS,0,1,2.0,STOPGRAD_NATIVE,NONE,MULTISCALE_GNCC_SQUARED,0,NATIVE,False,0.0001,0,50000,FRESH,3,HQNR_MAX50,EXACT_FINAL,TEACHER_ONLY,P0,False,False,False,False,W100_COSINE_FULL_BUDGET,NONE,TA2-B00,01 NO-ALIGNER / FIXED SHIFT,무정합 U-Net 재학습; sampler bypass,,PLANNED_NOT_RUN
PANDA_ALIGNER_TEACHER_LMS_GT_S135_20261006_v2,s1,WV3,8,2047,1,261006101,2,P0_CORE,ATL2_WV3_S1_R1_SS261006101_B02_F50K_v2,TEACHER_P0_W112_D123,TRAIN_GLOBAL_MEDIAN,NATIVE_LMS,BICUBIC_MS,0,1,2.0,STOPGRAD_NATIVE,NONE,MULTISCALE_GNCC_SQUARED,0,NATIVE,False,0.0001,0,50000,FRESH,3,HQNR_MAX50,EXACT_FINAL,TEACHER_ONLY,P0,False,False,False,False,W100_COSINE_FULL_BUDGET,NONE,TA2-B02,01 NO-ALIGNER / FIXED SHIFT,학습 split의 사전 LMS 추정치 중앙값 하나 고정,TA2-B00,PLANNED_NOT_RUN
PANDA_ALIGNER_TEACHER_LMS_GT_S135_20261006_v2,s1,WV3,8,2047,1,261006101,3,P0_CORE,ATL2_WV3_S1_R1_SS261006101_B03_F50K_v2,TEACHER_P0_W112_D123,PER_IMAGE_LMS_GRAD_FIXED,NATIVE_LMS,BICUBIC_MS,0,1,2.0,STOPGRAD_NATIVE,NONE,MULTISCALE_GNCC_SQUARED,0,NATIVE,False,0.0001,0,50000,FRESH,3,HQNR_MAX50,EXACT_FINAL,TEACHER_ONLY,P0,False,False,False,False,W100_COSINE_FULL_BUDGET,NONE,TA2-B03,01 NO-ALIGNER / FIXED SHIFT,영상별 PAN-LMS gradient 등록 shift 고정 후 U 학습,TA2-B00,PLANNED_NOT_RUN
PANDA_ALIGNER_TEACHER_LMS_GT_S135_20261006_v2,s1,WV3,8,2047,1,261006101,4,P0_CORE,ATL2_WV3_S1_R1_SS261006101_B04_F50K_v2,TEACHER_P0_W112_D123,PER_IMAGE_LMS_INT_FIXED,NATIVE_LMS,BICUBIC_MS,0,1,2.0,STOPGRAD_NATIVE,NONE,MULTISCALE_GNCC_SQUARED,0,NATIVE,False,0.0001,0,50000,FRESH,3,HQNR_MAX50,EXACT_FINAL,TEACHER_ONLY,P0,False,False,False,False,W100_COSINE_FULL_BUDGET,NONE,TA2-B04,01 NO-ALIGNER / FIXED SHIFT,영상별 PAN-LMS intensity 등록 shift 고정 후 U 학습,TA2-B03,PLANNED_NOT_RUN
PANDA_ALIGNER_TEACHER_LMS_GT_S135_20261006_v2,s1,WV3,8,2047,1,261006101,5,P0_CORE,ATL2_WV3_S1_R1_SS261006101_B05_F50K_v2,TEACHER_P0_W112_D123,PER_IMAGE_BIC_GRAD_FIXED,BICUBIC_MS,BICUBIC_MS,0,1,2.0,STOPGRAD_NATIVE,NONE,MULTISCALE_GNCC_SQUARED,0,NATIVE,False,0.0001,0,50000,FRESH,3,HQNR_MAX50,EXACT_FINAL,TEACHER_ONLY,P0,False,False,False,False,W100_COSINE_FULL_BUDGET,NONE,TA2-B05,01 NO-ALIGNER / FIXED SHIFT,영상별 PAN-bicubic MS 등록 shift 고정,TA2-B03,PLANNED_NOT_RUN
PANDA_ALIGNER_TEACHER_LMS_GT_S135_20261006_v2,s1,WV3,8,2047,1,261006101,6,P0_CORE,ATL2_WV3_S1_R1_SS261006101_B07_F50K_v2,TEACHER_P0_W112_D123,LEARNED_GLOBAL_2VECTOR,NA,BICUBIC_MS,0,1,2.0,STOPGRAD_NATIVE,NONE,MULTISCALE_GNCC_SQUARED,0,NATIVE,True,0.0001,1e-05,50000,FRESH,3,HQNR_MAX50,EXACT_FINAL,TEACHER_ONLY,P0,False,False,False,False,W100_COSINE_FULL_BUDGET,2_PARAMETERS_CANONICAL_FRAME,TA2-B07,01 NO-ALIGNER / FIXED SHIFT,CNN 없이 학습 가능한 전역 2변수 shift + U-Net,TA2-B00,PLANNED_NOT_RUN
PANDA_ALIGNER_TEACHER_LMS_GT_S135_20261006_v2,s1,WV3,8,2047,1,261006101,7,P0_CORE,ATL2_WV3_S1_R1_SS261006101_M00_F50K_v2,TEACHER_P0_W112_D123,CNN,BICUBIC_MS,BICUBIC_MS,0,1,2.0,STOPGRAD_NATIVE,NONE,MULTISCALE_GNCC_SQUARED,0,NATIVE,True,0.0001,1e-05,50000,FRESH,3,HQNR_MAX50,EXACT_FINAL,TEACHER_ONLY,P0,False,False,False,False,W100_COSINE_FULL_BUDGET,NONE,TA2-M00,02 REFERENCE × EPSILON × STRUCTURE,BICUBIC_MS A 입력 | rec + no epsilon + no direct structure,TA2-B00,PLANNED_NOT_RUN
PANDA_ALIGNER_TEACHER_LMS_GT_S135_20261006_v2,s1,WV3,8,2047,1,261006101,8,P0_CORE,ATL2_WV3_S1_R1_SS261006101_M01_F50K_v2,TEACHER_P0_W112_D123,CNN,BICUBIC_MS,BICUBIC_MS,0.001,1,2.0,STOPGRAD_NATIVE,NONE,MULTISCALE_GNCC_SQUARED,0,NATIVE,True,0.0001,1e-05,50000,FRESH,3,HQNR_MAX50,EXACT_FINAL,TEACHER_ONLY,P0,False,False,False,False,W100_COSINE_FULL_BUDGET,NONE,TA2-M01,02 REFERENCE × EPSILON × STRUCTURE,BICUBIC_MS A 입력 | rec + epsilon + no direct structure,TA2-M00,PLANNED_NOT_RUN
PANDA_ALIGNER_TEACHER_LMS_GT_S135_20261006_v2,s1,WV3,8,2047,1,261006101,9,P0_CORE,ATL2_WV3_S1_R1_SS261006101_M02_F50K_v2,TEACHER_P0_W112_D123,CNN,BICUBIC_MS,BICUBIC_MS,0,1,2.0,STOPGRAD_NATIVE,GT,MULTISCALE_GNCC_SQUARED,0.01,NATIVE,True,0.0001,1e-05,50000,FRESH,3,HQNR_MAX50,EXACT_FINAL,TEACHER_ONLY,P0,False,False,False,False,W100_COSINE_FULL_BUDGET,NONE,TA2-M02,02 REFERENCE × EPSILON × STRUCTURE,BICUBIC_MS A 입력 | rec + no epsilon + GT 구조 정합,TA2-M00,PLANNED_NOT_RUN
PANDA_ALIGNER_TEACHER_LMS_GT_S135_20261006_v2,s1,WV3,8,2047,1,261006101,10,P0_CORE,ATL2_WV3_S1_R1_SS261006101_M03_F50K_v2,TEACHER_P0_W112_D123,CNN,BICUBIC_MS,BICUBIC_MS,0.001,1,2.0,STOPGRAD_NATIVE,GT,MULTISCALE_GNCC_SQUARED,0.01,NATIVE,True,0.0001,1e-05,50000,FRESH,3,HQNR_MAX50,EXACT_FINAL,TEACHER_ONLY,P0,False,False,False,False,W100_COSINE_FULL_BUDGET,NONE,TA2-M03,02 REFERENCE × EPSILON × STRUCTURE,BICUBIC_MS A 입력 | rec + epsilon + GT 구조 정합,TA2-M00,PLANNED_NOT_RUN
PANDA_ALIGNER_TEACHER_LMS_GT_S135_20261006_v2,s1,WV3,8,2047,1,261006101,11,P0_CORE,ATL2_WV3_S1_R1_SS261006101_M04_F50K_v2,TEACHER_P0_W112_D123,CNN,NATIVE_LMS,BICUBIC_MS,0,1,2.0,STOPGRAD_NATIVE,NONE,MULTISCALE_GNCC_SQUARED,0,NATIVE,True,0.0001,1e-05,50000,FRESH,3,HQNR_MAX50,EXACT_FINAL,TEACHER_ONLY,P0,False,False,False,False,W100_COSINE_FULL_BUDGET,NONE,TA2-M04,02 REFERENCE × EPSILON × STRUCTURE,NATIVE_LMS A 입력 | rec + no epsilon + no direct structure,TA2-M00,PLANNED_NOT_RUN
PANDA_ALIGNER_TEACHER_LMS_GT_S135_20261006_v2,s1,WV3,8,2047,1,261006101,12,P0_CORE,ATL2_WV3_S1_R1_SS261006101_M05_F50K_v2,TEACHER_P0_W112_D123,CNN,NATIVE_LMS,BICUBIC_MS,0.001,1,2.0,STOPGRAD_NATIVE,NONE,MULTISCALE_GNCC_SQUARED,0,NATIVE,True,0.0001,1e-05,50000,FRESH,3,HQNR_MAX50,EXACT_FINAL,TEACHER_ONLY,P0,False,False,False,False,W100_COSINE_FULL_BUDGET,NONE,TA2-M05,02 REFERENCE × EPSILON × STRUCTURE,NATIVE_LMS A 입력 | rec + epsilon + no direct structure,TA2-M01,PLANNED_NOT_RUN
PANDA_ALIGNER_TEACHER_LMS_GT_S135_20261006_v2,s1,WV3,8,2047,1,261006101,13,P0_CORE,ATL2_WV3_S1_R1_SS261006101_M06_F50K_v2,TEACHER_P0_W112_D123,CNN,NATIVE_LMS,BICUBIC_MS,0,1,2.0,STOPGRAD_NATIVE,GT,MULTISCALE_GNCC_SQUARED,0.01,NATIVE,True,0.0001,1e-05,50000,FRESH,3,HQNR_MAX50,EXACT_FINAL,TEACHER_ONLY,P0,False,False,False,False,W100_COSINE_FULL_BUDGET,NONE,TA2-M06,02 REFERENCE × EPSILON × STRUCTURE,NATIVE_LMS A 입력 | rec + no epsilon + GT 구조 정합,TA2-M02,PLANNED_NOT_RUN
PANDA_ALIGNER_TEACHER_LMS_GT_S135_20261006_v2,s1,WV3,8,2047,1,261006101,14,P0_CORE,ATL2_WV3_S1_R1_SS261006101_M07_F50K_v2,TEACHER_P0_W112_D123,CNN,NATIVE_LMS,BICUBIC_MS,0.001,1,2.0,STOPGRAD_NATIVE,GT,MULTISCALE_GNCC_SQUARED,0.01,NATIVE,True,0.0001,1e-05,50000,FRESH,3,HQNR_MAX50,EXACT_FINAL,TEACHER_ONLY,P0,False,False,False,False,W100_COSINE_FULL_BUDGET,NONE,TA2-M07,02 REFERENCE × EPSILON × STRUCTURE,NATIVE_LMS A 입력 | rec + epsilon + GT 구조 정합,TA2-M03,PLANNED_NOT_RUN
PANDA_ALIGNER_TEACHER_LMS_GT_S135_20261006_v2,s1,WV3,8,2047,1,261006101,15,P0_CORE,ATL2_WV3_S1_R1_SS261006101_U00_F50K_v2,TEACHER_P0_W112_D123,NONE,NA,NATIVE_LMS,0,1,2.0,STOPGRAD_NATIVE,NONE,MULTISCALE_GNCC_SQUARED,0,NATIVE,False,0.0001,0,50000,FRESH,3,HQNR_MAX50,EXACT_FINAL,TEACHER_ONLY,P0,False,False,False,False,W100_COSINE_FULL_BUDGET,NONE,TA2-U00,07 U INPUT / BASE COORDINATES,B00 U 입력·residual base도 native LMS로 변경,TA2-B00,PLANNED_NOT_RUN
PANDA_ALIGNER_TEACHER_LMS_GT_S135_20261006_v2,s1,WV3,8,2047,1,261006101,16,P0_CORE,ATL2_WV3_S1_R1_SS261006101_U03_F50K_v2,TEACHER_P0_W112_D123,CNN,NATIVE_LMS,NATIVE_LMS,0.001,1,2.0,STOPGRAD_NATIVE,GT,MULTISCALE_GNCC_SQUARED,0.01,NATIVE,True,0.0001,1e-05,50000,FRESH,3,HQNR_MAX50,EXACT_FINAL,TEACHER_ONLY,P0,False,False,False,False,W100_COSINE_FULL_BUDGET,NONE,TA2-U03,07 U INPUT / BASE COORDINATES,M07 epsilon+GT 구조; U 입력·base도 native LMS,TA2-M07,PLANNED_NOT_RUN
PANDA_ALIGNER_TEACHER_LMS_GT_S135_20261006_v2,s1,WV3,8,2047,2,261006102,17,P0_CORE,ATL2_WV3_S1_R2_SS261006102_B00_F50K_v2,TEACHER_P0_W112_D123,NONE,NA,BICUBIC_MS,0,1,2.0,STOPGRAD_NATIVE,NONE,MULTISCALE_GNCC_SQUARED,0,NATIVE,False,0.0001,0,50000,FRESH,3,HQNR_MAX50,EXACT_FINAL,TEACHER_ONLY,P0,False,False,False,False,W100_COSINE_FULL_BUDGET,NONE,TA2-B00,01 NO-ALIGNER / FIXED SHIFT,무정합 U-Net 재학습; sampler bypass,,PLANNED_NOT_RUN
PANDA_ALIGNER_TEACHER_LMS_GT_S135_20261006_v2,s1,WV3,8,2047,2,261006102,18,P0_CORE,ATL2_WV3_S1_R2_SS261006102_U03_F50K_v2,TEACHER_P0_W112_D123,CNN,NATIVE_LMS,NATIVE_LMS,0.001,1,2.0,STOPGRAD_NATIVE,GT,MULTISCALE_GNCC_SQUARED,0.01,NATIVE,True,0.0001,1e-05,50000,FRESH,3,HQNR_MAX50,EXACT_FINAL,TEACHER_ONLY,P0,False,False,False,False,W100_COSINE_FULL_BUDGET,NONE,TA2-U03,07 U INPUT / BASE COORDINATES,M07 epsilon+GT 구조; U 입력·base도 native LMS,TA2-M07,PLANNED_NOT_RUN
PANDA_ALIGNER_TEACHER_LMS_GT_S135_20261006_v2,s1,WV3,8,2047,2,261006102,19,P0_CORE,ATL2_WV3_S1_R2_SS261006102_U00_F50K_v2,TEACHER_P0_W112_D123,NONE,NA,NATIVE_LMS,0,1,2.0,STOPGRAD_NATIVE,NONE,MULTISCALE_GNCC_SQUARED,0,NATIVE,False,0.0001,0,50000,FRESH,3,HQNR_MAX50,EXACT_FINAL,TEACHER_ONLY,P0,False,False,False,False,W100_COSINE_FULL_BUDGET,NONE,TA2-U00,07 U INPUT / BASE COORDINATES,B00 U 입력·residual base도 native LMS로 변경,TA2-B00,PLANNED_NOT_RUN
PANDA_ALIGNER_TEACHER_LMS_GT_S135_20261006_v2,s1,WV3,8,2047,2,261006102,20,P0_CORE,ATL2_WV3_S1_R2_SS261006102_M07_F50K_v2,TEACHER_P0_W112_D123,CNN,NATIVE_LMS,BICUBIC_MS,0.001,1,2.0,STOPGRAD_NATIVE,GT,MULTISCALE_GNCC_SQUARED,0.01,NATIVE,True,0.0001,1e-05,50000,FRESH,3,HQNR_MAX50,EXACT_FINAL,TEACHER_ONLY,P0,False,False,False,False,W100_COSINE_FULL_BUDGET,NONE,TA2-M07,02 REFERENCE × EPSILON × STRUCTURE,NATIVE_LMS A 입력 | rec + epsilon + GT 구조 정합,TA2-M03,PLANNED_NOT_RUN
PANDA_ALIGNER_TEACHER_LMS_GT_S135_20261006_v2,s1,WV3,8,2047,2,261006102,21,P0_CORE,ATL2_WV3_S1_R2_SS261006102_M06_F50K_v2,TEACHER_P0_W112_D123,CNN,NATIVE_LMS,BICUBIC_MS,0,1,2.0,STOPGRAD_NATIVE,GT,MULTISCALE_GNCC_SQUARED,0.01,NATIVE,True,0.0001,1e-05,50000,FRESH,3,HQNR_MAX50,EXACT_FINAL,TEACHER_ONLY,P0,False,False,False,False,W100_COSINE_FULL_BUDGET,NONE,TA2-M06,02 REFERENCE × EPSILON × STRUCTURE,NATIVE_LMS A 입력 | rec + no epsilon + GT 구조 정합,TA2-M02,PLANNED_NOT_RUN
PANDA_ALIGNER_TEACHER_LMS_GT_S135_20261006_v2,s1,WV3,8,2047,2,261006102,22,P0_CORE,ATL2_WV3_S1_R2_SS261006102_M05_F50K_v2,TEACHER_P0_W112_D123,CNN,NATIVE_LMS,BICUBIC_MS,0.001,1,2.0,STOPGRAD_NATIVE,NONE,MULTISCALE_GNCC_SQUARED,0,NATIVE,True,0.0001,1e-05,50000,FRESH,3,HQNR_MAX50,EXACT_FINAL,TEACHER_ONLY,P0,False,False,False,False,W100_COSINE_FULL_BUDGET,NONE,TA2-M05,02 REFERENCE × EPSILON × STRUCTURE,NATIVE_LMS A 입력 | rec + epsilon + no direct structure,TA2-M01,PLANNED_NOT_RUN
PANDA_ALIGNER_TEACHER_LMS_GT_S135_20261006_v2,s1,WV3,8,2047,2,261006102,23,P0_CORE,ATL2_WV3_S1_R2_SS261006102_M04_F50K_v2,TEACHER_P0_W112_D123,CNN,NATIVE_LMS,BICUBIC_MS,0,1,2.0,STOPGRAD_NATIVE,NONE,MULTISCALE_GNCC_SQUARED,0,NATIVE,True,0.0001,1e-05,50000,FRESH,3,HQNR_MAX50,EXACT_FINAL,TEACHER_ONLY,P0,False,False,False,False,W100_COSINE_FULL_BUDGET,NONE,TA2-M04,02 REFERENCE × EPSILON × STRUCTURE,NATIVE_LMS A 입력 | rec + no epsilon + no direct structure,TA2-M00,PLANNED_NOT_RUN
PANDA_ALIGNER_TEACHER_LMS_GT_S135_20261006_v2,s1,WV3,8,2047,2,261006102,24,P0_CORE,ATL2_WV3_S1_R2_SS261006102_M03_F50K_v2,TEACHER_P0_W112_D123,CNN,BICUBIC_MS,BICUBIC_MS,0.001,1,2.0,STOPGRAD_NATIVE,GT,MULTISCALE_GNCC_SQUARED,0.01,NATIVE,True,0.0001,1e-05,50000,FRESH,3,HQNR_MAX50,EXACT_FINAL,TEACHER_ONLY,P0,False,False,False,False,W100_COSINE_FULL_BUDGET,NONE,TA2-M03,02 REFERENCE × EPSILON × STRUCTURE,BICUBIC_MS A 입력 | rec + epsilon + GT 구조 정합,TA2-M00,PLANNED_NOT_RUN
PANDA_ALIGNER_TEACHER_LMS_GT_S135_20261006_v2,s1,WV3,8,2047,2,261006102,25,P0_CORE,ATL2_WV3_S1_R2_SS261006102_M02_F50K_v2,TEACHER_P0_W112_D123,CNN,BICUBIC_MS,BICUBIC_MS,0,1,2.0,STOPGRAD_NATIVE,GT,MULTISCALE_GNCC_SQUARED,0.01,NATIVE,True,0.0001,1e-05,50000,FRESH,3,HQNR_MAX50,EXACT_FINAL,TEACHER_ONLY,P0,False,False,False,False,W100_COSINE_FULL_BUDGET,NONE,TA2-M02,02 REFERENCE × EPSILON × STRUCTURE,BICUBIC_MS A 입력 | rec + no epsilon + GT 구조 정합,TA2-M00,PLANNED_NOT_RUN
PANDA_ALIGNER_TEACHER_LMS_GT_S135_20261006_v2,s1,WV3,8,2047,2,261006102,26,P0_CORE,ATL2_WV3_S1_R2_SS261006102_M01_F50K_v2,TEACHER_P0_W112_D123,CNN,BICUBIC_MS,BICUBIC_MS,0.001,1,2.0,STOPGRAD_NATIVE,NONE,MULTISCALE_GNCC_SQUARED,0,NATIVE,True,0.0001,1e-05,50000,FRESH,3,HQNR_MAX50,EXACT_FINAL,TEACHER_ONLY,P0,False,False,False,False,W100_COSINE_FULL_BUDGET,NONE,TA2-M01,02 REFERENCE × EPSILON × STRUCTURE,BICUBIC_MS A 입력 | rec + epsilon + no direct structure,TA2-M00,PLANNED_NOT_RUN
PANDA_ALIGNER_TEACHER_LMS_GT_S135_20261006_v2,s1,WV3,8,2047,2,261006102,27,P0_CORE,ATL2_WV3_S1_R2_SS261006102_M00_F50K_v2,TEACHER_P0_W112_D123,CNN,BICUBIC_MS,BICUBIC_MS,0,1,2.0,STOPGRAD_NATIVE,NONE,MULTISCALE_GNCC_SQUARED,0,NATIVE,True,0.0001,1e-05,50000,FRESH,3,HQNR_MAX50,EXACT_FINAL,TEACHER_ONLY,P0,False,False,False,False,W100_COSINE_FULL_BUDGET,NONE,TA2-M00,02 REFERENCE × EPSILON × STRUCTURE,BICUBIC_MS A 입력 | rec + no epsilon + no direct structure,TA2-B00,PLANNED_NOT_RUN
PANDA_ALIGNER_TEACHER_LMS_GT_S135_20261006_v2,s1,WV3,8,2047,2,261006102,28,P0_CORE,ATL2_WV3_S1_R2_SS261006102_B07_F50K_v2,TEACHER_P0_W112_D123,LEARNED_GLOBAL_2VECTOR,NA,BICUBIC_MS,0,1,2.0,STOPGRAD_NATIVE,NONE,MULTISCALE_GNCC_SQUARED,0,NATIVE,True,0.0001,1e-05,50000,FRESH,3,HQNR_MAX50,EXACT_FINAL,TEACHER_ONLY,P0,False,False,False,False,W100_COSINE_FULL_BUDGET,2_PARAMETERS_CANONICAL_FRAME,TA2-B07,01 NO-ALIGNER / FIXED SHIFT,CNN 없이 학습 가능한 전역 2변수 shift + U-Net,TA2-B00,PLANNED_NOT_RUN
PANDA_ALIGNER_TEACHER_LMS_GT_S135_20261006_v2,s1,WV3,8,2047,2,261006102,29,P0_CORE,ATL2_WV3_S1_R2_SS261006102_B05_F50K_v2,TEACHER_P0_W112_D123,PER_IMAGE_BIC_GRAD_FIXED,BICUBIC_MS,BICUBIC_MS,0,1,2.0,STOPGRAD_NATIVE,NONE,MULTISCALE_GNCC_SQUARED,0,NATIVE,False,0.0001,0,50000,FRESH,3,HQNR_MAX50,EXACT_FINAL,TEACHER_ONLY,P0,False,False,False,False,W100_COSINE_FULL_BUDGET,NONE,TA2-B05,01 NO-ALIGNER / FIXED SHIFT,영상별 PAN-bicubic MS 등록 shift 고정,TA2-B03,PLANNED_NOT_RUN
PANDA_ALIGNER_TEACHER_LMS_GT_S135_20261006_v2,s1,WV3,8,2047,2,261006102,30,P0_CORE,ATL2_WV3_S1_R2_SS261006102_B04_F50K_v2,TEACHER_P0_W112_D123,PER_IMAGE_LMS_INT_FIXED,NATIVE_LMS,BICUBIC_MS,0,1,2.0,STOPGRAD_NATIVE,NONE,MULTISCALE_GNCC_SQUARED,0,NATIVE,False,0.0001,0,50000,FRESH,3,HQNR_MAX50,EXACT_FINAL,TEACHER_ONLY,P0,False,False,False,False,W100_COSINE_FULL_BUDGET,NONE,TA2-B04,01 NO-ALIGNER / FIXED SHIFT,영상별 PAN-LMS intensity 등록 shift 고정 후 U 학습,TA2-B03,PLANNED_NOT_RUN
PANDA_ALIGNER_TEACHER_LMS_GT_S135_20261006_v2,s1,WV3,8,2047,2,261006102,31,P0_CORE,ATL2_WV3_S1_R2_SS261006102_B03_F50K_v2,TEACHER_P0_W112_D123,PER_IMAGE_LMS_GRAD_FIXED,NATIVE_LMS,BICUBIC_MS,0,1,2.0,STOPGRAD_NATIVE,NONE,MULTISCALE_GNCC_SQUARED,0,NATIVE,False,0.0001,0,50000,FRESH,3,HQNR_MAX50,EXACT_FINAL,TEACHER_ONLY,P0,False,False,False,False,W100_COSINE_FULL_BUDGET,NONE,TA2-B03,01 NO-ALIGNER / FIXED SHIFT,영상별 PAN-LMS gradient 등록 shift 고정 후 U 학습,TA2-B00,PLANNED_NOT_RUN
PANDA_ALIGNER_TEACHER_LMS_GT_S135_20261006_v2,s1,WV3,8,2047,2,261006102,32,P0_CORE,ATL2_WV3_S1_R2_SS261006102_B02_F50K_v2,TEACHER_P0_W112_D123,TRAIN_GLOBAL_MEDIAN,NATIVE_LMS,BICUBIC_MS,0,1,2.0,STOPGRAD_NATIVE,NONE,MULTISCALE_GNCC_SQUARED,0,NATIVE,False,0.0001,0,50000,FRESH,3,HQNR_MAX50,EXACT_FINAL,TEACHER_ONLY,P0,False,False,False,False,W100_COSINE_FULL_BUDGET,NONE,TA2-B02,01 NO-ALIGNER / FIXED SHIFT,학습 split의 사전 LMS 추정치 중앙값 하나 고정,TA2-B00,PLANNED_NOT_RUN
PANDA_ALIGNER_TEACHER_LMS_GT_S135_20261006_v2,s1,WV3,8,2047,3,261006103,33,P0_CORE,ATL2_WV3_S1_R3_SS261006103_B03_F50K_v2,TEACHER_P0_W112_D123,PER_IMAGE_LMS_GRAD_FIXED,NATIVE_LMS,BICUBIC_MS,0,1,2.0,STOPGRAD_NATIVE,NONE,MULTISCALE_GNCC_SQUARED,0,NATIVE,False,0.0001,0,50000,FRESH,3,HQNR_MAX50,EXACT_FINAL,TEACHER_ONLY,P0,False,False,False,False,W100_COSINE_FULL_BUDGET,NONE,TA2-B03,01 NO-ALIGNER / FIXED SHIFT,영상별 PAN-LMS gradient 등록 shift 고정 후 U 학습,TA2-B00,PLANNED_NOT_RUN
PANDA_ALIGNER_TEACHER_LMS_GT_S135_20261006_v2,s1,WV3,8,2047,3,261006103,34,P0_CORE,ATL2_WV3_S1_R3_SS261006103_B04_F50K_v2,TEACHER_P0_W112_D123,PER_IMAGE_LMS_INT_FIXED,NATIVE_LMS,BICUBIC_MS,0,1,2.0,STOPGRAD_NATIVE,NONE,MULTISCALE_GNCC_SQUARED,0,NATIVE,False,0.0001,0,50000,FRESH,3,HQNR_MAX50,EXACT_FINAL,TEACHER_ONLY,P0,False,False,False,False,W100_COSINE_FULL_BUDGET,NONE,TA2-B04,01 NO-ALIGNER / FIXED SHIFT,영상별 PAN-LMS intensity 등록 shift 고정 후 U 학습,TA2-B03,PLANNED_NOT_RUN
PANDA_ALIGNER_TEACHER_LMS_GT_S135_20261006_v2,s1,WV3,8,2047,3,261006103,35,P0_CORE,ATL2_WV3_S1_R3_SS261006103_B05_F50K_v2,TEACHER_P0_W112_D123,PER_IMAGE_BIC_GRAD_FIXED,BICUBIC_MS,BICUBIC_MS,0,1,2.0,STOPGRAD_NATIVE,NONE,MULTISCALE_GNCC_SQUARED,0,NATIVE,False,0.0001,0,50000,FRESH,3,HQNR_MAX50,EXACT_FINAL,TEACHER_ONLY,P0,False,False,False,False,W100_COSINE_FULL_BUDGET,NONE,TA2-B05,01 NO-ALIGNER / FIXED SHIFT,영상별 PAN-bicubic MS 등록 shift 고정,TA2-B03,PLANNED_NOT_RUN
PANDA_ALIGNER_TEACHER_LMS_GT_S135_20261006_v2,s1,WV3,8,2047,3,261006103,36,P0_CORE,ATL2_WV3_S1_R3_SS261006103_B07_F50K_v2,TEACHER_P0_W112_D123,LEARNED_GLOBAL_2VECTOR,NA,BICUBIC_MS,0,1,2.0,STOPGRAD_NATIVE,NONE,MULTISCALE_GNCC_SQUARED,0,NATIVE,True,0.0001,1e-05,50000,FRESH,3,HQNR_MAX50,EXACT_FINAL,TEACHER_ONLY,P0,False,False,False,False,W100_COSINE_FULL_BUDGET,2_PARAMETERS_CANONICAL_FRAME,TA2-B07,01 NO-ALIGNER / FIXED SHIFT,CNN 없이 학습 가능한 전역 2변수 shift + U-Net,TA2-B00,PLANNED_NOT_RUN
PANDA_ALIGNER_TEACHER_LMS_GT_S135_20261006_v2,s1,WV3,8,2047,3,261006103,37,P0_CORE,ATL2_WV3_S1_R3_SS261006103_M00_F50K_v2,TEACHER_P0_W112_D123,CNN,BICUBIC_MS,BICUBIC_MS,0,1,2.0,STOPGRAD_NATIVE,NONE,MULTISCALE_GNCC_SQUARED,0,NATIVE,True,0.0001,1e-05,50000,FRESH,3,HQNR_MAX50,EXACT_FINAL,TEACHER_ONLY,P0,False,False,False,False,W100_COSINE_FULL_BUDGET,NONE,TA2-M00,02 REFERENCE × EPSILON × STRUCTURE,BICUBIC_MS A 입력 | rec + no epsilon + no direct structure,TA2-B00,PLANNED_NOT_RUN
PANDA_ALIGNER_TEACHER_LMS_GT_S135_20261006_v2,s1,WV3,8,2047,3,261006103,38,P0_CORE,ATL2_WV3_S1_R3_SS261006103_M01_F50K_v2,TEACHER_P0_W112_D123,CNN,BICUBIC_MS,BICUBIC_MS,0.001,1,2.0,STOPGRAD_NATIVE,NONE,MULTISCALE_GNCC_SQUARED,0,NATIVE,True,0.0001,1e-05,50000,FRESH,3,HQNR_MAX50,EXACT_FINAL,TEACHER_ONLY,P0,False,False,False,False,W100_COSINE_FULL_BUDGET,NONE,TA2-M01,02 REFERENCE × EPSILON × STRUCTURE,BICUBIC_MS A 입력 | rec + epsilon + no direct structure,TA2-M00,PLANNED_NOT_RUN
PANDA_ALIGNER_TEACHER_LMS_GT_S135_20261006_v2,s1,WV3,8,2047,3,261006103,39,P0_CORE,ATL2_WV3_S1_R3_SS261006103_M02_F50K_v2,TEACHER_P0_W112_D123,CNN,BICUBIC_MS,BICUBIC_MS,0,1,2.0,STOPGRAD_NATIVE,GT,MULTISCALE_GNCC_SQUARED,0.01,NATIVE,True,0.0001,1e-05,50000,FRESH,3,HQNR_MAX50,EXACT_FINAL,TEACHER_ONLY,P0,False,False,False,False,W100_COSINE_FULL_BUDGET,NONE,TA2-M02,02 REFERENCE × EPSILON × STRUCTURE,BICUBIC_MS A 입력 | rec + no epsilon + GT 구조 정합,TA2-M00,PLANNED_NOT_RUN
PANDA_ALIGNER_TEACHER_LMS_GT_S135_20261006_v2,s1,WV3,8,2047,3,261006103,40,P0_CORE,ATL2_WV3_S1_R3_SS261006103_M03_F50K_v2,TEACHER_P0_W112_D123,CNN,BICUBIC_MS,BICUBIC_MS,0.001,1,2.0,STOPGRAD_NATIVE,GT,MULTISCALE_GNCC_SQUARED,0.01,NATIVE,True,0.0001,1e-05,50000,FRESH,3,HQNR_MAX50,EXACT_FINAL,TEACHER_ONLY,P0,False,False,False,False,W100_COSINE_FULL_BUDGET,NONE,TA2-M03,02 REFERENCE × EPSILON × STRUCTURE,BICUBIC_MS A 입력 | rec + epsilon + GT 구조 정합,TA2-M00,PLANNED_NOT_RUN
PANDA_ALIGNER_TEACHER_LMS_GT_S135_20261006_v2,s1,WV3,8,2047,3,261006103,41,P0_CORE,ATL2_WV3_S1_R3_SS261006103_M04_F50K_v2,TEACHER_P0_W112_D123,CNN,NATIVE_LMS,BICUBIC_MS,0,1,2.0,STOPGRAD_NATIVE,NONE,MULTISCALE_GNCC_SQUARED,0,NATIVE,True,0.0001,1e-05,50000,FRESH,3,HQNR_MAX50,EXACT_FINAL,TEACHER_ONLY,P0,False,False,False,False,W100_COSINE_FULL_BUDGET,NONE,TA2-M04,02 REFERENCE × EPSILON × STRUCTURE,NATIVE_LMS A 입력 | rec + no epsilon + no direct structure,TA2-M00,PLANNED_NOT_RUN
PANDA_ALIGNER_TEACHER_LMS_GT_S135_20261006_v2,s1,WV3,8,2047,3,261006103,42,P0_CORE,ATL2_WV3_S1_R3_SS261006103_M05_F50K_v2,TEACHER_P0_W112_D123,CNN,NATIVE_LMS,BICUBIC_MS,0.001,1,2.0,STOPGRAD_NATIVE,NONE,MULTISCALE_GNCC_SQUARED,0,NATIVE,True,0.0001,1e-05,50000,FRESH,3,HQNR_MAX50,EXACT_FINAL,TEACHER_ONLY,P0,False,False,False,False,W100_COSINE_FULL_BUDGET,NONE,TA2-M05,02 REFERENCE × EPSILON × STRUCTURE,NATIVE_LMS A 입력 | rec + epsilon + no direct structure,TA2-M01,PLANNED_NOT_RUN
PANDA_ALIGNER_TEACHER_LMS_GT_S135_20261006_v2,s1,WV3,8,2047,3,261006103,43,P0_CORE,ATL2_WV3_S1_R3_SS261006103_M06_F50K_v2,TEACHER_P0_W112_D123,CNN,NATIVE_LMS,BICUBIC_MS,0,1,2.0,STOPGRAD_NATIVE,GT,MULTISCALE_GNCC_SQUARED,0.01,NATIVE,True,0.0001,1e-05,50000,FRESH,3,HQNR_MAX50,EXACT_FINAL,TEACHER_ONLY,P0,False,False,False,False,W100_COSINE_FULL_BUDGET,NONE,TA2-M06,02 REFERENCE × EPSILON × STRUCTURE,NATIVE_LMS A 입력 | rec + no epsilon + GT 구조 정합,TA2-M02,PLANNED_NOT_RUN
PANDA_ALIGNER_TEACHER_LMS_GT_S135_20261006_v2,s1,WV3,8,2047,3,261006103,44,P0_CORE,ATL2_WV3_S1_R3_SS261006103_M07_F50K_v2,TEACHER_P0_W112_D123,CNN,NATIVE_LMS,BICUBIC_MS,0.001,1,2.0,STOPGRAD_NATIVE,GT,MULTISCALE_GNCC_SQUARED,0.01,NATIVE,True,0.0001,1e-05,50000,FRESH,3,HQNR_MAX50,EXACT_FINAL,TEACHER_ONLY,P0,False,False,False,False,W100_COSINE_FULL_BUDGET,NONE,TA2-M07,02 REFERENCE × EPSILON × STRUCTURE,NATIVE_LMS A 입력 | rec + epsilon + GT 구조 정합,TA2-M03,PLANNED_NOT_RUN
PANDA_ALIGNER_TEACHER_LMS_GT_S135_20261006_v2,s1,WV3,8,2047,3,261006103,45,P0_CORE,ATL2_WV3_S1_R3_SS261006103_U00_F50K_v2,TEACHER_P0_W112_D123,NONE,NA,NATIVE_LMS,0,1,2.0,STOPGRAD_NATIVE,NONE,MULTISCALE_GNCC_SQUARED,0,NATIVE,False,0.0001,0,50000,FRESH,3,HQNR_MAX50,EXACT_FINAL,TEACHER_ONLY,P0,False,False,False,False,W100_COSINE_FULL_BUDGET,NONE,TA2-U00,07 U INPUT / BASE COORDINATES,B00 U 입력·residual base도 native LMS로 변경,TA2-B00,PLANNED_NOT_RUN
PANDA_ALIGNER_TEACHER_LMS_GT_S135_20261006_v2,s1,WV3,8,2047,3,261006103,46,P0_CORE,ATL2_WV3_S1_R3_SS261006103_U03_F50K_v2,TEACHER_P0_W112_D123,CNN,NATIVE_LMS,NATIVE_LMS,0.001,1,2.0,STOPGRAD_NATIVE,GT,MULTISCALE_GNCC_SQUARED,0.01,NATIVE,True,0.0001,1e-05,50000,FRESH,3,HQNR_MAX50,EXACT_FINAL,TEACHER_ONLY,P0,False,False,False,False,W100_COSINE_FULL_BUDGET,NONE,TA2-U03,07 U INPUT / BASE COORDINATES,M07 epsilon+GT 구조; U 입력·base도 native LMS,TA2-M07,PLANNED_NOT_RUN
PANDA_ALIGNER_TEACHER_LMS_GT_S135_20261006_v2,s1,WV3,8,2047,3,261006103,47,P0_CORE,ATL2_WV3_S1_R3_SS261006103_B00_F50K_v2,TEACHER_P0_W112_D123,NONE,NA,BICUBIC_MS,0,1,2.0,STOPGRAD_NATIVE,NONE,MULTISCALE_GNCC_SQUARED,0,NATIVE,False,0.0001,0,50000,FRESH,3,HQNR_MAX50,EXACT_FINAL,TEACHER_ONLY,P0,False,False,False,False,W100_COSINE_FULL_BUDGET,NONE,TA2-B00,01 NO-ALIGNER / FIXED SHIFT,무정합 U-Net 재학습; sampler bypass,,PLANNED_NOT_RUN
PANDA_ALIGNER_TEACHER_LMS_GT_S135_20261006_v2,s1,WV3,8,2047,3,261006103,48,P0_CORE,ATL2_WV3_S1_R3_SS261006103_B02_F50K_v2,TEACHER_P0_W112_D123,TRAIN_GLOBAL_MEDIAN,NATIVE_LMS,BICUBIC_MS,0,1,2.0,STOPGRAD_NATIVE,NONE,MULTISCALE_GNCC_SQUARED,0,NATIVE,False,0.0001,0,50000,FRESH,3,HQNR_MAX50,EXACT_FINAL,TEACHER_ONLY,P0,False,False,False,False,W100_COSINE_FULL_BUDGET,NONE,TA2-B02,01 NO-ALIGNER / FIXED SHIFT,학습 split의 사전 LMS 추정치 중앙값 하나 고정,TA2-B00,PLANNED_NOT_RUN
PANDA_ALIGNER_TEACHER_LMS_GT_S135_20261006_v2,s1,WV3,8,2047,1,261006101,49,01 NO-ALIGNER / FIXED SHIFT,ATL2_WV3_S1_R1_SS261006101_B01_F50K_v2,TEACHER_P0_W112_D123,ZERO_WARP,NA,BICUBIC_MS,0,1,2.0,STOPGRAD_NATIVE,NONE,MULTISCALE_GNCC_SQUARED,0,NATIVE,False,0.0001,0,50000,FRESH,3,HQNR_MAX50,EXACT_FINAL,TEACHER_ONLY,P0,False,False,False,False,W100_COSINE_FULL_BUDGET,NONE,TA2-B01,01 NO-ALIGNER / FIXED SHIFT,zero shift sampler; 항등 resampling 대조,TA2-B00,PLANNED_NOT_RUN
PANDA_ALIGNER_TEACHER_LMS_GT_S135_20261006_v2,s1,WV3,8,2047,1,261006101,50,01 NO-ALIGNER / FIXED SHIFT,ATL2_WV3_S1_R1_SS261006101_B06_F50K_v2,TEACHER_P0_W112_D123,PER_IMAGE_GT_TRAIN_LMS_EVAL,NATIVE_LMS,BICUBIC_MS,0,1,2.0,STOPGRAD_NATIVE,NONE,MULTISCALE_GNCC_SQUARED,0,NATIVE,False,0.0001,0,50000,FRESH,3,HQNR_MAX50,EXACT_FINAL,TEACHER_ONLY,P0,False,False,False,False,W100_COSINE_FULL_BUDGET,PRIVILEGED_TRAIN_PROXY_NOT_GT_AT_INFERENCE,TA2-B06,01 NO-ALIGNER / FIXED SHIFT,train GT로 사전 shift; val/RR/FR 적용 shift는 LMS만,TA2-B03,PLANNED_NOT_RUN
PANDA_ALIGNER_TEACHER_LMS_GT_S135_20261006_v2,s1,WV3,8,2047,1,261006101,51,01 NO-ALIGNER / FIXED SHIFT,ATL2_WV3_S1_R1_SS261006101_B08_F50K_v2,TEACHER_P0_W112_D123,PER_IMAGE_LMS_SHUFFLED,NATIVE_LMS,BICUBIC_MS,0,1,2.0,STOPGRAD_NATIVE,NONE,MULTISCALE_GNCC_SQUARED,0,NATIVE,False,0.0001,0,50000,FRESH,3,HQNR_MAX50,EXACT_FINAL,TEACHER_ONLY,P0,False,False,False,False,W100_COSINE_FULL_BUDGET,NONE,TA2-B08,01 NO-ALIGNER / FIXED SHIFT,영상별 사전 LMS shift를 고정 순열로 교환,TA2-B03,PLANNED_NOT_RUN
PANDA_ALIGNER_TEACHER_LMS_GT_S135_20261006_v2,s1,WV3,8,2047,2,261006102,52,01 NO-ALIGNER / FIXED SHIFT,ATL2_WV3_S1_R2_SS261006102_B01_F50K_v2,TEACHER_P0_W112_D123,ZERO_WARP,NA,BICUBIC_MS,0,1,2.0,STOPGRAD_NATIVE,NONE,MULTISCALE_GNCC_SQUARED,0,NATIVE,False,0.0001,0,50000,FRESH,3,HQNR_MAX50,EXACT_FINAL,TEACHER_ONLY,P0,False,False,False,False,W100_COSINE_FULL_BUDGET,NONE,TA2-B01,01 NO-ALIGNER / FIXED SHIFT,zero shift sampler; 항등 resampling 대조,TA2-B00,PLANNED_NOT_RUN
PANDA_ALIGNER_TEACHER_LMS_GT_S135_20261006_v2,s1,WV3,8,2047,2,261006102,53,01 NO-ALIGNER / FIXED SHIFT,ATL2_WV3_S1_R2_SS261006102_B08_F50K_v2,TEACHER_P0_W112_D123,PER_IMAGE_LMS_SHUFFLED,NATIVE_LMS,BICUBIC_MS,0,1,2.0,STOPGRAD_NATIVE,NONE,MULTISCALE_GNCC_SQUARED,0,NATIVE,False,0.0001,0,50000,FRESH,3,HQNR_MAX50,EXACT_FINAL,TEACHER_ONLY,P0,False,False,False,False,W100_COSINE_FULL_BUDGET,NONE,TA2-B08,01 NO-ALIGNER / FIXED SHIFT,영상별 사전 LMS shift를 고정 순열로 교환,TA2-B03,PLANNED_NOT_RUN
PANDA_ALIGNER_TEACHER_LMS_GT_S135_20261006_v2,s1,WV3,8,2047,2,261006102,54,01 NO-ALIGNER / FIXED SHIFT,ATL2_WV3_S1_R2_SS261006102_B06_F50K_v2,TEACHER_P0_W112_D123,PER_IMAGE_GT_TRAIN_LMS_EVAL,NATIVE_LMS,BICUBIC_MS,0,1,2.0,STOPGRAD_NATIVE,NONE,MULTISCALE_GNCC_SQUARED,0,NATIVE,False,0.0001,0,50000,FRESH,3,HQNR_MAX50,EXACT_FINAL,TEACHER_ONLY,P0,False,False,False,False,W100_COSINE_FULL_BUDGET,PRIVILEGED_TRAIN_PROXY_NOT_GT_AT_INFERENCE,TA2-B06,01 NO-ALIGNER / FIXED SHIFT,train GT로 사전 shift; val/RR/FR 적용 shift는 LMS만,TA2-B03,PLANNED_NOT_RUN
PANDA_ALIGNER_TEACHER_LMS_GT_S135_20261006_v2,s1,WV3,8,2047,3,261006103,55,01 NO-ALIGNER / FIXED SHIFT,ATL2_WV3_S1_R3_SS261006103_B08_F50K_v2,TEACHER_P0_W112_D123,PER_IMAGE_LMS_SHUFFLED,NATIVE_LMS,BICUBIC_MS,0,1,2.0,STOPGRAD_NATIVE,NONE,MULTISCALE_GNCC_SQUARED,0,NATIVE,False,0.0001,0,50000,FRESH,3,HQNR_MAX50,EXACT_FINAL,TEACHER_ONLY,P0,False,False,False,False,W100_COSINE_FULL_BUDGET,NONE,TA2-B08,01 NO-ALIGNER / FIXED SHIFT,영상별 사전 LMS shift를 고정 순열로 교환,TA2-B03,PLANNED_NOT_RUN
PANDA_ALIGNER_TEACHER_LMS_GT_S135_20261006_v2,s1,WV3,8,2047,3,261006103,56,01 NO-ALIGNER / FIXED SHIFT,ATL2_WV3_S1_R3_SS261006103_B01_F50K_v2,TEACHER_P0_W112_D123,ZERO_WARP,NA,BICUBIC_MS,0,1,2.0,STOPGRAD_NATIVE,NONE,MULTISCALE_GNCC_SQUARED,0,NATIVE,False,0.0001,0,50000,FRESH,3,HQNR_MAX50,EXACT_FINAL,TEACHER_ONLY,P0,False,False,False,False,W100_COSINE_FULL_BUDGET,NONE,TA2-B01,01 NO-ALIGNER / FIXED SHIFT,zero shift sampler; 항등 resampling 대조,TA2-B00,PLANNED_NOT_RUN
PANDA_ALIGNER_TEACHER_LMS_GT_S135_20261006_v2,s1,WV3,8,2047,3,261006103,57,01 NO-ALIGNER / FIXED SHIFT,ATL2_WV3_S1_R3_SS261006103_B06_F50K_v2,TEACHER_P0_W112_D123,PER_IMAGE_GT_TRAIN_LMS_EVAL,NATIVE_LMS,BICUBIC_MS,0,1,2.0,STOPGRAD_NATIVE,NONE,MULTISCALE_GNCC_SQUARED,0,NATIVE,False,0.0001,0,50000,FRESH,3,HQNR_MAX50,EXACT_FINAL,TEACHER_ONLY,P0,False,False,False,False,W100_COSINE_FULL_BUDGET,PRIVILEGED_TRAIN_PROXY_NOT_GT_AT_INFERENCE,TA2-B06,01 NO-ALIGNER / FIXED SHIFT,train GT로 사전 shift; val/RR/FR 적용 shift는 LMS만,TA2-B03,PLANNED_NOT_RUN
PANDA_ALIGNER_TEACHER_LMS_GT_S135_20261006_v2,s1,WV3,8,2047,1,261006101,58,03 HISTORICAL EPSILON,ATL2_WV3_S1_R1_SS261006101_H00_F50K_v2,TEACHER_P0_W112_D123,CNN,BICUBIC_MS,BICUBIC_MS,0.0001,2,2.0,STOPGRAD_NATIVE,NONE,MULTISCALE_GNCC_SQUARED,0,NATIVE,True,0.0001,1e-05,50000,FRESH,3,HQNR_MAX50,EXACT_FINAL,TEACHER_ONLY,P0,False,False,False,False,W100_COSINE_FULL_BUDGET,NONE,TA2-H00,03 HISTORICAL EPSILON,"기존 bicubic Teacher recipe; epsilon lambda0, 격 update",TA2-M01,PLANNED_NOT_RUN
PANDA_ALIGNER_TEACHER_LMS_GT_S135_20261006_v2,s1,WV3,8,2047,1,261006101,59,03 HISTORICAL EPSILON,ATL2_WV3_S1_R1_SS261006101_H01_F50K_v2,TEACHER_P0_W112_D123,CNN,NATIVE_LMS,BICUBIC_MS,0.0001,2,2.0,STOPGRAD_NATIVE,NONE,MULTISCALE_GNCC_SQUARED,0,NATIVE,True,0.0001,1e-05,50000,FRESH,3,HQNR_MAX50,EXACT_FINAL,TEACHER_ONLY,P0,False,False,False,False,W100_COSINE_FULL_BUDGET,NONE,TA2-H01,03 HISTORICAL EPSILON,H00에서 A 참조만 native LMS,TA2-H00,PLANNED_NOT_RUN
PANDA_ALIGNER_TEACHER_LMS_GT_S135_20261006_v2,s1,WV3,8,2047,2,261006102,60,03 HISTORICAL EPSILON,ATL2_WV3_S1_R2_SS261006102_H00_F50K_v2,TEACHER_P0_W112_D123,CNN,BICUBIC_MS,BICUBIC_MS,0.0001,2,2.0,STOPGRAD_NATIVE,NONE,MULTISCALE_GNCC_SQUARED,0,NATIVE,True,0.0001,1e-05,50000,FRESH,3,HQNR_MAX50,EXACT_FINAL,TEACHER_ONLY,P0,False,False,False,False,W100_COSINE_FULL_BUDGET,NONE,TA2-H00,03 HISTORICAL EPSILON,"기존 bicubic Teacher recipe; epsilon lambda0, 격 update",TA2-M01,PLANNED_NOT_RUN
PANDA_ALIGNER_TEACHER_LMS_GT_S135_20261006_v2,s1,WV3,8,2047,2,261006102,61,03 HISTORICAL EPSILON,ATL2_WV3_S1_R2_SS261006102_H01_F50K_v2,TEACHER_P0_W112_D123,CNN,NATIVE_LMS,BICUBIC_MS,0.0001,2,2.0,STOPGRAD_NATIVE,NONE,MULTISCALE_GNCC_SQUARED,0,NATIVE,True,0.0001,1e-05,50000,FRESH,3,HQNR_MAX50,EXACT_FINAL,TEACHER_ONLY,P0,False,False,False,False,W100_COSINE_FULL_BUDGET,NONE,TA2-H01,03 HISTORICAL EPSILON,H00에서 A 참조만 native LMS,TA2-H00,PLANNED_NOT_RUN
PANDA_ALIGNER_TEACHER_LMS_GT_S135_20261006_v2,s1,WV3,8,2047,3,261006103,62,03 HISTORICAL EPSILON,ATL2_WV3_S1_R3_SS261006103_H00_F50K_v2,TEACHER_P0_W112_D123,CNN,BICUBIC_MS,BICUBIC_MS,0.0001,2,2.0,STOPGRAD_NATIVE,NONE,MULTISCALE_GNCC_SQUARED,0,NATIVE,True,0.0001,1e-05,50000,FRESH,3,HQNR_MAX50,EXACT_FINAL,TEACHER_ONLY,P0,False,False,False,False,W100_COSINE_FULL_BUDGET,NONE,TA2-H00,03 HISTORICAL EPSILON,"기존 bicubic Teacher recipe; epsilon lambda0, 격 update",TA2-M01,PLANNED_NOT_RUN
PANDA_ALIGNER_TEACHER_LMS_GT_S135_20261006_v2,s1,WV3,8,2047,3,261006103,63,03 HISTORICAL EPSILON,ATL2_WV3_S1_R3_SS261006103_H01_F50K_v2,TEACHER_P0_W112_D123,CNN,NATIVE_LMS,BICUBIC_MS,0.0001,2,2.0,STOPGRAD_NATIVE,NONE,MULTISCALE_GNCC_SQUARED,0,NATIVE,True,0.0001,1e-05,50000,FRESH,3,HQNR_MAX50,EXACT_FINAL,TEACHER_ONLY,P0,False,False,False,False,W100_COSINE_FULL_BUDGET,NONE,TA2-H01,03 HISTORICAL EPSILON,H00에서 A 참조만 native LMS,TA2-H00,PLANNED_NOT_RUN
PANDA_ALIGNER_TEACHER_LMS_GT_S135_20261006_v2,s1,WV3,8,2047,1,261006101,64,04 JOINT LOSS GRID,ATL2_WV3_S1_R1_SS261006101_G00_F50K_v2,TEACHER_P0_W112_D123,CNN,NATIVE_LMS,BICUBIC_MS,0.0001,1,2.0,STOPGRAD_NATIVE,GT,MULTISCALE_GNCC_SQUARED,0.001,NATIVE,True,0.0001,1e-05,50000,FRESH,3,HQNR_MAX50,EXACT_FINAL,TEACHER_ONLY,P0,False,False,False,False,W100_COSINE_FULL_BUDGET,NONE,TA2-G00,04 JOINT LOSS GRID,epsilon=0.0001; GT structure=0.001; 3x3 격자,TA2-M07,PLANNED_NOT_RUN
PANDA_ALIGNER_TEACHER_LMS_GT_S135_20261006_v2,s1,WV3,8,2047,1,261006101,65,04 JOINT LOSS GRID,ATL2_WV3_S1_R1_SS261006101_G01_F50K_v2,TEACHER_P0_W112_D123,CNN,NATIVE_LMS,BICUBIC_MS,0.0001,1,2.0,STOPGRAD_NATIVE,GT,MULTISCALE_GNCC_SQUARED,0.01,NATIVE,True,0.0001,1e-05,50000,FRESH,3,HQNR_MAX50,EXACT_FINAL,TEACHER_ONLY,P0,False,False,False,False,W100_COSINE_FULL_BUDGET,NONE,TA2-G01,04 JOINT LOSS GRID,epsilon=0.0001; GT structure=0.01; 3x3 격자,TA2-M07,PLANNED_NOT_RUN
PANDA_ALIGNER_TEACHER_LMS_GT_S135_20261006_v2,s1,WV3,8,2047,1,261006101,66,04 JOINT LOSS GRID,ATL2_WV3_S1_R1_SS261006101_G02_F50K_v2,TEACHER_P0_W112_D123,CNN,NATIVE_LMS,BICUBIC_MS,0.0001,1,2.0,STOPGRAD_NATIVE,GT,MULTISCALE_GNCC_SQUARED,0.1,NATIVE,True,0.0001,1e-05,50000,FRESH,3,HQNR_MAX50,EXACT_FINAL,TEACHER_ONLY,P0,False,False,False,False,W100_COSINE_FULL_BUDGET,NONE,TA2-G02,04 JOINT LOSS GRID,epsilon=0.0001; GT structure=0.1; 3x3 격자,TA2-M07,PLANNED_NOT_RUN
PANDA_ALIGNER_TEACHER_LMS_GT_S135_20261006_v2,s1,WV3,8,2047,1,261006101,67,04 JOINT LOSS GRID,ATL2_WV3_S1_R1_SS261006101_G03_F50K_v2,TEACHER_P0_W112_D123,CNN,NATIVE_LMS,BICUBIC_MS,0.001,1,2.0,STOPGRAD_NATIVE,GT,MULTISCALE_GNCC_SQUARED,0.001,NATIVE,True,0.0001,1e-05,50000,FRESH,3,HQNR_MAX50,EXACT_FINAL,TEACHER_ONLY,P0,False,False,False,False,W100_COSINE_FULL_BUDGET,NONE,TA2-G03,04 JOINT LOSS GRID,epsilon=0.001; GT structure=0.001; 3x3 격자,TA2-M07,PLANNED_NOT_RUN
PANDA_ALIGNER_TEACHER_LMS_GT_S135_20261006_v2,s1,WV3,8,2047,1,261006101,68,04 JOINT LOSS GRID,ATL2_WV3_S1_R1_SS261006101_G05_F50K_v2,TEACHER_P0_W112_D123,CNN,NATIVE_LMS,BICUBIC_MS,0.001,1,2.0,STOPGRAD_NATIVE,GT,MULTISCALE_GNCC_SQUARED,0.1,NATIVE,True,0.0001,1e-05,50000,FRESH,3,HQNR_MAX50,EXACT_FINAL,TEACHER_ONLY,P0,False,False,False,False,W100_COSINE_FULL_BUDGET,NONE,TA2-G05,04 JOINT LOSS GRID,epsilon=0.001; GT structure=0.1; 3x3 격자,TA2-M07,PLANNED_NOT_RUN
PANDA_ALIGNER_TEACHER_LMS_GT_S135_20261006_v2,s1,WV3,8,2047,1,261006101,69,04 JOINT LOSS GRID,ATL2_WV3_S1_R1_SS261006101_G06_F50K_v2,TEACHER_P0_W112_D123,CNN,NATIVE_LMS,BICUBIC_MS,0.01,1,2.0,STOPGRAD_NATIVE,GT,MULTISCALE_GNCC_SQUARED,0.001,NATIVE,True,0.0001,1e-05,50000,FRESH,3,HQNR_MAX50,EXACT_FINAL,TEACHER_ONLY,P0,False,False,False,False,W100_COSINE_FULL_BUDGET,NONE,TA2-G06,04 JOINT LOSS GRID,epsilon=0.01; GT structure=0.001; 3x3 격자,TA2-M07,PLANNED_NOT_RUN
PANDA_ALIGNER_TEACHER_LMS_GT_S135_20261006_v2,s1,WV3,8,2047,1,261006101,70,04 JOINT LOSS GRID,ATL2_WV3_S1_R1_SS261006101_G07_F50K_v2,TEACHER_P0_W112_D123,CNN,NATIVE_LMS,BICUBIC_MS,0.01,1,2.0,STOPGRAD_NATIVE,GT,MULTISCALE_GNCC_SQUARED,0.01,NATIVE,True,0.0001,1e-05,50000,FRESH,3,HQNR_MAX50,EXACT_FINAL,TEACHER_ONLY,P0,False,False,False,False,W100_COSINE_FULL_BUDGET,NONE,TA2-G07,04 JOINT LOSS GRID,epsilon=0.01; GT structure=0.01; 3x3 격자,TA2-M07,PLANNED_NOT_RUN
PANDA_ALIGNER_TEACHER_LMS_GT_S135_20261006_v2,s1,WV3,8,2047,1,261006101,71,04 JOINT LOSS GRID,ATL2_WV3_S1_R1_SS261006101_G08_F50K_v2,TEACHER_P0_W112_D123,CNN,NATIVE_LMS,BICUBIC_MS,0.01,1,2.0,STOPGRAD_NATIVE,GT,MULTISCALE_GNCC_SQUARED,0.1,NATIVE,True,0.0001,1e-05,50000,FRESH,3,HQNR_MAX50,EXACT_FINAL,TEACHER_ONLY,P0,False,False,False,False,W100_COSINE_FULL_BUDGET,NONE,TA2-G08,04 JOINT LOSS GRID,epsilon=0.01; GT structure=0.1; 3x3 격자,TA2-M07,PLANNED_NOT_RUN
PANDA_ALIGNER_TEACHER_LMS_GT_S135_20261006_v2,s1,WV3,8,2047,2,261006102,72,04 JOINT LOSS GRID,ATL2_WV3_S1_R2_SS261006102_G00_F50K_v2,TEACHER_P0_W112_D123,CNN,NATIVE_LMS,BICUBIC_MS,0.0001,1,2.0,STOPGRAD_NATIVE,GT,MULTISCALE_GNCC_SQUARED,0.001,NATIVE,True,0.0001,1e-05,50000,FRESH,3,HQNR_MAX50,EXACT_FINAL,TEACHER_ONLY,P0,False,False,False,False,W100_COSINE_FULL_BUDGET,NONE,TA2-G00,04 JOINT LOSS GRID,epsilon=0.0001; GT structure=0.001; 3x3 격자,TA2-M07,PLANNED_NOT_RUN
PANDA_ALIGNER_TEACHER_LMS_GT_S135_20261006_v2,s1,WV3,8,2047,2,261006102,73,04 JOINT LOSS GRID,ATL2_WV3_S1_R2_SS261006102_G08_F50K_v2,TEACHER_P0_W112_D123,CNN,NATIVE_LMS,BICUBIC_MS,0.01,1,2.0,STOPGRAD_NATIVE,GT,MULTISCALE_GNCC_SQUARED,0.1,NATIVE,True,0.0001,1e-05,50000,FRESH,3,HQNR_MAX50,EXACT_FINAL,TEACHER_ONLY,P0,False,False,False,False,W100_COSINE_FULL_BUDGET,NONE,TA2-G08,04 JOINT LOSS GRID,epsilon=0.01; GT structure=0.1; 3x3 격자,TA2-M07,PLANNED_NOT_RUN
PANDA_ALIGNER_TEACHER_LMS_GT_S135_20261006_v2,s1,WV3,8,2047,2,261006102,74,04 JOINT LOSS GRID,ATL2_WV3_S1_R2_SS261006102_G07_F50K_v2,TEACHER_P0_W112_D123,CNN,NATIVE_LMS,BICUBIC_MS,0.01,1,2.0,STOPGRAD_NATIVE,GT,MULTISCALE_GNCC_SQUARED,0.01,NATIVE,True,0.0001,1e-05,50000,FRESH,3,HQNR_MAX50,EXACT_FINAL,TEACHER_ONLY,P0,False,False,False,False,W100_COSINE_FULL_BUDGET,NONE,TA2-G07,04 JOINT LOSS GRID,epsilon=0.01; GT structure=0.01; 3x3 격자,TA2-M07,PLANNED_NOT_RUN
PANDA_ALIGNER_TEACHER_LMS_GT_S135_20261006_v2,s1,WV3,8,2047,2,261006102,75,04 JOINT LOSS GRID,ATL2_WV3_S1_R2_SS261006102_G06_F50K_v2,TEACHER_P0_W112_D123,CNN,NATIVE_LMS,BICUBIC_MS,0.01,1,2.0,STOPGRAD_NATIVE,GT,MULTISCALE_GNCC_SQUARED,0.001,NATIVE,True,0.0001,1e-05,50000,FRESH,3,HQNR_MAX50,EXACT_FINAL,TEACHER_ONLY,P0,False,False,False,False,W100_COSINE_FULL_BUDGET,NONE,TA2-G06,04 JOINT LOSS GRID,epsilon=0.01; GT structure=0.001; 3x3 격자,TA2-M07,PLANNED_NOT_RUN
PANDA_ALIGNER_TEACHER_LMS_GT_S135_20261006_v2,s1,WV3,8,2047,2,261006102,76,04 JOINT LOSS GRID,ATL2_WV3_S1_R2_SS261006102_G05_F50K_v2,TEACHER_P0_W112_D123,CNN,NATIVE_LMS,BICUBIC_MS,0.001,1,2.0,STOPGRAD_NATIVE,GT,MULTISCALE_GNCC_SQUARED,0.1,NATIVE,True,0.0001,1e-05,50000,FRESH,3,HQNR_MAX50,EXACT_FINAL,TEACHER_ONLY,P0,False,False,False,False,W100_COSINE_FULL_BUDGET,NONE,TA2-G05,04 JOINT LOSS GRID,epsilon=0.001; GT structure=0.1; 3x3 격자,TA2-M07,PLANNED_NOT_RUN
PANDA_ALIGNER_TEACHER_LMS_GT_S135_20261006_v2,s1,WV3,8,2047,2,261006102,77,04 JOINT LOSS GRID,ATL2_WV3_S1_R2_SS261006102_G03_F50K_v2,TEACHER_P0_W112_D123,CNN,NATIVE_LMS,BICUBIC_MS,0.001,1,2.0,STOPGRAD_NATIVE,GT,MULTISCALE_GNCC_SQUARED,0.001,NATIVE,True,0.0001,1e-05,50000,FRESH,3,HQNR_MAX50,EXACT_FINAL,TEACHER_ONLY,P0,False,False,False,False,W100_COSINE_FULL_BUDGET,NONE,TA2-G03,04 JOINT LOSS GRID,epsilon=0.001; GT structure=0.001; 3x3 격자,TA2-M07,PLANNED_NOT_RUN
PANDA_ALIGNER_TEACHER_LMS_GT_S135_20261006_v2,s1,WV3,8,2047,2,261006102,78,04 JOINT LOSS GRID,ATL2_WV3_S1_R2_SS261006102_G02_F50K_v2,TEACHER_P0_W112_D123,CNN,NATIVE_LMS,BICUBIC_MS,0.0001,1,2.0,STOPGRAD_NATIVE,GT,MULTISCALE_GNCC_SQUARED,0.1,NATIVE,True,0.0001,1e-05,50000,FRESH,3,HQNR_MAX50,EXACT_FINAL,TEACHER_ONLY,P0,False,False,False,False,W100_COSINE_FULL_BUDGET,NONE,TA2-G02,04 JOINT LOSS GRID,epsilon=0.0001; GT structure=0.1; 3x3 격자,TA2-M07,PLANNED_NOT_RUN
PANDA_ALIGNER_TEACHER_LMS_GT_S135_20261006_v2,s1,WV3,8,2047,2,261006102,79,04 JOINT LOSS GRID,ATL2_WV3_S1_R2_SS261006102_G01_F50K_v2,TEACHER_P0_W112_D123,CNN,NATIVE_LMS,BICUBIC_MS,0.0001,1,2.0,STOPGRAD_NATIVE,GT,MULTISCALE_GNCC_SQUARED,0.01,NATIVE,True,0.0001,1e-05,50000,FRESH,3,HQNR_MAX50,EXACT_FINAL,TEACHER_ONLY,P0,False,False,False,False,W100_COSINE_FULL_BUDGET,NONE,TA2-G01,04 JOINT LOSS GRID,epsilon=0.0001; GT structure=0.01; 3x3 격자,TA2-M07,PLANNED_NOT_RUN
PANDA_ALIGNER_TEACHER_LMS_GT_S135_20261006_v2,s1,WV3,8,2047,3,261006103,80,04 JOINT LOSS GRID,ATL2_WV3_S1_R3_SS261006103_G02_F50K_v2,TEACHER_P0_W112_D123,CNN,NATIVE_LMS,BICUBIC_MS,0.0001,1,2.0,STOPGRAD_NATIVE,GT,MULTISCALE_GNCC_SQUARED,0.1,NATIVE,True,0.0001,1e-05,50000,FRESH,3,HQNR_MAX50,EXACT_FINAL,TEACHER_ONLY,P0,False,False,False,False,W100_COSINE_FULL_BUDGET,NONE,TA2-G02,04 JOINT LOSS GRID,epsilon=0.0001; GT structure=0.1; 3x3 격자,TA2-M07,PLANNED_NOT_RUN
PANDA_ALIGNER_TEACHER_LMS_GT_S135_20261006_v2,s1,WV3,8,2047,3,261006103,81,04 JOINT LOSS GRID,ATL2_WV3_S1_R3_SS261006103_G03_F50K_v2,TEACHER_P0_W112_D123,CNN,NATIVE_LMS,BICUBIC_MS,0.001,1,2.0,STOPGRAD_NATIVE,GT,MULTISCALE_GNCC_SQUARED,0.001,NATIVE,True,0.0001,1e-05,50000,FRESH,3,HQNR_MAX50,EXACT_FINAL,TEACHER_ONLY,P0,False,False,False,False,W100_COSINE_FULL_BUDGET,NONE,TA2-G03,04 JOINT LOSS GRID,epsilon=0.001; GT structure=0.001; 3x3 격자,TA2-M07,PLANNED_NOT_RUN
PANDA_ALIGNER_TEACHER_LMS_GT_S135_20261006_v2,s1,WV3,8,2047,3,261006103,82,04 JOINT LOSS GRID,ATL2_WV3_S1_R3_SS261006103_G05_F50K_v2,TEACHER_P0_W112_D123,CNN,NATIVE_LMS,BICUBIC_MS,0.001,1,2.0,STOPGRAD_NATIVE,GT,MULTISCALE_GNCC_SQUARED,0.1,NATIVE,True,0.0001,1e-05,50000,FRESH,3,HQNR_MAX50,EXACT_FINAL,TEACHER_ONLY,P0,False,False,False,False,W100_COSINE_FULL_BUDGET,NONE,TA2-G05,04 JOINT LOSS GRID,epsilon=0.001; GT structure=0.1; 3x3 격자,TA2-M07,PLANNED_NOT_RUN
PANDA_ALIGNER_TEACHER_LMS_GT_S135_20261006_v2,s1,WV3,8,2047,3,261006103,83,04 JOINT LOSS GRID,ATL2_WV3_S1_R3_SS261006103_G06_F50K_v2,TEACHER_P0_W112_D123,CNN,NATIVE_LMS,BICUBIC_MS,0.01,1,2.0,STOPGRAD_NATIVE,GT,MULTISCALE_GNCC_SQUARED,0.001,NATIVE,True,0.0001,1e-05,50000,FRESH,3,HQNR_MAX50,EXACT_FINAL,TEACHER_ONLY,P0,False,False,False,False,W100_COSINE_FULL_BUDGET,NONE,TA2-G06,04 JOINT LOSS GRID,epsilon=0.01; GT structure=0.001; 3x3 격자,TA2-M07,PLANNED_NOT_RUN
PANDA_ALIGNER_TEACHER_LMS_GT_S135_20261006_v2,s1,WV3,8,2047,3,261006103,84,04 JOINT LOSS GRID,ATL2_WV3_S1_R3_SS261006103_G07_F50K_v2,TEACHER_P0_W112_D123,CNN,NATIVE_LMS,BICUBIC_MS,0.01,1,2.0,STOPGRAD_NATIVE,GT,MULTISCALE_GNCC_SQUARED,0.01,NATIVE,True,0.0001,1e-05,50000,FRESH,3,HQNR_MAX50,EXACT_FINAL,TEACHER_ONLY,P0,False,False,False,False,W100_COSINE_FULL_BUDGET,NONE,TA2-G07,04 JOINT LOSS GRID,epsilon=0.01; GT structure=0.01; 3x3 격자,TA2-M07,PLANNED_NOT_RUN
PANDA_ALIGNER_TEACHER_LMS_GT_S135_20261006_v2,s1,WV3,8,2047,3,261006103,85,04 JOINT LOSS GRID,ATL2_WV3_S1_R3_SS261006103_G08_F50K_v2,TEACHER_P0_W112_D123,CNN,NATIVE_LMS,BICUBIC_MS,0.01,1,2.0,STOPGRAD_NATIVE,GT,MULTISCALE_GNCC_SQUARED,0.1,NATIVE,True,0.0001,1e-05,50000,FRESH,3,HQNR_MAX50,EXACT_FINAL,TEACHER_ONLY,P0,False,False,False,False,W100_COSINE_FULL_BUDGET,NONE,TA2-G08,04 JOINT LOSS GRID,epsilon=0.01; GT structure=0.1; 3x3 격자,TA2-M07,PLANNED_NOT_RUN
PANDA_ALIGNER_TEACHER_LMS_GT_S135_20261006_v2,s1,WV3,8,2047,3,261006103,86,04 JOINT LOSS GRID,ATL2_WV3_S1_R3_SS261006103_G00_F50K_v2,TEACHER_P0_W112_D123,CNN,NATIVE_LMS,BICUBIC_MS,0.0001,1,2.0,STOPGRAD_NATIVE,GT,MULTISCALE_GNCC_SQUARED,0.001,NATIVE,True,0.0001,1e-05,50000,FRESH,3,HQNR_MAX50,EXACT_FINAL,TEACHER_ONLY,P0,False,False,False,False,W100_COSINE_FULL_BUDGET,NONE,TA2-G00,04 JOINT LOSS GRID,epsilon=0.0001; GT structure=0.001; 3x3 격자,TA2-M07,PLANNED_NOT_RUN
PANDA_ALIGNER_TEACHER_LMS_GT_S135_20261006_v2,s1,WV3,8,2047,3,261006103,87,04 JOINT LOSS GRID,ATL2_WV3_S1_R3_SS261006103_G01_F50K_v2,TEACHER_P0_W112_D123,CNN,NATIVE_LMS,BICUBIC_MS,0.0001,1,2.0,STOPGRAD_NATIVE,GT,MULTISCALE_GNCC_SQUARED,0.01,NATIVE,True,0.0001,1e-05,50000,FRESH,3,HQNR_MAX50,EXACT_FINAL,TEACHER_ONLY,P0,False,False,False,False,W100_COSINE_FULL_BUDGET,NONE,TA2-G01,04 JOINT LOSS GRID,epsilon=0.0001; GT structure=0.01; 3x3 격자,TA2-M07,PLANNED_NOT_RUN
PANDA_ALIGNER_TEACHER_LMS_GT_S135_20261006_v2,s1,WV3,8,2047,1,261006101,88,05 STRUCTURAL SIGNAL,ATL2_WV3_S1_R1_SS261006101_S00_F50K_v2,TEACHER_P0_W112_D123,CNN,NATIVE_LMS,BICUBIC_MS,0.001,1,2.0,STOPGRAD_NATIVE,NATIVE_LMS,MULTISCALE_GNCC_SQUARED,0.01,NATIVE,True,0.0001,1e-05,50000,FRESH,3,HQNR_MAX50,EXACT_FINAL,TEACHER_ONLY,P0,False,False,False,False,W100_COSINE_FULL_BUDGET,NONE,TA2-S00,05 STRUCTURAL SIGNAL,GT 대신 native LMS에 직접 구조 정합; 같은 descriptor,TA2-M07,PLANNED_NOT_RUN
PANDA_ALIGNER_TEACHER_LMS_GT_S135_20261006_v2,s1,WV3,8,2047,1,261006101,89,05 STRUCTURAL SIGNAL,ATL2_WV3_S1_R1_SS261006101_S01_F50K_v2,TEACHER_P0_W112_D123,CNN,NATIVE_LMS,BICUBIC_MS,0.001,1,2.0,STOPGRAD_NATIVE,HALF_GT_HALF_LMS,MULTISCALE_GNCC_SQUARED,0.01,NATIVE,True,0.0001,1e-05,50000,FRESH,3,HQNR_MAX50,EXACT_FINAL,TEACHER_ONLY,P0,False,False,False,False,W100_COSINE_FULL_BUDGET,NONE,TA2-S01,05 STRUCTURAL SIGNAL,GT/LMS 구조 정합 각각 0.5로 결합,TA2-M07,PLANNED_NOT_RUN
PANDA_ALIGNER_TEACHER_LMS_GT_S135_20261006_v2,s1,WV3,8,2047,1,261006101,90,05 STRUCTURAL SIGNAL,ATL2_WV3_S1_R1_SS261006101_S02_F50K_v2,TEACHER_P0_W112_D123,CNN,NATIVE_LMS,BICUBIC_MS,0.001,1,2.0,STOPGRAD_NATIVE,GT,MULTISCALE_NGF_SQUARED,0.01,NATIVE,True,0.0001,1e-05,50000,FRESH,3,HQNR_MAX50,EXACT_FINAL,TEACHER_ONLY,P0,False,False,False,False,W100_COSINE_FULL_BUDGET,NONE,TA2-S02,05 STRUCTURAL SIGNAL,GT gradient 방향 기반 descriptor로 교체,TA2-M07,PLANNED_NOT_RUN
PANDA_ALIGNER_TEACHER_LMS_GT_S135_20261006_v2,s1,WV3,8,2047,1,261006101,91,05 STRUCTURAL SIGNAL,ATL2_WV3_S1_R1_SS261006101_S03_F50K_v2,TEACHER_P0_W112_D123,CNN,NATIVE_LMS,BICUBIC_MS,0.001,1,2.0,STOPGRAD_NATIVE,GT,SINGLE_GNCC_SQUARED,0.01,NATIVE,True,0.0001,1e-05,50000,FRESH,3,HQNR_MAX50,EXACT_FINAL,TEACHER_ONLY,P0,False,False,False,False,W100_COSINE_FULL_BUDGET,NONE,TA2-S03,05 STRUCTURAL SIGNAL,GT gradient NCC 단일 scale sigma0.8,TA2-M07,PLANNED_NOT_RUN
PANDA_ALIGNER_TEACHER_LMS_GT_S135_20261006_v2,s1,WV3,8,2047,1,261006101,92,05 STRUCTURAL SIGNAL,ATL2_WV3_S1_R1_SS261006101_S04_F50K_v2,TEACHER_P0_W112_D123,CNN,NATIVE_LMS,BICUBIC_MS,0.001,1,2.0,STOPGRAD_NATIVE,GT,MULTISCALE_GNCC_SQUARED,0.01,NATIVE,True,0.0001,1e-05,50000,FRESH,3,HQNR_MAX50,EXACT_FINAL,TEACHER_ONLY,P0,False,False,False,False,W100_COSINE_FULL_BUDGET,FROZEN_TRAIN_BAND_WEIGHTS,TA2-S04,05 STRUCTURAL SIGNAL,train LMS-PAN로 고정한 밴드 reliability weight,TA2-M07,PLANNED_NOT_RUN
PANDA_ALIGNER_TEACHER_LMS_GT_S135_20261006_v2,s1,WV3,8,2047,1,261006101,93,05 STRUCTURAL SIGNAL,ATL2_WV3_S1_R1_SS261006101_S05_F50K_v2,TEACHER_P0_W112_D123,CNN,NATIVE_LMS,BICUBIC_MS,0.001,1,2.0,STOPGRAD_NATIVE,GT,MULTISCALE_GNCC_SQUARED,0.01,HALF_NATIVE_HALF_CORRECTED_EPS,True,0.0001,1e-05,50000,FRESH,3,HQNR_MAX50,EXACT_FINAL,TEACHER_ONLY,P0,False,False,False,False,W100_COSINE_FULL_BUDGET,NONE,TA2-S05,05 STRUCTURAL SIGNAL,native 및 epsilon 복원 PAN에 GT 구조 loss 평균,TA2-M07,PLANNED_NOT_RUN
PANDA_ALIGNER_TEACHER_LMS_GT_S135_20261006_v2,s1,WV3,8,2047,1,261006101,94,05 STRUCTURAL SIGNAL,ATL2_WV3_S1_R1_SS261006101_S06_F50K_v2,TEACHER_P0_W112_D123,CNN,NATIVE_LMS,BICUBIC_MS,0.001,1,2.0,STOPGRAD_NATIVE,GT,MULTISCALE_GNCC_SQUARED,0.01,NATIVE,False,0.0001,1e-05,50000,FRESH,3,HQNR_MAX50,EXACT_FINAL,TEACHER_ONLY,P0,False,False,False,False,W100_COSINE_FULL_BUDGET,NONE,TA2-S06,05 STRUCTURAL SIGNAL,A는 epsilon+직접 구조만; U는 reconstruction,TA2-M07,PLANNED_NOT_RUN
PANDA_ALIGNER_TEACHER_LMS_GT_S135_20261006_v2,s1,WV3,8,2047,1,261006101,95,05 STRUCTURAL SIGNAL,ATL2_WV3_S1_R1_SS261006101_S07_F50K_v2,TEACHER_P0_W112_D123,CNN,NATIVE_LMS,BICUBIC_MS,0.001,1,2.0,STOPGRAD_NATIVE,GT,HUBER_PSEUDO_SHIFT_BETA025,0.01,NATIVE,True,0.0001,1e-05,50000,FRESH,3,HQNR_MAX50,EXACT_FINAL,TEACHER_ONLY,P0,False,False,False,False,W100_COSINE_FULL_BUDGET,PSEUDO_OFFSET_NOT_PHYSICAL_GT,TA2-S07,05 STRUCTURAL SIGNAL,직접 구조 대신 train GT 사전 shift proxy 회귀+epsilon,TA2-M07,PLANNED_NOT_RUN
PANDA_ALIGNER_TEACHER_LMS_GT_S135_20261006_v2,s1,WV3,8,2047,2,261006102,96,05 STRUCTURAL SIGNAL,ATL2_WV3_S1_R2_SS261006102_S00_F50K_v2,TEACHER_P0_W112_D123,CNN,NATIVE_LMS,BICUBIC_MS,0.001,1,2.0,STOPGRAD_NATIVE,NATIVE_LMS,MULTISCALE_GNCC_SQUARED,0.01,NATIVE,True,0.0001,1e-05,50000,FRESH,3,HQNR_MAX50,EXACT_FINAL,TEACHER_ONLY,P0,False,False,False,False,W100_COSINE_FULL_BUDGET,NONE,TA2-S00,05 STRUCTURAL SIGNAL,GT 대신 native LMS에 직접 구조 정합; 같은 descriptor,TA2-M07,PLANNED_NOT_RUN
PANDA_ALIGNER_TEACHER_LMS_GT_S135_20261006_v2,s1,WV3,8,2047,2,261006102,97,05 STRUCTURAL SIGNAL,ATL2_WV3_S1_R2_SS261006102_S07_F50K_v2,TEACHER_P0_W112_D123,CNN,NATIVE_LMS,BICUBIC_MS,0.001,1,2.0,STOPGRAD_NATIVE,GT,HUBER_PSEUDO_SHIFT_BETA025,0.01,NATIVE,True,0.0001,1e-05,50000,FRESH,3,HQNR_MAX50,EXACT_FINAL,TEACHER_ONLY,P0,False,False,False,False,W100_COSINE_FULL_BUDGET,PSEUDO_OFFSET_NOT_PHYSICAL_GT,TA2-S07,05 STRUCTURAL SIGNAL,직접 구조 대신 train GT 사전 shift proxy 회귀+epsilon,TA2-M07,PLANNED_NOT_RUN
PANDA_ALIGNER_TEACHER_LMS_GT_S135_20261006_v2,s1,WV3,8,2047,2,261006102,98,05 STRUCTURAL SIGNAL,ATL2_WV3_S1_R2_SS261006102_S06_F50K_v2,TEACHER_P0_W112_D123,CNN,NATIVE_LMS,BICUBIC_MS,0.001,1,2.0,STOPGRAD_NATIVE,GT,MULTISCALE_GNCC_SQUARED,0.01,NATIVE,False,0.0001,1e-05,50000,FRESH,3,HQNR_MAX50,EXACT_FINAL,TEACHER_ONLY,P0,False,False,False,False,W100_COSINE_FULL_BUDGET,NONE,TA2-S06,05 STRUCTURAL SIGNAL,A는 epsilon+직접 구조만; U는 reconstruction,TA2-M07,PLANNED_NOT_RUN
PANDA_ALIGNER_TEACHER_LMS_GT_S135_20261006_v2,s1,WV3,8,2047,2,261006102,99,05 STRUCTURAL SIGNAL,ATL2_WV3_S1_R2_SS261006102_S05_F50K_v2,TEACHER_P0_W112_D123,CNN,NATIVE_LMS,BICUBIC_MS,0.001,1,2.0,STOPGRAD_NATIVE,GT,MULTISCALE_GNCC_SQUARED,0.01,HALF_NATIVE_HALF_CORRECTED_EPS,True,0.0001,1e-05,50000,FRESH,3,HQNR_MAX50,EXACT_FINAL,TEACHER_ONLY,P0,False,False,False,False,W100_COSINE_FULL_BUDGET,NONE,TA2-S05,05 STRUCTURAL SIGNAL,native 및 epsilon 복원 PAN에 GT 구조 loss 평균,TA2-M07,PLANNED_NOT_RUN
PANDA_ALIGNER_TEACHER_LMS_GT_S135_20261006_v2,s1,WV3,8,2047,2,261006102,100,05 STRUCTURAL SIGNAL,ATL2_WV3_S1_R2_SS261006102_S04_F50K_v2,TEACHER_P0_W112_D123,CNN,NATIVE_LMS,BICUBIC_MS,0.001,1,2.0,STOPGRAD_NATIVE,GT,MULTISCALE_GNCC_SQUARED,0.01,NATIVE,True,0.0001,1e-05,50000,FRESH,3,HQNR_MAX50,EXACT_FINAL,TEACHER_ONLY,P0,False,False,False,False,W100_COSINE_FULL_BUDGET,FROZEN_TRAIN_BAND_WEIGHTS,TA2-S04,05 STRUCTURAL SIGNAL,train LMS-PAN로 고정한 밴드 reliability weight,TA2-M07,PLANNED_NOT_RUN
PANDA_ALIGNER_TEACHER_LMS_GT_S135_20261006_v2,s1,WV3,8,2047,2,261006102,101,05 STRUCTURAL SIGNAL,ATL2_WV3_S1_R2_SS261006102_S03_F50K_v2,TEACHER_P0_W112_D123,CNN,NATIVE_LMS,BICUBIC_MS,0.001,1,2.0,STOPGRAD_NATIVE,GT,SINGLE_GNCC_SQUARED,0.01,NATIVE,True,0.0001,1e-05,50000,FRESH,3,HQNR_MAX50,EXACT_FINAL,TEACHER_ONLY,P0,False,False,False,False,W100_COSINE_FULL_BUDGET,NONE,TA2-S03,05 STRUCTURAL SIGNAL,GT gradient NCC 단일 scale sigma0.8,TA2-M07,PLANNED_NOT_RUN
PANDA_ALIGNER_TEACHER_LMS_GT_S135_20261006_v2,s1,WV3,8,2047,2,261006102,102,05 STRUCTURAL SIGNAL,ATL2_WV3_S1_R2_SS261006102_S02_F50K_v2,TEACHER_P0_W112_D123,CNN,NATIVE_LMS,BICUBIC_MS,0.001,1,2.0,STOPGRAD_NATIVE,GT,MULTISCALE_NGF_SQUARED,0.01,NATIVE,True,0.0001,1e-05,50000,FRESH,3,HQNR_MAX50,EXACT_FINAL,TEACHER_ONLY,P0,False,False,False,False,W100_COSINE_FULL_BUDGET,NONE,TA2-S02,05 STRUCTURAL SIGNAL,GT gradient 방향 기반 descriptor로 교체,TA2-M07,PLANNED_NOT_RUN
PANDA_ALIGNER_TEACHER_LMS_GT_S135_20261006_v2,s1,WV3,8,2047,2,261006102,103,05 STRUCTURAL SIGNAL,ATL2_WV3_S1_R2_SS261006102_S01_F50K_v2,TEACHER_P0_W112_D123,CNN,NATIVE_LMS,BICUBIC_MS,0.001,1,2.0,STOPGRAD_NATIVE,HALF_GT_HALF_LMS,MULTISCALE_GNCC_SQUARED,0.01,NATIVE,True,0.0001,1e-05,50000,FRESH,3,HQNR_MAX50,EXACT_FINAL,TEACHER_ONLY,P0,False,False,False,False,W100_COSINE_FULL_BUDGET,NONE,TA2-S01,05 STRUCTURAL SIGNAL,GT/LMS 구조 정합 각각 0.5로 결합,TA2-M07,PLANNED_NOT_RUN
PANDA_ALIGNER_TEACHER_LMS_GT_S135_20261006_v2,s1,WV3,8,2047,3,261006103,104,05 STRUCTURAL SIGNAL,ATL2_WV3_S1_R3_SS261006103_S02_F50K_v2,TEACHER_P0_W112_D123,CNN,NATIVE_LMS,BICUBIC_MS,0.001,1,2.0,STOPGRAD_NATIVE,GT,MULTISCALE_NGF_SQUARED,0.01,NATIVE,True,0.0001,1e-05,50000,FRESH,3,HQNR_MAX50,EXACT_FINAL,TEACHER_ONLY,P0,False,False,False,False,W100_COSINE_FULL_BUDGET,NONE,TA2-S02,05 STRUCTURAL SIGNAL,GT gradient 방향 기반 descriptor로 교체,TA2-M07,PLANNED_NOT_RUN
PANDA_ALIGNER_TEACHER_LMS_GT_S135_20261006_v2,s1,WV3,8,2047,3,261006103,105,05 STRUCTURAL SIGNAL,ATL2_WV3_S1_R3_SS261006103_S03_F50K_v2,TEACHER_P0_W112_D123,CNN,NATIVE_LMS,BICUBIC_MS,0.001,1,2.0,STOPGRAD_NATIVE,GT,SINGLE_GNCC_SQUARED,0.01,NATIVE,True,0.0001,1e-05,50000,FRESH,3,HQNR_MAX50,EXACT_FINAL,TEACHER_ONLY,P0,False,False,False,False,W100_COSINE_FULL_BUDGET,NONE,TA2-S03,05 STRUCTURAL SIGNAL,GT gradient NCC 단일 scale sigma0.8,TA2-M07,PLANNED_NOT_RUN
PANDA_ALIGNER_TEACHER_LMS_GT_S135_20261006_v2,s1,WV3,8,2047,3,261006103,106,05 STRUCTURAL SIGNAL,ATL2_WV3_S1_R3_SS261006103_S04_F50K_v2,TEACHER_P0_W112_D123,CNN,NATIVE_LMS,BICUBIC_MS,0.001,1,2.0,STOPGRAD_NATIVE,GT,MULTISCALE_GNCC_SQUARED,0.01,NATIVE,True,0.0001,1e-05,50000,FRESH,3,HQNR_MAX50,EXACT_FINAL,TEACHER_ONLY,P0,False,False,False,False,W100_COSINE_FULL_BUDGET,FROZEN_TRAIN_BAND_WEIGHTS,TA2-S04,05 STRUCTURAL SIGNAL,train LMS-PAN로 고정한 밴드 reliability weight,TA2-M07,PLANNED_NOT_RUN
PANDA_ALIGNER_TEACHER_LMS_GT_S135_20261006_v2,s1,WV3,8,2047,3,261006103,107,05 STRUCTURAL SIGNAL,ATL2_WV3_S1_R3_SS261006103_S05_F50K_v2,TEACHER_P0_W112_D123,CNN,NATIVE_LMS,BICUBIC_MS,0.001,1,2.0,STOPGRAD_NATIVE,GT,MULTISCALE_GNCC_SQUARED,0.01,HALF_NATIVE_HALF_CORRECTED_EPS,True,0.0001,1e-05,50000,FRESH,3,HQNR_MAX50,EXACT_FINAL,TEACHER_ONLY,P0,False,False,False,False,W100_COSINE_FULL_BUDGET,NONE,TA2-S05,05 STRUCTURAL SIGNAL,native 및 epsilon 복원 PAN에 GT 구조 loss 평균,TA2-M07,PLANNED_NOT_RUN
PANDA_ALIGNER_TEACHER_LMS_GT_S135_20261006_v2,s1,WV3,8,2047,3,261006103,108,05 STRUCTURAL SIGNAL,ATL2_WV3_S1_R3_SS261006103_S06_F50K_v2,TEACHER_P0_W112_D123,CNN,NATIVE_LMS,BICUBIC_MS,0.001,1,2.0,STOPGRAD_NATIVE,GT,MULTISCALE_GNCC_SQUARED,0.01,NATIVE,False,0.0001,1e-05,50000,FRESH,3,HQNR_MAX50,EXACT_FINAL,TEACHER_ONLY,P0,False,False,False,False,W100_COSINE_FULL_BUDGET,NONE,TA2-S06,05 STRUCTURAL SIGNAL,A는 epsilon+직접 구조만; U는 reconstruction,TA2-M07,PLANNED_NOT_RUN
PANDA_ALIGNER_TEACHER_LMS_GT_S135_20261006_v2,s1,WV3,8,2047,3,261006103,109,05 STRUCTURAL SIGNAL,ATL2_WV3_S1_R3_SS261006103_S07_F50K_v2,TEACHER_P0_W112_D123,CNN,NATIVE_LMS,BICUBIC_MS,0.001,1,2.0,STOPGRAD_NATIVE,GT,HUBER_PSEUDO_SHIFT_BETA025,0.01,NATIVE,True,0.0001,1e-05,50000,FRESH,3,HQNR_MAX50,EXACT_FINAL,TEACHER_ONLY,P0,False,False,False,False,W100_COSINE_FULL_BUDGET,PSEUDO_OFFSET_NOT_PHYSICAL_GT,TA2-S07,05 STRUCTURAL SIGNAL,직접 구조 대신 train GT 사전 shift proxy 회귀+epsilon,TA2-M07,PLANNED_NOT_RUN
PANDA_ALIGNER_TEACHER_LMS_GT_S135_20261006_v2,s1,WV3,8,2047,3,261006103,110,05 STRUCTURAL SIGNAL,ATL2_WV3_S1_R3_SS261006103_S00_F50K_v2,TEACHER_P0_W112_D123,CNN,NATIVE_LMS,BICUBIC_MS,0.001,1,2.0,STOPGRAD_NATIVE,NATIVE_LMS,MULTISCALE_GNCC_SQUARED,0.01,NATIVE,True,0.0001,1e-05,50000,FRESH,3,HQNR_MAX50,EXACT_FINAL,TEACHER_ONLY,P0,False,False,False,False,W100_COSINE_FULL_BUDGET,NONE,TA2-S00,05 STRUCTURAL SIGNAL,GT 대신 native LMS에 직접 구조 정합; 같은 descriptor,TA2-M07,PLANNED_NOT_RUN
PANDA_ALIGNER_TEACHER_LMS_GT_S135_20261006_v2,s1,WV3,8,2047,3,261006103,111,05 STRUCTURAL SIGNAL,ATL2_WV3_S1_R3_SS261006103_S01_F50K_v2,TEACHER_P0_W112_D123,CNN,NATIVE_LMS,BICUBIC_MS,0.001,1,2.0,STOPGRAD_NATIVE,HALF_GT_HALF_LMS,MULTISCALE_GNCC_SQUARED,0.01,NATIVE,True,0.0001,1e-05,50000,FRESH,3,HQNR_MAX50,EXACT_FINAL,TEACHER_ONLY,P0,False,False,False,False,W100_COSINE_FULL_BUDGET,NONE,TA2-S01,05 STRUCTURAL SIGNAL,GT/LMS 구조 정합 각각 0.5로 결합,TA2-M07,PLANNED_NOT_RUN
PANDA_ALIGNER_TEACHER_LMS_GT_S135_20261006_v2,s1,WV3,8,2047,1,261006101,112,06 OPTIMIZATION,ATL2_WV3_S1_R1_SS261006101_O00_F50K_v2,TEACHER_P0_W112_D123,CNN,NATIVE_LMS,BICUBIC_MS,0.001,2,2.0,STOPGRAD_NATIVE,GT,MULTISCALE_GNCC_SQUARED,0.01,NATIVE,True,0.0001,1e-05,50000,FRESH,3,HQNR_MAX50,EXACT_FINAL,TEACHER_ONLY,P0,False,False,False,False,W100_COSINE_FULL_BUDGET,NONE,TA2-O00,06 OPTIMIZATION,M07 epsilon만 격 update로 변경,TA2-M07,PLANNED_NOT_RUN
PANDA_ALIGNER_TEACHER_LMS_GT_S135_20261006_v2,s1,WV3,8,2047,1,261006101,113,06 OPTIMIZATION,ATL2_WV3_S1_R1_SS261006101_O01_F50K_v2,TEACHER_P0_W112_D123,CNN,NATIVE_LMS,BICUBIC_MS,0.001,1,2.0,STOPGRAD_NATIVE,GT,MULTISCALE_GNCC_SQUARED,0.01,NATIVE,True,0.0001,3e-06,50000,FRESH,3,HQNR_MAX50,EXACT_FINAL,TEACHER_ONLY,P0,False,False,False,False,W100_COSINE_FULL_BUDGET,NONE,TA2-O01,06 OPTIMIZATION,M07 A LR=3e-6,TA2-M07,PLANNED_NOT_RUN
PANDA_ALIGNER_TEACHER_LMS_GT_S135_20261006_v2,s1,WV3,8,2047,1,261006101,114,06 OPTIMIZATION,ATL2_WV3_S1_R1_SS261006101_O02_F50K_v2,TEACHER_P0_W112_D123,CNN,NATIVE_LMS,BICUBIC_MS,0.001,1,2.0,STOPGRAD_NATIVE,GT,MULTISCALE_GNCC_SQUARED,0.01,NATIVE,True,0.0001,0.0001,50000,FRESH,3,HQNR_MAX50,EXACT_FINAL,TEACHER_ONLY,P0,False,False,False,False,W100_COSINE_FULL_BUDGET,NONE,TA2-O02,06 OPTIMIZATION,M07 A LR=1e-4,TA2-M07,PLANNED_NOT_RUN
PANDA_ALIGNER_TEACHER_LMS_GT_S135_20261006_v2,s1,WV3,8,2047,1,261006101,115,06 OPTIMIZATION,ATL2_WV3_S1_R1_SS261006101_O03_F50K_v2,TEACHER_P0_W112_D123,CNN,NATIVE_LMS,BICUBIC_MS,0.001,1,2.0,STOPGRAD_NATIVE,GT,MULTISCALE_GNCC_SQUARED,0.01,NATIVE,True,0.0001,1e-05,50000,FRESH,3,HQNR_MAX50,EXACT_FINAL,TEACHER_ONLY,P0,False,False,False,False,W100_COSINE_FULL_BUDGET,STRUCT_RAMP_5000,TA2-O03,06 OPTIMIZATION,GT structure 계수만 첫5K linear ramp,TA2-M07,PLANNED_NOT_RUN
PANDA_ALIGNER_TEACHER_LMS_GT_S135_20261006_v2,s1,WV3,8,2047,1,261006101,116,06 OPTIMIZATION,ATL2_WV3_S1_R1_SS261006101_O04_F50K_v2,TEACHER_P0_W112_D123,CNN,NATIVE_LMS,BICUBIC_MS,0.001,1,2.0,SYMMETRIC_NO_STOPGRAD,GT,MULTISCALE_GNCC_SQUARED,0.01,NATIVE,True,0.0001,1e-05,50000,FRESH,3,HQNR_MAX50,EXACT_FINAL,TEACHER_ONLY,P0,False,False,False,False,W100_COSINE_FULL_BUDGET,NONE,TA2-O04,06 OPTIMIZATION,epsilon native anchor stop-gradient 제거,TA2-M07,PLANNED_NOT_RUN
PANDA_ALIGNER_TEACHER_LMS_GT_S135_20261006_v2,s1,WV3,8,2047,2,261006102,117,06 OPTIMIZATION,ATL2_WV3_S1_R2_SS261006102_O00_F50K_v2,TEACHER_P0_W112_D123,CNN,NATIVE_LMS,BICUBIC_MS,0.001,2,2.0,STOPGRAD_NATIVE,GT,MULTISCALE_GNCC_SQUARED,0.01,NATIVE,True,0.0001,1e-05,50000,FRESH,3,HQNR_MAX50,EXACT_FINAL,TEACHER_ONLY,P0,False,False,False,False,W100_COSINE_FULL_BUDGET,NONE,TA2-O00,06 OPTIMIZATION,M07 epsilon만 격 update로 변경,TA2-M07,PLANNED_NOT_RUN
PANDA_ALIGNER_TEACHER_LMS_GT_S135_20261006_v2,s1,WV3,8,2047,2,261006102,118,06 OPTIMIZATION,ATL2_WV3_S1_R2_SS261006102_O04_F50K_v2,TEACHER_P0_W112_D123,CNN,NATIVE_LMS,BICUBIC_MS,0.001,1,2.0,SYMMETRIC_NO_STOPGRAD,GT,MULTISCALE_GNCC_SQUARED,0.01,NATIVE,True,0.0001,1e-05,50000,FRESH,3,HQNR_MAX50,EXACT_FINAL,TEACHER_ONLY,P0,False,False,False,False,W100_COSINE_FULL_BUDGET,NONE,TA2-O04,06 OPTIMIZATION,epsilon native anchor stop-gradient 제거,TA2-M07,PLANNED_NOT_RUN
PANDA_ALIGNER_TEACHER_LMS_GT_S135_20261006_v2,s1,WV3,8,2047,2,261006102,119,06 OPTIMIZATION,ATL2_WV3_S1_R2_SS261006102_O03_F50K_v2,TEACHER_P0_W112_D123,CNN,NATIVE_LMS,BICUBIC_MS,0.001,1,2.0,STOPGRAD_NATIVE,GT,MULTISCALE_GNCC_SQUARED,0.01,NATIVE,True,0.0001,1e-05,50000,FRESH,3,HQNR_MAX50,EXACT_FINAL,TEACHER_ONLY,P0,False,False,False,False,W100_COSINE_FULL_BUDGET,STRUCT_RAMP_5000,TA2-O03,06 OPTIMIZATION,GT structure 계수만 첫5K linear ramp,TA2-M07,PLANNED_NOT_RUN
PANDA_ALIGNER_TEACHER_LMS_GT_S135_20261006_v2,s1,WV3,8,2047,2,261006102,120,06 OPTIMIZATION,ATL2_WV3_S1_R2_SS261006102_O02_F50K_v2,TEACHER_P0_W112_D123,CNN,NATIVE_LMS,BICUBIC_MS,0.001,1,2.0,STOPGRAD_NATIVE,GT,MULTISCALE_GNCC_SQUARED,0.01,NATIVE,True,0.0001,0.0001,50000,FRESH,3,HQNR_MAX50,EXACT_FINAL,TEACHER_ONLY,P0,False,False,False,False,W100_COSINE_FULL_BUDGET,NONE,TA2-O02,06 OPTIMIZATION,M07 A LR=1e-4,TA2-M07,PLANNED_NOT_RUN
PANDA_ALIGNER_TEACHER_LMS_GT_S135_20261006_v2,s1,WV3,8,2047,2,261006102,121,06 OPTIMIZATION,ATL2_WV3_S1_R2_SS261006102_O01_F50K_v2,TEACHER_P0_W112_D123,CNN,NATIVE_LMS,BICUBIC_MS,0.001,1,2.0,STOPGRAD_NATIVE,GT,MULTISCALE_GNCC_SQUARED,0.01,NATIVE,True,0.0001,3e-06,50000,FRESH,3,HQNR_MAX50,EXACT_FINAL,TEACHER_ONLY,P0,False,False,False,False,W100_COSINE_FULL_BUDGET,NONE,TA2-O01,06 OPTIMIZATION,M07 A LR=3e-6,TA2-M07,PLANNED_NOT_RUN
PANDA_ALIGNER_TEACHER_LMS_GT_S135_20261006_v2,s1,WV3,8,2047,3,261006103,122,06 OPTIMIZATION,ATL2_WV3_S1_R3_SS261006103_O02_F50K_v2,TEACHER_P0_W112_D123,CNN,NATIVE_LMS,BICUBIC_MS,0.001,1,2.0,STOPGRAD_NATIVE,GT,MULTISCALE_GNCC_SQUARED,0.01,NATIVE,True,0.0001,0.0001,50000,FRESH,3,HQNR_MAX50,EXACT_FINAL,TEACHER_ONLY,P0,False,False,False,False,W100_COSINE_FULL_BUDGET,NONE,TA2-O02,06 OPTIMIZATION,M07 A LR=1e-4,TA2-M07,PLANNED_NOT_RUN
PANDA_ALIGNER_TEACHER_LMS_GT_S135_20261006_v2,s1,WV3,8,2047,3,261006103,123,06 OPTIMIZATION,ATL2_WV3_S1_R3_SS261006103_O03_F50K_v2,TEACHER_P0_W112_D123,CNN,NATIVE_LMS,BICUBIC_MS,0.001,1,2.0,STOPGRAD_NATIVE,GT,MULTISCALE_GNCC_SQUARED,0.01,NATIVE,True,0.0001,1e-05,50000,FRESH,3,HQNR_MAX50,EXACT_FINAL,TEACHER_ONLY,P0,False,False,False,False,W100_COSINE_FULL_BUDGET,STRUCT_RAMP_5000,TA2-O03,06 OPTIMIZATION,GT structure 계수만 첫5K linear ramp,TA2-M07,PLANNED_NOT_RUN
PANDA_ALIGNER_TEACHER_LMS_GT_S135_20261006_v2,s1,WV3,8,2047,3,261006103,124,06 OPTIMIZATION,ATL2_WV3_S1_R3_SS261006103_O04_F50K_v2,TEACHER_P0_W112_D123,CNN,NATIVE_LMS,BICUBIC_MS,0.001,1,2.0,SYMMETRIC_NO_STOPGRAD,GT,MULTISCALE_GNCC_SQUARED,0.01,NATIVE,True,0.0001,1e-05,50000,FRESH,3,HQNR_MAX50,EXACT_FINAL,TEACHER_ONLY,P0,False,False,False,False,W100_COSINE_FULL_BUDGET,NONE,TA2-O04,06 OPTIMIZATION,epsilon native anchor stop-gradient 제거,TA2-M07,PLANNED_NOT_RUN
PANDA_ALIGNER_TEACHER_LMS_GT_S135_20261006_v2,s1,WV3,8,2047,3,261006103,125,06 OPTIMIZATION,ATL2_WV3_S1_R3_SS261006103_O00_F50K_v2,TEACHER_P0_W112_D123,CNN,NATIVE_LMS,BICUBIC_MS,0.001,2,2.0,STOPGRAD_NATIVE,GT,MULTISCALE_GNCC_SQUARED,0.01,NATIVE,True,0.0001,1e-05,50000,FRESH,3,HQNR_MAX50,EXACT_FINAL,TEACHER_ONLY,P0,False,False,False,False,W100_COSINE_FULL_BUDGET,NONE,TA2-O00,06 OPTIMIZATION,M07 epsilon만 격 update로 변경,TA2-M07,PLANNED_NOT_RUN
PANDA_ALIGNER_TEACHER_LMS_GT_S135_20261006_v2,s1,WV3,8,2047,3,261006103,126,06 OPTIMIZATION,ATL2_WV3_S1_R3_SS261006103_O01_F50K_v2,TEACHER_P0_W112_D123,CNN,NATIVE_LMS,BICUBIC_MS,0.001,1,2.0,STOPGRAD_NATIVE,GT,MULTISCALE_GNCC_SQUARED,0.01,NATIVE,True,0.0001,3e-06,50000,FRESH,3,HQNR_MAX50,EXACT_FINAL,TEACHER_ONLY,P0,False,False,False,False,W100_COSINE_FULL_BUDGET,NONE,TA2-O01,06 OPTIMIZATION,M07 A LR=3e-6,TA2-M07,PLANNED_NOT_RUN
PANDA_ALIGNER_TEACHER_LMS_GT_S135_20261006_v2,s1,WV3,8,2047,1,261006101,127,07 U INPUT / BASE COORDINATES,ATL2_WV3_S1_R1_SS261006101_U01_F50K_v2,TEACHER_P0_W112_D123,PER_IMAGE_LMS_GRAD_FIXED,NATIVE_LMS,NATIVE_LMS,0,1,2.0,STOPGRAD_NATIVE,NONE,MULTISCALE_GNCC_SQUARED,0,NATIVE,False,0.0001,0,50000,FRESH,3,HQNR_MAX50,EXACT_FINAL,TEACHER_ONLY,P0,False,False,False,False,W100_COSINE_FULL_BUDGET,NONE,TA2-U01,07 U INPUT / BASE COORDINATES,B03 U 입력·base를 native LMS로 변경,TA2-B03,PLANNED_NOT_RUN
PANDA_ALIGNER_TEACHER_LMS_GT_S135_20261006_v2,s1,WV3,8,2047,1,261006101,128,07 U INPUT / BASE COORDINATES,ATL2_WV3_S1_R1_SS261006101_U02_F50K_v2,TEACHER_P0_W112_D123,CNN,NATIVE_LMS,NATIVE_LMS,0.001,1,2.0,STOPGRAD_NATIVE,NONE,MULTISCALE_GNCC_SQUARED,0,NATIVE,True,0.0001,1e-05,50000,FRESH,3,HQNR_MAX50,EXACT_FINAL,TEACHER_ONLY,P0,False,False,False,False,W100_COSINE_FULL_BUDGET,NONE,TA2-U02,07 U INPUT / BASE COORDINATES,M05 epsilon-only; U 입력·base도 native LMS,TA2-M05,PLANNED_NOT_RUN
PANDA_ALIGNER_TEACHER_LMS_GT_S135_20261006_v2,s1,WV3,8,2047,2,261006102,129,07 U INPUT / BASE COORDINATES,ATL2_WV3_S1_R2_SS261006102_U01_F50K_v2,TEACHER_P0_W112_D123,PER_IMAGE_LMS_GRAD_FIXED,NATIVE_LMS,NATIVE_LMS,0,1,2.0,STOPGRAD_NATIVE,NONE,MULTISCALE_GNCC_SQUARED,0,NATIVE,False,0.0001,0,50000,FRESH,3,HQNR_MAX50,EXACT_FINAL,TEACHER_ONLY,P0,False,False,False,False,W100_COSINE_FULL_BUDGET,NONE,TA2-U01,07 U INPUT / BASE COORDINATES,B03 U 입력·base를 native LMS로 변경,TA2-B03,PLANNED_NOT_RUN
PANDA_ALIGNER_TEACHER_LMS_GT_S135_20261006_v2,s1,WV3,8,2047,2,261006102,130,07 U INPUT / BASE COORDINATES,ATL2_WV3_S1_R2_SS261006102_U02_F50K_v2,TEACHER_P0_W112_D123,CNN,NATIVE_LMS,NATIVE_LMS,0.001,1,2.0,STOPGRAD_NATIVE,NONE,MULTISCALE_GNCC_SQUARED,0,NATIVE,True,0.0001,1e-05,50000,FRESH,3,HQNR_MAX50,EXACT_FINAL,TEACHER_ONLY,P0,False,False,False,False,W100_COSINE_FULL_BUDGET,NONE,TA2-U02,07 U INPUT / BASE COORDINATES,M05 epsilon-only; U 입력·base도 native LMS,TA2-M05,PLANNED_NOT_RUN
PANDA_ALIGNER_TEACHER_LMS_GT_S135_20261006_v2,s1,WV3,8,2047,3,261006103,131,07 U INPUT / BASE COORDINATES,ATL2_WV3_S1_R3_SS261006103_U01_F50K_v2,TEACHER_P0_W112_D123,PER_IMAGE_LMS_GRAD_FIXED,NATIVE_LMS,NATIVE_LMS,0,1,2.0,STOPGRAD_NATIVE,NONE,MULTISCALE_GNCC_SQUARED,0,NATIVE,False,0.0001,0,50000,FRESH,3,HQNR_MAX50,EXACT_FINAL,TEACHER_ONLY,P0,False,False,False,False,W100_COSINE_FULL_BUDGET,NONE,TA2-U01,07 U INPUT / BASE COORDINATES,B03 U 입력·base를 native LMS로 변경,TA2-B03,PLANNED_NOT_RUN
PANDA_ALIGNER_TEACHER_LMS_GT_S135_20261006_v2,s1,WV3,8,2047,3,261006103,132,07 U INPUT / BASE COORDINATES,ATL2_WV3_S1_R3_SS261006103_U02_F50K_v2,TEACHER_P0_W112_D123,CNN,NATIVE_LMS,NATIVE_LMS,0.001,1,2.0,STOPGRAD_NATIVE,NONE,MULTISCALE_GNCC_SQUARED,0,NATIVE,True,0.0001,1e-05,50000,FRESH,3,HQNR_MAX50,EXACT_FINAL,TEACHER_ONLY,P0,False,False,False,False,W100_COSINE_FULL_BUDGET,NONE,TA2-U02,07 U INPUT / BASE COORDINATES,M05 epsilon-only; U 입력·base도 native LMS,TA2-M05,PLANNED_NOT_RUN
PANDA_ALIGNER_TEACHER_LMS_GT_S135_20261006_v2,s1,WV3,8,2047,1,261006101,133,08 SIZE / SCALE,ATL2_WV3_S1_R1_SS261006101_X00_F50K_v2,TEACHER_P0_W112_D123,CNN,NATIVE_LMS,BICUBIC_MS,0.001,1,2.0,STOPGRAD_NATIVE,GT,MULTISCALE_GNCC_SQUARED,0.01,NATIVE,True,0.0001,1e-05,50000,FRESH,3,HQNR_MAX50,EXACT_FINAL,TEACHER_ONLY,P0,False,False,False,False,W100_COSINE_FULL_BUDGET,A_AUX_MULTICROP_48_56_64,TA2-X00,08 SIZE / SCALE,M07 + A 보조 crop48/56/64; native U64 고정,TA2-M07,PLANNED_NOT_RUN
PANDA_ALIGNER_TEACHER_LMS_GT_S135_20261006_v2,s1,WV3,8,2047,1,261006101,134,08 SIZE / SCALE,ATL2_WV3_S1_R1_SS261006101_X01_F50K_v2,TEACHER_P0_W112_D123,CNN,NATIVE_LMS,BICUBIC_MS,0.001,1,2.0,STOPGRAD_NATIVE,NONE,MULTISCALE_GNCC_SQUARED,0,NATIVE,True,0.0001,1e-05,50000,FRESH,3,HQNR_MAX50,EXACT_FINAL,TEACHER_ONLY,P0,False,False,False,False,W100_COSINE_FULL_BUDGET,A_AUX_MAGNIFY_1_2_4_8,TA2-X01,08 SIZE / SCALE,M05 + A 보조 확대1/2/4/8; epsilon-only,TA2-M05,PLANNED_NOT_RUN
PANDA_ALIGNER_TEACHER_LMS_GT_S135_20261006_v2,s1,WV3,8,2047,1,261006101,135,08 SIZE / SCALE,ATL2_WV3_S1_R1_SS261006101_X02_F50K_v2,TEACHER_P0_W112_D123,CNN,NATIVE_LMS,BICUBIC_MS,0.001,1,2.0,STOPGRAD_NATIVE,GT,MULTISCALE_GNCC_SQUARED,0.01,NATIVE,True,0.0001,1e-05,50000,FRESH,3,HQNR_MAX50,EXACT_FINAL,TEACHER_ONLY,P0,False,False,False,False,W100_COSINE_FULL_BUDGET,A_AUX_MAGNIFY_1_2_4_8,TA2-X02,08 SIZE / SCALE,M07 + A 보조 확대1/2/4/8; epsilon+GT 구조,TA2-M07,PLANNED_NOT_RUN
PANDA_ALIGNER_TEACHER_LMS_GT_S135_20261006_v2,s1,WV3,8,2047,1,261006101,136,08 SIZE / SCALE,ATL2_WV3_S1_R1_SS261006101_X03_F50K_v2,TEACHER_P0_W112_D123,CNN,NATIVE_LMS,BICUBIC_MS,0.001,1,2.0,STOPGRAD_NATIVE,GT,MULTISCALE_GNCC_SQUARED,0.01,NATIVE,True,0.0001,1e-05,50000,FRESH,3,HQNR_MAX50,EXACT_FINAL,TEACHER_ONLY,P0,False,False,False,False,W100_COSINE_FULL_BUDGET,A_AUX_MAGNIFY_WITH_SCALE_LAMBDA001,TA2-X03,08 SIZE / SCALE,X02 + 정규화된 추가변위 scale consistency,TA2-X02,PLANNED_NOT_RUN
PANDA_ALIGNER_TEACHER_LMS_GT_S135_20261006_v2,s1,WV3,8,2047,2,261006102,137,08 SIZE / SCALE,ATL2_WV3_S1_R2_SS261006102_X00_F50K_v2,TEACHER_P0_W112_D123,CNN,NATIVE_LMS,BICUBIC_MS,0.001,1,2.0,STOPGRAD_NATIVE,GT,MULTISCALE_GNCC_SQUARED,0.01,NATIVE,True,0.0001,1e-05,50000,FRESH,3,HQNR_MAX50,EXACT_FINAL,TEACHER_ONLY,P0,False,False,False,False,W100_COSINE_FULL_BUDGET,A_AUX_MULTICROP_48_56_64,TA2-X00,08 SIZE / SCALE,M07 + A 보조 crop48/56/64; native U64 고정,TA2-M07,PLANNED_NOT_RUN
PANDA_ALIGNER_TEACHER_LMS_GT_S135_20261006_v2,s1,WV3,8,2047,2,261006102,138,08 SIZE / SCALE,ATL2_WV3_S1_R2_SS261006102_X03_F50K_v2,TEACHER_P0_W112_D123,CNN,NATIVE_LMS,BICUBIC_MS,0.001,1,2.0,STOPGRAD_NATIVE,GT,MULTISCALE_GNCC_SQUARED,0.01,NATIVE,True,0.0001,1e-05,50000,FRESH,3,HQNR_MAX50,EXACT_FINAL,TEACHER_ONLY,P0,False,False,False,False,W100_COSINE_FULL_BUDGET,A_AUX_MAGNIFY_WITH_SCALE_LAMBDA001,TA2-X03,08 SIZE / SCALE,X02 + 정규화된 추가변위 scale consistency,TA2-X02,PLANNED_NOT_RUN
PANDA_ALIGNER_TEACHER_LMS_GT_S135_20261006_v2,s1,WV3,8,2047,2,261006102,139,08 SIZE / SCALE,ATL2_WV3_S1_R2_SS261006102_X02_F50K_v2,TEACHER_P0_W112_D123,CNN,NATIVE_LMS,BICUBIC_MS,0.001,1,2.0,STOPGRAD_NATIVE,GT,MULTISCALE_GNCC_SQUARED,0.01,NATIVE,True,0.0001,1e-05,50000,FRESH,3,HQNR_MAX50,EXACT_FINAL,TEACHER_ONLY,P0,False,False,False,False,W100_COSINE_FULL_BUDGET,A_AUX_MAGNIFY_1_2_4_8,TA2-X02,08 SIZE / SCALE,M07 + A 보조 확대1/2/4/8; epsilon+GT 구조,TA2-M07,PLANNED_NOT_RUN
PANDA_ALIGNER_TEACHER_LMS_GT_S135_20261006_v2,s1,WV3,8,2047,2,261006102,140,08 SIZE / SCALE,ATL2_WV3_S1_R2_SS261006102_X01_F50K_v2,TEACHER_P0_W112_D123,CNN,NATIVE_LMS,BICUBIC_MS,0.001,1,2.0,STOPGRAD_NATIVE,NONE,MULTISCALE_GNCC_SQUARED,0,NATIVE,True,0.0001,1e-05,50000,FRESH,3,HQNR_MAX50,EXACT_FINAL,TEACHER_ONLY,P0,False,False,False,False,W100_COSINE_FULL_BUDGET,A_AUX_MAGNIFY_1_2_4_8,TA2-X01,08 SIZE / SCALE,M05 + A 보조 확대1/2/4/8; epsilon-only,TA2-M05,PLANNED_NOT_RUN
PANDA_ALIGNER_TEACHER_LMS_GT_S135_20261006_v2,s1,WV3,8,2047,3,261006103,141,08 SIZE / SCALE,ATL2_WV3_S1_R3_SS261006103_X02_F50K_v2,TEACHER_P0_W112_D123,CNN,NATIVE_LMS,BICUBIC_MS,0.001,1,2.0,STOPGRAD_NATIVE,GT,MULTISCALE_GNCC_SQUARED,0.01,NATIVE,True,0.0001,1e-05,50000,FRESH,3,HQNR_MAX50,EXACT_FINAL,TEACHER_ONLY,P0,False,False,False,False,W100_COSINE_FULL_BUDGET,A_AUX_MAGNIFY_1_2_4_8,TA2-X02,08 SIZE / SCALE,M07 + A 보조 확대1/2/4/8; epsilon+GT 구조,TA2-M07,PLANNED_NOT_RUN
PANDA_ALIGNER_TEACHER_LMS_GT_S135_20261006_v2,s1,WV3,8,2047,3,261006103,142,08 SIZE / SCALE,ATL2_WV3_S1_R3_SS261006103_X03_F50K_v2,TEACHER_P0_W112_D123,CNN,NATIVE_LMS,BICUBIC_MS,0.001,1,2.0,STOPGRAD_NATIVE,GT,MULTISCALE_GNCC_SQUARED,0.01,NATIVE,True,0.0001,1e-05,50000,FRESH,3,HQNR_MAX50,EXACT_FINAL,TEACHER_ONLY,P0,False,False,False,False,W100_COSINE_FULL_BUDGET,A_AUX_MAGNIFY_WITH_SCALE_LAMBDA001,TA2-X03,08 SIZE / SCALE,X02 + 정규화된 추가변위 scale consistency,TA2-X02,PLANNED_NOT_RUN
PANDA_ALIGNER_TEACHER_LMS_GT_S135_20261006_v2,s1,WV3,8,2047,3,261006103,143,08 SIZE / SCALE,ATL2_WV3_S1_R3_SS261006103_X00_F50K_v2,TEACHER_P0_W112_D123,CNN,NATIVE_LMS,BICUBIC_MS,0.001,1,2.0,STOPGRAD_NATIVE,GT,MULTISCALE_GNCC_SQUARED,0.01,NATIVE,True,0.0001,1e-05,50000,FRESH,3,HQNR_MAX50,EXACT_FINAL,TEACHER_ONLY,P0,False,False,False,False,W100_COSINE_FULL_BUDGET,A_AUX_MULTICROP_48_56_64,TA2-X00,08 SIZE / SCALE,M07 + A 보조 crop48/56/64; native U64 고정,TA2-M07,PLANNED_NOT_RUN
PANDA_ALIGNER_TEACHER_LMS_GT_S135_20261006_v2,s1,WV3,8,2047,3,261006103,144,08 SIZE / SCALE,ATL2_WV3_S1_R3_SS261006103_X01_F50K_v2,TEACHER_P0_W112_D123,CNN,NATIVE_LMS,BICUBIC_MS,0.001,1,2.0,STOPGRAD_NATIVE,NONE,MULTISCALE_GNCC_SQUARED,0,NATIVE,True,0.0001,1e-05,50000,FRESH,3,HQNR_MAX50,EXACT_FINAL,TEACHER_ONLY,P0,False,False,False,False,W100_COSINE_FULL_BUDGET,A_AUX_MAGNIFY_1_2_4_8,TA2-X01,08 SIZE / SCALE,M05 + A 보조 확대1/2/4/8; epsilon-only,TA2-M05,PLANNED_NOT_RUN
PANDA_ALIGNER_TEACHER_LMS_GT_S135_20261006_v2,s1,WV3,8,2047,1,261006101,145,09 LONGER BUDGET,ATL2_WV3_S1_R1_SS261006101_D00_F100K_v2,TEACHER_P0_W112_D123,NONE,NA,BICUBIC_MS,0,1,2.0,STOPGRAD_NATIVE,NONE,MULTISCALE_GNCC_SQUARED,0,NATIVE,False,0.0001,0,100000,FRESH,3,HQNR_MAX50,EXACT_FINAL,TEACHER_ONLY,P0,False,False,False,False,W100_COSINE_FULL_BUDGET,NONE,TA2-D00,09 LONGER BUDGET,B00 fresh100K; 처음부터 cosine100K,TA2-B00,PLANNED_NOT_RUN
PANDA_ALIGNER_TEACHER_LMS_GT_S135_20261006_v2,s1,WV3,8,2047,1,261006101,146,09 LONGER BUDGET,ATL2_WV3_S1_R1_SS261006101_D01_F100K_v2,TEACHER_P0_W112_D123,PER_IMAGE_LMS_GRAD_FIXED,NATIVE_LMS,BICUBIC_MS,0,1,2.0,STOPGRAD_NATIVE,NONE,MULTISCALE_GNCC_SQUARED,0,NATIVE,False,0.0001,0,100000,FRESH,3,HQNR_MAX50,EXACT_FINAL,TEACHER_ONLY,P0,False,False,False,False,W100_COSINE_FULL_BUDGET,NONE,TA2-D01,09 LONGER BUDGET,B03 fresh100K; 처음부터 cosine100K,TA2-B03,PLANNED_NOT_RUN
PANDA_ALIGNER_TEACHER_LMS_GT_S135_20261006_v2,s1,WV3,8,2047,1,261006101,147,09 LONGER BUDGET,ATL2_WV3_S1_R1_SS261006101_D02_F100K_v2,TEACHER_P0_W112_D123,CNN,NATIVE_LMS,BICUBIC_MS,0.001,1,2.0,STOPGRAD_NATIVE,NONE,MULTISCALE_GNCC_SQUARED,0,NATIVE,True,0.0001,1e-05,100000,FRESH,3,HQNR_MAX50,EXACT_FINAL,TEACHER_ONLY,P0,False,False,False,False,W100_COSINE_FULL_BUDGET,NONE,TA2-D02,09 LONGER BUDGET,M05 fresh100K; 처음부터 cosine100K,TA2-M05,PLANNED_NOT_RUN
PANDA_ALIGNER_TEACHER_LMS_GT_S135_20261006_v2,s1,WV3,8,2047,1,261006101,148,09 LONGER BUDGET,ATL2_WV3_S1_R1_SS261006101_D03_F100K_v2,TEACHER_P0_W112_D123,CNN,NATIVE_LMS,BICUBIC_MS,0.001,1,2.0,STOPGRAD_NATIVE,GT,MULTISCALE_GNCC_SQUARED,0.01,NATIVE,True,0.0001,1e-05,100000,FRESH,3,HQNR_MAX50,EXACT_FINAL,TEACHER_ONLY,P0,False,False,False,False,W100_COSINE_FULL_BUDGET,NONE,TA2-D03,09 LONGER BUDGET,M07 fresh100K; 처음부터 cosine100K,TA2-M07,PLANNED_NOT_RUN
PANDA_ALIGNER_TEACHER_LMS_GT_S135_20261006_v2,s1,WV3,8,2047,2,261006102,149,09 LONGER BUDGET,ATL2_WV3_S1_R2_SS261006102_D00_F100K_v2,TEACHER_P0_W112_D123,NONE,NA,BICUBIC_MS,0,1,2.0,STOPGRAD_NATIVE,NONE,MULTISCALE_GNCC_SQUARED,0,NATIVE,False,0.0001,0,100000,FRESH,3,HQNR_MAX50,EXACT_FINAL,TEACHER_ONLY,P0,False,False,False,False,W100_COSINE_FULL_BUDGET,NONE,TA2-D00,09 LONGER BUDGET,B00 fresh100K; 처음부터 cosine100K,TA2-B00,PLANNED_NOT_RUN
PANDA_ALIGNER_TEACHER_LMS_GT_S135_20261006_v2,s1,WV3,8,2047,2,261006102,150,09 LONGER BUDGET,ATL2_WV3_S1_R2_SS261006102_D03_F100K_v2,TEACHER_P0_W112_D123,CNN,NATIVE_LMS,BICUBIC_MS,0.001,1,2.0,STOPGRAD_NATIVE,GT,MULTISCALE_GNCC_SQUARED,0.01,NATIVE,True,0.0001,1e-05,100000,FRESH,3,HQNR_MAX50,EXACT_FINAL,TEACHER_ONLY,P0,False,False,False,False,W100_COSINE_FULL_BUDGET,NONE,TA2-D03,09 LONGER BUDGET,M07 fresh100K; 처음부터 cosine100K,TA2-M07,PLANNED_NOT_RUN
PANDA_ALIGNER_TEACHER_LMS_GT_S135_20261006_v2,s1,WV3,8,2047,2,261006102,151,09 LONGER BUDGET,ATL2_WV3_S1_R2_SS261006102_D02_F100K_v2,TEACHER_P0_W112_D123,CNN,NATIVE_LMS,BICUBIC_MS,0.001,1,2.0,STOPGRAD_NATIVE,NONE,MULTISCALE_GNCC_SQUARED,0,NATIVE,True,0.0001,1e-05,100000,FRESH,3,HQNR_MAX50,EXACT_FINAL,TEACHER_ONLY,P0,False,False,False,False,W100_COSINE_FULL_BUDGET,NONE,TA2-D02,09 LONGER BUDGET,M05 fresh100K; 처음부터 cosine100K,TA2-M05,PLANNED_NOT_RUN
PANDA_ALIGNER_TEACHER_LMS_GT_S135_20261006_v2,s1,WV3,8,2047,2,261006102,152,09 LONGER BUDGET,ATL2_WV3_S1_R2_SS261006102_D01_F100K_v2,TEACHER_P0_W112_D123,PER_IMAGE_LMS_GRAD_FIXED,NATIVE_LMS,BICUBIC_MS,0,1,2.0,STOPGRAD_NATIVE,NONE,MULTISCALE_GNCC_SQUARED,0,NATIVE,False,0.0001,0,100000,FRESH,3,HQNR_MAX50,EXACT_FINAL,TEACHER_ONLY,P0,False,False,False,False,W100_COSINE_FULL_BUDGET,NONE,TA2-D01,09 LONGER BUDGET,B03 fresh100K; 처음부터 cosine100K,TA2-B03,PLANNED_NOT_RUN
PANDA_ALIGNER_TEACHER_LMS_GT_S135_20261006_v2,s1,WV3,8,2047,3,261006103,153,09 LONGER BUDGET,ATL2_WV3_S1_R3_SS261006103_D02_F100K_v2,TEACHER_P0_W112_D123,CNN,NATIVE_LMS,BICUBIC_MS,0.001,1,2.0,STOPGRAD_NATIVE,NONE,MULTISCALE_GNCC_SQUARED,0,NATIVE,True,0.0001,1e-05,100000,FRESH,3,HQNR_MAX50,EXACT_FINAL,TEACHER_ONLY,P0,False,False,False,False,W100_COSINE_FULL_BUDGET,NONE,TA2-D02,09 LONGER BUDGET,M05 fresh100K; 처음부터 cosine100K,TA2-M05,PLANNED_NOT_RUN
PANDA_ALIGNER_TEACHER_LMS_GT_S135_20261006_v2,s1,WV3,8,2047,3,261006103,154,09 LONGER BUDGET,ATL2_WV3_S1_R3_SS261006103_D03_F100K_v2,TEACHER_P0_W112_D123,CNN,NATIVE_LMS,BICUBIC_MS,0.001,1,2.0,STOPGRAD_NATIVE,GT,MULTISCALE_GNCC_SQUARED,0.01,NATIVE,True,0.0001,1e-05,100000,FRESH,3,HQNR_MAX50,EXACT_FINAL,TEACHER_ONLY,P0,False,False,False,False,W100_COSINE_FULL_BUDGET,NONE,TA2-D03,09 LONGER BUDGET,M07 fresh100K; 처음부터 cosine100K,TA2-M07,PLANNED_NOT_RUN
PANDA_ALIGNER_TEACHER_LMS_GT_S135_20261006_v2,s1,WV3,8,2047,3,261006103,155,09 LONGER BUDGET,ATL2_WV3_S1_R3_SS261006103_D00_F100K_v2,TEACHER_P0_W112_D123,NONE,NA,BICUBIC_MS,0,1,2.0,STOPGRAD_NATIVE,NONE,MULTISCALE_GNCC_SQUARED,0,NATIVE,False,0.0001,0,100000,FRESH,3,HQNR_MAX50,EXACT_FINAL,TEACHER_ONLY,P0,False,False,False,False,W100_COSINE_FULL_BUDGET,NONE,TA2-D00,09 LONGER BUDGET,B00 fresh100K; 처음부터 cosine100K,TA2-B00,PLANNED_NOT_RUN
PANDA_ALIGNER_TEACHER_LMS_GT_S135_20261006_v2,s1,WV3,8,2047,3,261006103,156,09 LONGER BUDGET,ATL2_WV3_S1_R3_SS261006103_D01_F100K_v2,TEACHER_P0_W112_D123,PER_IMAGE_LMS_GRAD_FIXED,NATIVE_LMS,BICUBIC_MS,0,1,2.0,STOPGRAD_NATIVE,NONE,MULTISCALE_GNCC_SQUARED,0,NATIVE,False,0.0001,0,100000,FRESH,3,HQNR_MAX50,EXACT_FINAL,TEACHER_ONLY,P0,False,False,False,False,W100_COSINE_FULL_BUDGET,NONE,TA2-D01,09 LONGER BUDGET,B03 fresh100K; 처음부터 cosine100K,TA2-B03,PLANNED_NOT_RUN
PANDA_ALIGNER_TEACHER_LMS_GT_S135_20261006_v2,s3,QB,4,2047,1,261006301,1,P0_CORE,ATL2_QB_S3_R1_SS261006301_B00_F50K_v2,TEACHER_P0_W112_D123,NONE,NA,BICUBIC_MS,0,1,2.0,STOPGRAD_NATIVE,NONE,MULTISCALE_GNCC_SQUARED,0,NATIVE,False,0.0001,0,50000,FRESH,3,HQNR_MAX50,EXACT_FINAL,TEACHER_ONLY,P0,False,False,False,False,W100_COSINE_FULL_BUDGET,NONE,TA2-B00,01 NO-ALIGNER / FIXED SHIFT,무정합 U-Net 재학습; sampler bypass,,PLANNED_NOT_RUN
PANDA_ALIGNER_TEACHER_LMS_GT_S135_20261006_v2,s3,QB,4,2047,1,261006301,2,P0_CORE,ATL2_QB_S3_R1_SS261006301_B02_F50K_v2,TEACHER_P0_W112_D123,TRAIN_GLOBAL_MEDIAN,NATIVE_LMS,BICUBIC_MS,0,1,2.0,STOPGRAD_NATIVE,NONE,MULTISCALE_GNCC_SQUARED,0,NATIVE,False,0.0001,0,50000,FRESH,3,HQNR_MAX50,EXACT_FINAL,TEACHER_ONLY,P0,False,False,False,False,W100_COSINE_FULL_BUDGET,NONE,TA2-B02,01 NO-ALIGNER / FIXED SHIFT,학습 split의 사전 LMS 추정치 중앙값 하나 고정,TA2-B00,PLANNED_NOT_RUN
PANDA_ALIGNER_TEACHER_LMS_GT_S135_20261006_v2,s3,QB,4,2047,1,261006301,3,P0_CORE,ATL2_QB_S3_R1_SS261006301_B03_F50K_v2,TEACHER_P0_W112_D123,PER_IMAGE_LMS_GRAD_FIXED,NATIVE_LMS,BICUBIC_MS,0,1,2.0,STOPGRAD_NATIVE,NONE,MULTISCALE_GNCC_SQUARED,0,NATIVE,False,0.0001,0,50000,FRESH,3,HQNR_MAX50,EXACT_FINAL,TEACHER_ONLY,P0,False,False,False,False,W100_COSINE_FULL_BUDGET,NONE,TA2-B03,01 NO-ALIGNER / FIXED SHIFT,영상별 PAN-LMS gradient 등록 shift 고정 후 U 학습,TA2-B00,PLANNED_NOT_RUN
PANDA_ALIGNER_TEACHER_LMS_GT_S135_20261006_v2,s3,QB,4,2047,1,261006301,4,P0_CORE,ATL2_QB_S3_R1_SS261006301_B04_F50K_v2,TEACHER_P0_W112_D123,PER_IMAGE_LMS_INT_FIXED,NATIVE_LMS,BICUBIC_MS,0,1,2.0,STOPGRAD_NATIVE,NONE,MULTISCALE_GNCC_SQUARED,0,NATIVE,False,0.0001,0,50000,FRESH,3,HQNR_MAX50,EXACT_FINAL,TEACHER_ONLY,P0,False,False,False,False,W100_COSINE_FULL_BUDGET,NONE,TA2-B04,01 NO-ALIGNER / FIXED SHIFT,영상별 PAN-LMS intensity 등록 shift 고정 후 U 학습,TA2-B03,PLANNED_NOT_RUN
PANDA_ALIGNER_TEACHER_LMS_GT_S135_20261006_v2,s3,QB,4,2047,1,261006301,5,P0_CORE,ATL2_QB_S3_R1_SS261006301_B05_F50K_v2,TEACHER_P0_W112_D123,PER_IMAGE_BIC_GRAD_FIXED,BICUBIC_MS,BICUBIC_MS,0,1,2.0,STOPGRAD_NATIVE,NONE,MULTISCALE_GNCC_SQUARED,0,NATIVE,False,0.0001,0,50000,FRESH,3,HQNR_MAX50,EXACT_FINAL,TEACHER_ONLY,P0,False,False,False,False,W100_COSINE_FULL_BUDGET,NONE,TA2-B05,01 NO-ALIGNER / FIXED SHIFT,영상별 PAN-bicubic MS 등록 shift 고정,TA2-B03,PLANNED_NOT_RUN
PANDA_ALIGNER_TEACHER_LMS_GT_S135_20261006_v2,s3,QB,4,2047,1,261006301,6,P0_CORE,ATL2_QB_S3_R1_SS261006301_B07_F50K_v2,TEACHER_P0_W112_D123,LEARNED_GLOBAL_2VECTOR,NA,BICUBIC_MS,0,1,2.0,STOPGRAD_NATIVE,NONE,MULTISCALE_GNCC_SQUARED,0,NATIVE,True,0.0001,1e-05,50000,FRESH,3,HQNR_MAX50,EXACT_FINAL,TEACHER_ONLY,P0,False,False,False,False,W100_COSINE_FULL_BUDGET,2_PARAMETERS_CANONICAL_FRAME,TA2-B07,01 NO-ALIGNER / FIXED SHIFT,CNN 없이 학습 가능한 전역 2변수 shift + U-Net,TA2-B00,PLANNED_NOT_RUN
PANDA_ALIGNER_TEACHER_LMS_GT_S135_20261006_v2,s3,QB,4,2047,1,261006301,7,P0_CORE,ATL2_QB_S3_R1_SS261006301_M00_F50K_v2,TEACHER_P0_W112_D123,CNN,BICUBIC_MS,BICUBIC_MS,0,1,2.0,STOPGRAD_NATIVE,NONE,MULTISCALE_GNCC_SQUARED,0,NATIVE,True,0.0001,1e-05,50000,FRESH,3,HQNR_MAX50,EXACT_FINAL,TEACHER_ONLY,P0,False,False,False,False,W100_COSINE_FULL_BUDGET,NONE,TA2-M00,02 REFERENCE × EPSILON × STRUCTURE,BICUBIC_MS A 입력 | rec + no epsilon + no direct structure,TA2-B00,PLANNED_NOT_RUN
PANDA_ALIGNER_TEACHER_LMS_GT_S135_20261006_v2,s3,QB,4,2047,1,261006301,8,P0_CORE,ATL2_QB_S3_R1_SS261006301_M01_F50K_v2,TEACHER_P0_W112_D123,CNN,BICUBIC_MS,BICUBIC_MS,0.001,1,2.0,STOPGRAD_NATIVE,NONE,MULTISCALE_GNCC_SQUARED,0,NATIVE,True,0.0001,1e-05,50000,FRESH,3,HQNR_MAX50,EXACT_FINAL,TEACHER_ONLY,P0,False,False,False,False,W100_COSINE_FULL_BUDGET,NONE,TA2-M01,02 REFERENCE × EPSILON × STRUCTURE,BICUBIC_MS A 입력 | rec + epsilon + no direct structure,TA2-M00,PLANNED_NOT_RUN
PANDA_ALIGNER_TEACHER_LMS_GT_S135_20261006_v2,s3,QB,4,2047,1,261006301,9,P0_CORE,ATL2_QB_S3_R1_SS261006301_M02_F50K_v2,TEACHER_P0_W112_D123,CNN,BICUBIC_MS,BICUBIC_MS,0,1,2.0,STOPGRAD_NATIVE,GT,MULTISCALE_GNCC_SQUARED,0.01,NATIVE,True,0.0001,1e-05,50000,FRESH,3,HQNR_MAX50,EXACT_FINAL,TEACHER_ONLY,P0,False,False,False,False,W100_COSINE_FULL_BUDGET,NONE,TA2-M02,02 REFERENCE × EPSILON × STRUCTURE,BICUBIC_MS A 입력 | rec + no epsilon + GT 구조 정합,TA2-M00,PLANNED_NOT_RUN
PANDA_ALIGNER_TEACHER_LMS_GT_S135_20261006_v2,s3,QB,4,2047,1,261006301,10,P0_CORE,ATL2_QB_S3_R1_SS261006301_M03_F50K_v2,TEACHER_P0_W112_D123,CNN,BICUBIC_MS,BICUBIC_MS,0.001,1,2.0,STOPGRAD_NATIVE,GT,MULTISCALE_GNCC_SQUARED,0.01,NATIVE,True,0.0001,1e-05,50000,FRESH,3,HQNR_MAX50,EXACT_FINAL,TEACHER_ONLY,P0,False,False,False,False,W100_COSINE_FULL_BUDGET,NONE,TA2-M03,02 REFERENCE × EPSILON × STRUCTURE,BICUBIC_MS A 입력 | rec + epsilon + GT 구조 정합,TA2-M00,PLANNED_NOT_RUN
PANDA_ALIGNER_TEACHER_LMS_GT_S135_20261006_v2,s3,QB,4,2047,1,261006301,11,P0_CORE,ATL2_QB_S3_R1_SS261006301_M04_F50K_v2,TEACHER_P0_W112_D123,CNN,NATIVE_LMS,BICUBIC_MS,0,1,2.0,STOPGRAD_NATIVE,NONE,MULTISCALE_GNCC_SQUARED,0,NATIVE,True,0.0001,1e-05,50000,FRESH,3,HQNR_MAX50,EXACT_FINAL,TEACHER_ONLY,P0,False,False,False,False,W100_COSINE_FULL_BUDGET,NONE,TA2-M04,02 REFERENCE × EPSILON × STRUCTURE,NATIVE_LMS A 입력 | rec + no epsilon + no direct structure,TA2-M00,PLANNED_NOT_RUN
PANDA_ALIGNER_TEACHER_LMS_GT_S135_20261006_v2,s3,QB,4,2047,1,261006301,12,P0_CORE,ATL2_QB_S3_R1_SS261006301_M05_F50K_v2,TEACHER_P0_W112_D123,CNN,NATIVE_LMS,BICUBIC_MS,0.001,1,2.0,STOPGRAD_NATIVE,NONE,MULTISCALE_GNCC_SQUARED,0,NATIVE,True,0.0001,1e-05,50000,FRESH,3,HQNR_MAX50,EXACT_FINAL,TEACHER_ONLY,P0,False,False,False,False,W100_COSINE_FULL_BUDGET,NONE,TA2-M05,02 REFERENCE × EPSILON × STRUCTURE,NATIVE_LMS A 입력 | rec + epsilon + no direct structure,TA2-M01,PLANNED_NOT_RUN
PANDA_ALIGNER_TEACHER_LMS_GT_S135_20261006_v2,s3,QB,4,2047,1,261006301,13,P0_CORE,ATL2_QB_S3_R1_SS261006301_M06_F50K_v2,TEACHER_P0_W112_D123,CNN,NATIVE_LMS,BICUBIC_MS,0,1,2.0,STOPGRAD_NATIVE,GT,MULTISCALE_GNCC_SQUARED,0.01,NATIVE,True,0.0001,1e-05,50000,FRESH,3,HQNR_MAX50,EXACT_FINAL,TEACHER_ONLY,P0,False,False,False,False,W100_COSINE_FULL_BUDGET,NONE,TA2-M06,02 REFERENCE × EPSILON × STRUCTURE,NATIVE_LMS A 입력 | rec + no epsilon + GT 구조 정합,TA2-M02,PLANNED_NOT_RUN
PANDA_ALIGNER_TEACHER_LMS_GT_S135_20261006_v2,s3,QB,4,2047,1,261006301,14,P0_CORE,ATL2_QB_S3_R1_SS261006301_M07_F50K_v2,TEACHER_P0_W112_D123,CNN,NATIVE_LMS,BICUBIC_MS,0.001,1,2.0,STOPGRAD_NATIVE,GT,MULTISCALE_GNCC_SQUARED,0.01,NATIVE,True,0.0001,1e-05,50000,FRESH,3,HQNR_MAX50,EXACT_FINAL,TEACHER_ONLY,P0,False,False,False,False,W100_COSINE_FULL_BUDGET,NONE,TA2-M07,02 REFERENCE × EPSILON × STRUCTURE,NATIVE_LMS A 입력 | rec + epsilon + GT 구조 정합,TA2-M03,PLANNED_NOT_RUN
PANDA_ALIGNER_TEACHER_LMS_GT_S135_20261006_v2,s3,QB,4,2047,1,261006301,15,P0_CORE,ATL2_QB_S3_R1_SS261006301_U00_F50K_v2,TEACHER_P0_W112_D123,NONE,NA,NATIVE_LMS,0,1,2.0,STOPGRAD_NATIVE,NONE,MULTISCALE_GNCC_SQUARED,0,NATIVE,False,0.0001,0,50000,FRESH,3,HQNR_MAX50,EXACT_FINAL,TEACHER_ONLY,P0,False,False,False,False,W100_COSINE_FULL_BUDGET,NONE,TA2-U00,07 U INPUT / BASE COORDINATES,B00 U 입력·residual base도 native LMS로 변경,TA2-B00,PLANNED_NOT_RUN
PANDA_ALIGNER_TEACHER_LMS_GT_S135_20261006_v2,s3,QB,4,2047,1,261006301,16,P0_CORE,ATL2_QB_S3_R1_SS261006301_U03_F50K_v2,TEACHER_P0_W112_D123,CNN,NATIVE_LMS,NATIVE_LMS,0.001,1,2.0,STOPGRAD_NATIVE,GT,MULTISCALE_GNCC_SQUARED,0.01,NATIVE,True,0.0001,1e-05,50000,FRESH,3,HQNR_MAX50,EXACT_FINAL,TEACHER_ONLY,P0,False,False,False,False,W100_COSINE_FULL_BUDGET,NONE,TA2-U03,07 U INPUT / BASE COORDINATES,M07 epsilon+GT 구조; U 입력·base도 native LMS,TA2-M07,PLANNED_NOT_RUN
PANDA_ALIGNER_TEACHER_LMS_GT_S135_20261006_v2,s3,QB,4,2047,2,261006302,17,P0_CORE,ATL2_QB_S3_R2_SS261006302_B00_F50K_v2,TEACHER_P0_W112_D123,NONE,NA,BICUBIC_MS,0,1,2.0,STOPGRAD_NATIVE,NONE,MULTISCALE_GNCC_SQUARED,0,NATIVE,False,0.0001,0,50000,FRESH,3,HQNR_MAX50,EXACT_FINAL,TEACHER_ONLY,P0,False,False,False,False,W100_COSINE_FULL_BUDGET,NONE,TA2-B00,01 NO-ALIGNER / FIXED SHIFT,무정합 U-Net 재학습; sampler bypass,,PLANNED_NOT_RUN
PANDA_ALIGNER_TEACHER_LMS_GT_S135_20261006_v2,s3,QB,4,2047,2,261006302,18,P0_CORE,ATL2_QB_S3_R2_SS261006302_U03_F50K_v2,TEACHER_P0_W112_D123,CNN,NATIVE_LMS,NATIVE_LMS,0.001,1,2.0,STOPGRAD_NATIVE,GT,MULTISCALE_GNCC_SQUARED,0.01,NATIVE,True,0.0001,1e-05,50000,FRESH,3,HQNR_MAX50,EXACT_FINAL,TEACHER_ONLY,P0,False,False,False,False,W100_COSINE_FULL_BUDGET,NONE,TA2-U03,07 U INPUT / BASE COORDINATES,M07 epsilon+GT 구조; U 입력·base도 native LMS,TA2-M07,PLANNED_NOT_RUN
PANDA_ALIGNER_TEACHER_LMS_GT_S135_20261006_v2,s3,QB,4,2047,2,261006302,19,P0_CORE,ATL2_QB_S3_R2_SS261006302_U00_F50K_v2,TEACHER_P0_W112_D123,NONE,NA,NATIVE_LMS,0,1,2.0,STOPGRAD_NATIVE,NONE,MULTISCALE_GNCC_SQUARED,0,NATIVE,False,0.0001,0,50000,FRESH,3,HQNR_MAX50,EXACT_FINAL,TEACHER_ONLY,P0,False,False,False,False,W100_COSINE_FULL_BUDGET,NONE,TA2-U00,07 U INPUT / BASE COORDINATES,B00 U 입력·residual base도 native LMS로 변경,TA2-B00,PLANNED_NOT_RUN
PANDA_ALIGNER_TEACHER_LMS_GT_S135_20261006_v2,s3,QB,4,2047,2,261006302,20,P0_CORE,ATL2_QB_S3_R2_SS261006302_M07_F50K_v2,TEACHER_P0_W112_D123,CNN,NATIVE_LMS,BICUBIC_MS,0.001,1,2.0,STOPGRAD_NATIVE,GT,MULTISCALE_GNCC_SQUARED,0.01,NATIVE,True,0.0001,1e-05,50000,FRESH,3,HQNR_MAX50,EXACT_FINAL,TEACHER_ONLY,P0,False,False,False,False,W100_COSINE_FULL_BUDGET,NONE,TA2-M07,02 REFERENCE × EPSILON × STRUCTURE,NATIVE_LMS A 입력 | rec + epsilon + GT 구조 정합,TA2-M03,PLANNED_NOT_RUN
PANDA_ALIGNER_TEACHER_LMS_GT_S135_20261006_v2,s3,QB,4,2047,2,261006302,21,P0_CORE,ATL2_QB_S3_R2_SS261006302_M06_F50K_v2,TEACHER_P0_W112_D123,CNN,NATIVE_LMS,BICUBIC_MS,0,1,2.0,STOPGRAD_NATIVE,GT,MULTISCALE_GNCC_SQUARED,0.01,NATIVE,True,0.0001,1e-05,50000,FRESH,3,HQNR_MAX50,EXACT_FINAL,TEACHER_ONLY,P0,False,False,False,False,W100_COSINE_FULL_BUDGET,NONE,TA2-M06,02 REFERENCE × EPSILON × STRUCTURE,NATIVE_LMS A 입력 | rec + no epsilon + GT 구조 정합,TA2-M02,PLANNED_NOT_RUN
PANDA_ALIGNER_TEACHER_LMS_GT_S135_20261006_v2,s3,QB,4,2047,2,261006302,22,P0_CORE,ATL2_QB_S3_R2_SS261006302_M05_F50K_v2,TEACHER_P0_W112_D123,CNN,NATIVE_LMS,BICUBIC_MS,0.001,1,2.0,STOPGRAD_NATIVE,NONE,MULTISCALE_GNCC_SQUARED,0,NATIVE,True,0.0001,1e-05,50000,FRESH,3,HQNR_MAX50,EXACT_FINAL,TEACHER_ONLY,P0,False,False,False,False,W100_COSINE_FULL_BUDGET,NONE,TA2-M05,02 REFERENCE × EPSILON × STRUCTURE,NATIVE_LMS A 입력 | rec + epsilon + no direct structure,TA2-M01,PLANNED_NOT_RUN
PANDA_ALIGNER_TEACHER_LMS_GT_S135_20261006_v2,s3,QB,4,2047,2,261006302,23,P0_CORE,ATL2_QB_S3_R2_SS261006302_M04_F50K_v2,TEACHER_P0_W112_D123,CNN,NATIVE_LMS,BICUBIC_MS,0,1,2.0,STOPGRAD_NATIVE,NONE,MULTISCALE_GNCC_SQUARED,0,NATIVE,True,0.0001,1e-05,50000,FRESH,3,HQNR_MAX50,EXACT_FINAL,TEACHER_ONLY,P0,False,False,False,False,W100_COSINE_FULL_BUDGET,NONE,TA2-M04,02 REFERENCE × EPSILON × STRUCTURE,NATIVE_LMS A 입력 | rec + no epsilon + no direct structure,TA2-M00,PLANNED_NOT_RUN
PANDA_ALIGNER_TEACHER_LMS_GT_S135_20261006_v2,s3,QB,4,2047,2,261006302,24,P0_CORE,ATL2_QB_S3_R2_SS261006302_M03_F50K_v2,TEACHER_P0_W112_D123,CNN,BICUBIC_MS,BICUBIC_MS,0.001,1,2.0,STOPGRAD_NATIVE,GT,MULTISCALE_GNCC_SQUARED,0.01,NATIVE,True,0.0001,1e-05,50000,FRESH,3,HQNR_MAX50,EXACT_FINAL,TEACHER_ONLY,P0,False,False,False,False,W100_COSINE_FULL_BUDGET,NONE,TA2-M03,02 REFERENCE × EPSILON × STRUCTURE,BICUBIC_MS A 입력 | rec + epsilon + GT 구조 정합,TA2-M00,PLANNED_NOT_RUN
PANDA_ALIGNER_TEACHER_LMS_GT_S135_20261006_v2,s3,QB,4,2047,2,261006302,25,P0_CORE,ATL2_QB_S3_R2_SS261006302_M02_F50K_v2,TEACHER_P0_W112_D123,CNN,BICUBIC_MS,BICUBIC_MS,0,1,2.0,STOPGRAD_NATIVE,GT,MULTISCALE_GNCC_SQUARED,0.01,NATIVE,True,0.0001,1e-05,50000,FRESH,3,HQNR_MAX50,EXACT_FINAL,TEACHER_ONLY,P0,False,False,False,False,W100_COSINE_FULL_BUDGET,NONE,TA2-M02,02 REFERENCE × EPSILON × STRUCTURE,BICUBIC_MS A 입력 | rec + no epsilon + GT 구조 정합,TA2-M00,PLANNED_NOT_RUN
PANDA_ALIGNER_TEACHER_LMS_GT_S135_20261006_v2,s3,QB,4,2047,2,261006302,26,P0_CORE,ATL2_QB_S3_R2_SS261006302_M01_F50K_v2,TEACHER_P0_W112_D123,CNN,BICUBIC_MS,BICUBIC_MS,0.001,1,2.0,STOPGRAD_NATIVE,NONE,MULTISCALE_GNCC_SQUARED,0,NATIVE,True,0.0001,1e-05,50000,FRESH,3,HQNR_MAX50,EXACT_FINAL,TEACHER_ONLY,P0,False,False,False,False,W100_COSINE_FULL_BUDGET,NONE,TA2-M01,02 REFERENCE × EPSILON × STRUCTURE,BICUBIC_MS A 입력 | rec + epsilon + no direct structure,TA2-M00,PLANNED_NOT_RUN
PANDA_ALIGNER_TEACHER_LMS_GT_S135_20261006_v2,s3,QB,4,2047,2,261006302,27,P0_CORE,ATL2_QB_S3_R2_SS261006302_M00_F50K_v2,TEACHER_P0_W112_D123,CNN,BICUBIC_MS,BICUBIC_MS,0,1,2.0,STOPGRAD_NATIVE,NONE,MULTISCALE_GNCC_SQUARED,0,NATIVE,True,0.0001,1e-05,50000,FRESH,3,HQNR_MAX50,EXACT_FINAL,TEACHER_ONLY,P0,False,False,False,False,W100_COSINE_FULL_BUDGET,NONE,TA2-M00,02 REFERENCE × EPSILON × STRUCTURE,BICUBIC_MS A 입력 | rec + no epsilon + no direct structure,TA2-B00,PLANNED_NOT_RUN
PANDA_ALIGNER_TEACHER_LMS_GT_S135_20261006_v2,s3,QB,4,2047,2,261006302,28,P0_CORE,ATL2_QB_S3_R2_SS261006302_B07_F50K_v2,TEACHER_P0_W112_D123,LEARNED_GLOBAL_2VECTOR,NA,BICUBIC_MS,0,1,2.0,STOPGRAD_NATIVE,NONE,MULTISCALE_GNCC_SQUARED,0,NATIVE,True,0.0001,1e-05,50000,FRESH,3,HQNR_MAX50,EXACT_FINAL,TEACHER_ONLY,P0,False,False,False,False,W100_COSINE_FULL_BUDGET,2_PARAMETERS_CANONICAL_FRAME,TA2-B07,01 NO-ALIGNER / FIXED SHIFT,CNN 없이 학습 가능한 전역 2변수 shift + U-Net,TA2-B00,PLANNED_NOT_RUN
PANDA_ALIGNER_TEACHER_LMS_GT_S135_20261006_v2,s3,QB,4,2047,2,261006302,29,P0_CORE,ATL2_QB_S3_R2_SS261006302_B05_F50K_v2,TEACHER_P0_W112_D123,PER_IMAGE_BIC_GRAD_FIXED,BICUBIC_MS,BICUBIC_MS,0,1,2.0,STOPGRAD_NATIVE,NONE,MULTISCALE_GNCC_SQUARED,0,NATIVE,False,0.0001,0,50000,FRESH,3,HQNR_MAX50,EXACT_FINAL,TEACHER_ONLY,P0,False,False,False,False,W100_COSINE_FULL_BUDGET,NONE,TA2-B05,01 NO-ALIGNER / FIXED SHIFT,영상별 PAN-bicubic MS 등록 shift 고정,TA2-B03,PLANNED_NOT_RUN
PANDA_ALIGNER_TEACHER_LMS_GT_S135_20261006_v2,s3,QB,4,2047,2,261006302,30,P0_CORE,ATL2_QB_S3_R2_SS261006302_B04_F50K_v2,TEACHER_P0_W112_D123,PER_IMAGE_LMS_INT_FIXED,NATIVE_LMS,BICUBIC_MS,0,1,2.0,STOPGRAD_NATIVE,NONE,MULTISCALE_GNCC_SQUARED,0,NATIVE,False,0.0001,0,50000,FRESH,3,HQNR_MAX50,EXACT_FINAL,TEACHER_ONLY,P0,False,False,False,False,W100_COSINE_FULL_BUDGET,NONE,TA2-B04,01 NO-ALIGNER / FIXED SHIFT,영상별 PAN-LMS intensity 등록 shift 고정 후 U 학습,TA2-B03,PLANNED_NOT_RUN
PANDA_ALIGNER_TEACHER_LMS_GT_S135_20261006_v2,s3,QB,4,2047,2,261006302,31,P0_CORE,ATL2_QB_S3_R2_SS261006302_B03_F50K_v2,TEACHER_P0_W112_D123,PER_IMAGE_LMS_GRAD_FIXED,NATIVE_LMS,BICUBIC_MS,0,1,2.0,STOPGRAD_NATIVE,NONE,MULTISCALE_GNCC_SQUARED,0,NATIVE,False,0.0001,0,50000,FRESH,3,HQNR_MAX50,EXACT_FINAL,TEACHER_ONLY,P0,False,False,False,False,W100_COSINE_FULL_BUDGET,NONE,TA2-B03,01 NO-ALIGNER / FIXED SHIFT,영상별 PAN-LMS gradient 등록 shift 고정 후 U 학습,TA2-B00,PLANNED_NOT_RUN
PANDA_ALIGNER_TEACHER_LMS_GT_S135_20261006_v2,s3,QB,4,2047,2,261006302,32,P0_CORE,ATL2_QB_S3_R2_SS261006302_B02_F50K_v2,TEACHER_P0_W112_D123,TRAIN_GLOBAL_MEDIAN,NATIVE_LMS,BICUBIC_MS,0,1,2.0,STOPGRAD_NATIVE,NONE,MULTISCALE_GNCC_SQUARED,0,NATIVE,False,0.0001,0,50000,FRESH,3,HQNR_MAX50,EXACT_FINAL,TEACHER_ONLY,P0,False,False,False,False,W100_COSINE_FULL_BUDGET,NONE,TA2-B02,01 NO-ALIGNER / FIXED SHIFT,학습 split의 사전 LMS 추정치 중앙값 하나 고정,TA2-B00,PLANNED_NOT_RUN
PANDA_ALIGNER_TEACHER_LMS_GT_S135_20261006_v2,s3,QB,4,2047,3,261006303,33,P0_CORE,ATL2_QB_S3_R3_SS261006303_B03_F50K_v2,TEACHER_P0_W112_D123,PER_IMAGE_LMS_GRAD_FIXED,NATIVE_LMS,BICUBIC_MS,0,1,2.0,STOPGRAD_NATIVE,NONE,MULTISCALE_GNCC_SQUARED,0,NATIVE,False,0.0001,0,50000,FRESH,3,HQNR_MAX50,EXACT_FINAL,TEACHER_ONLY,P0,False,False,False,False,W100_COSINE_FULL_BUDGET,NONE,TA2-B03,01 NO-ALIGNER / FIXED SHIFT,영상별 PAN-LMS gradient 등록 shift 고정 후 U 학습,TA2-B00,PLANNED_NOT_RUN
PANDA_ALIGNER_TEACHER_LMS_GT_S135_20261006_v2,s3,QB,4,2047,3,261006303,34,P0_CORE,ATL2_QB_S3_R3_SS261006303_B04_F50K_v2,TEACHER_P0_W112_D123,PER_IMAGE_LMS_INT_FIXED,NATIVE_LMS,BICUBIC_MS,0,1,2.0,STOPGRAD_NATIVE,NONE,MULTISCALE_GNCC_SQUARED,0,NATIVE,False,0.0001,0,50000,FRESH,3,HQNR_MAX50,EXACT_FINAL,TEACHER_ONLY,P0,False,False,False,False,W100_COSINE_FULL_BUDGET,NONE,TA2-B04,01 NO-ALIGNER / FIXED SHIFT,영상별 PAN-LMS intensity 등록 shift 고정 후 U 학습,TA2-B03,PLANNED_NOT_RUN
PANDA_ALIGNER_TEACHER_LMS_GT_S135_20261006_v2,s3,QB,4,2047,3,261006303,35,P0_CORE,ATL2_QB_S3_R3_SS261006303_B05_F50K_v2,TEACHER_P0_W112_D123,PER_IMAGE_BIC_GRAD_FIXED,BICUBIC_MS,BICUBIC_MS,0,1,2.0,STOPGRAD_NATIVE,NONE,MULTISCALE_GNCC_SQUARED,0,NATIVE,False,0.0001,0,50000,FRESH,3,HQNR_MAX50,EXACT_FINAL,TEACHER_ONLY,P0,False,False,False,False,W100_COSINE_FULL_BUDGET,NONE,TA2-B05,01 NO-ALIGNER / FIXED SHIFT,영상별 PAN-bicubic MS 등록 shift 고정,TA2-B03,PLANNED_NOT_RUN
PANDA_ALIGNER_TEACHER_LMS_GT_S135_20261006_v2,s3,QB,4,2047,3,261006303,36,P0_CORE,ATL2_QB_S3_R3_SS261006303_B07_F50K_v2,TEACHER_P0_W112_D123,LEARNED_GLOBAL_2VECTOR,NA,BICUBIC_MS,0,1,2.0,STOPGRAD_NATIVE,NONE,MULTISCALE_GNCC_SQUARED,0,NATIVE,True,0.0001,1e-05,50000,FRESH,3,HQNR_MAX50,EXACT_FINAL,TEACHER_ONLY,P0,False,False,False,False,W100_COSINE_FULL_BUDGET,2_PARAMETERS_CANONICAL_FRAME,TA2-B07,01 NO-ALIGNER / FIXED SHIFT,CNN 없이 학습 가능한 전역 2변수 shift + U-Net,TA2-B00,PLANNED_NOT_RUN
PANDA_ALIGNER_TEACHER_LMS_GT_S135_20261006_v2,s3,QB,4,2047,3,261006303,37,P0_CORE,ATL2_QB_S3_R3_SS261006303_M00_F50K_v2,TEACHER_P0_W112_D123,CNN,BICUBIC_MS,BICUBIC_MS,0,1,2.0,STOPGRAD_NATIVE,NONE,MULTISCALE_GNCC_SQUARED,0,NATIVE,True,0.0001,1e-05,50000,FRESH,3,HQNR_MAX50,EXACT_FINAL,TEACHER_ONLY,P0,False,False,False,False,W100_COSINE_FULL_BUDGET,NONE,TA2-M00,02 REFERENCE × EPSILON × STRUCTURE,BICUBIC_MS A 입력 | rec + no epsilon + no direct structure,TA2-B00,PLANNED_NOT_RUN
PANDA_ALIGNER_TEACHER_LMS_GT_S135_20261006_v2,s3,QB,4,2047,3,261006303,38,P0_CORE,ATL2_QB_S3_R3_SS261006303_M01_F50K_v2,TEACHER_P0_W112_D123,CNN,BICUBIC_MS,BICUBIC_MS,0.001,1,2.0,STOPGRAD_NATIVE,NONE,MULTISCALE_GNCC_SQUARED,0,NATIVE,True,0.0001,1e-05,50000,FRESH,3,HQNR_MAX50,EXACT_FINAL,TEACHER_ONLY,P0,False,False,False,False,W100_COSINE_FULL_BUDGET,NONE,TA2-M01,02 REFERENCE × EPSILON × STRUCTURE,BICUBIC_MS A 입력 | rec + epsilon + no direct structure,TA2-M00,PLANNED_NOT_RUN
PANDA_ALIGNER_TEACHER_LMS_GT_S135_20261006_v2,s3,QB,4,2047,3,261006303,39,P0_CORE,ATL2_QB_S3_R3_SS261006303_M02_F50K_v2,TEACHER_P0_W112_D123,CNN,BICUBIC_MS,BICUBIC_MS,0,1,2.0,STOPGRAD_NATIVE,GT,MULTISCALE_GNCC_SQUARED,0.01,NATIVE,True,0.0001,1e-05,50000,FRESH,3,HQNR_MAX50,EXACT_FINAL,TEACHER_ONLY,P0,False,False,False,False,W100_COSINE_FULL_BUDGET,NONE,TA2-M02,02 REFERENCE × EPSILON × STRUCTURE,BICUBIC_MS A 입력 | rec + no epsilon + GT 구조 정합,TA2-M00,PLANNED_NOT_RUN
PANDA_ALIGNER_TEACHER_LMS_GT_S135_20261006_v2,s3,QB,4,2047,3,261006303,40,P0_CORE,ATL2_QB_S3_R3_SS261006303_M03_F50K_v2,TEACHER_P0_W112_D123,CNN,BICUBIC_MS,BICUBIC_MS,0.001,1,2.0,STOPGRAD_NATIVE,GT,MULTISCALE_GNCC_SQUARED,0.01,NATIVE,True,0.0001,1e-05,50000,FRESH,3,HQNR_MAX50,EXACT_FINAL,TEACHER_ONLY,P0,False,False,False,False,W100_COSINE_FULL_BUDGET,NONE,TA2-M03,02 REFERENCE × EPSILON × STRUCTURE,BICUBIC_MS A 입력 | rec + epsilon + GT 구조 정합,TA2-M00,PLANNED_NOT_RUN
PANDA_ALIGNER_TEACHER_LMS_GT_S135_20261006_v2,s3,QB,4,2047,3,261006303,41,P0_CORE,ATL2_QB_S3_R3_SS261006303_M04_F50K_v2,TEACHER_P0_W112_D123,CNN,NATIVE_LMS,BICUBIC_MS,0,1,2.0,STOPGRAD_NATIVE,NONE,MULTISCALE_GNCC_SQUARED,0,NATIVE,True,0.0001,1e-05,50000,FRESH,3,HQNR_MAX50,EXACT_FINAL,TEACHER_ONLY,P0,False,False,False,False,W100_COSINE_FULL_BUDGET,NONE,TA2-M04,02 REFERENCE × EPSILON × STRUCTURE,NATIVE_LMS A 입력 | rec + no epsilon + no direct structure,TA2-M00,PLANNED_NOT_RUN
PANDA_ALIGNER_TEACHER_LMS_GT_S135_20261006_v2,s3,QB,4,2047,3,261006303,42,P0_CORE,ATL2_QB_S3_R3_SS261006303_M05_F50K_v2,TEACHER_P0_W112_D123,CNN,NATIVE_LMS,BICUBIC_MS,0.001,1,2.0,STOPGRAD_NATIVE,NONE,MULTISCALE_GNCC_SQUARED,0,NATIVE,True,0.0001,1e-05,50000,FRESH,3,HQNR_MAX50,EXACT_FINAL,TEACHER_ONLY,P0,False,False,False,False,W100_COSINE_FULL_BUDGET,NONE,TA2-M05,02 REFERENCE × EPSILON × STRUCTURE,NATIVE_LMS A 입력 | rec + epsilon + no direct structure,TA2-M01,PLANNED_NOT_RUN
PANDA_ALIGNER_TEACHER_LMS_GT_S135_20261006_v2,s3,QB,4,2047,3,261006303,43,P0_CORE,ATL2_QB_S3_R3_SS261006303_M06_F50K_v2,TEACHER_P0_W112_D123,CNN,NATIVE_LMS,BICUBIC_MS,0,1,2.0,STOPGRAD_NATIVE,GT,MULTISCALE_GNCC_SQUARED,0.01,NATIVE,True,0.0001,1e-05,50000,FRESH,3,HQNR_MAX50,EXACT_FINAL,TEACHER_ONLY,P0,False,False,False,False,W100_COSINE_FULL_BUDGET,NONE,TA2-M06,02 REFERENCE × EPSILON × STRUCTURE,NATIVE_LMS A 입력 | rec + no epsilon + GT 구조 정합,TA2-M02,PLANNED_NOT_RUN
PANDA_ALIGNER_TEACHER_LMS_GT_S135_20261006_v2,s3,QB,4,2047,3,261006303,44,P0_CORE,ATL2_QB_S3_R3_SS261006303_M07_F50K_v2,TEACHER_P0_W112_D123,CNN,NATIVE_LMS,BICUBIC_MS,0.001,1,2.0,STOPGRAD_NATIVE,GT,MULTISCALE_GNCC_SQUARED,0.01,NATIVE,True,0.0001,1e-05,50000,FRESH,3,HQNR_MAX50,EXACT_FINAL,TEACHER_ONLY,P0,False,False,False,False,W100_COSINE_FULL_BUDGET,NONE,TA2-M07,02 REFERENCE × EPSILON × STRUCTURE,NATIVE_LMS A 입력 | rec + epsilon + GT 구조 정합,TA2-M03,PLANNED_NOT_RUN
PANDA_ALIGNER_TEACHER_LMS_GT_S135_20261006_v2,s3,QB,4,2047,3,261006303,45,P0_CORE,ATL2_QB_S3_R3_SS261006303_U00_F50K_v2,TEACHER_P0_W112_D123,NONE,NA,NATIVE_LMS,0,1,2.0,STOPGRAD_NATIVE,NONE,MULTISCALE_GNCC_SQUARED,0,NATIVE,False,0.0001,0,50000,FRESH,3,HQNR_MAX50,EXACT_FINAL,TEACHER_ONLY,P0,False,False,False,False,W100_COSINE_FULL_BUDGET,NONE,TA2-U00,07 U INPUT / BASE COORDINATES,B00 U 입력·residual base도 native LMS로 변경,TA2-B00,PLANNED_NOT_RUN
PANDA_ALIGNER_TEACHER_LMS_GT_S135_20261006_v2,s3,QB,4,2047,3,261006303,46,P0_CORE,ATL2_QB_S3_R3_SS261006303_U03_F50K_v2,TEACHER_P0_W112_D123,CNN,NATIVE_LMS,NATIVE_LMS,0.001,1,2.0,STOPGRAD_NATIVE,GT,MULTISCALE_GNCC_SQUARED,0.01,NATIVE,True,0.0001,1e-05,50000,FRESH,3,HQNR_MAX50,EXACT_FINAL,TEACHER_ONLY,P0,False,False,False,False,W100_COSINE_FULL_BUDGET,NONE,TA2-U03,07 U INPUT / BASE COORDINATES,M07 epsilon+GT 구조; U 입력·base도 native LMS,TA2-M07,PLANNED_NOT_RUN
PANDA_ALIGNER_TEACHER_LMS_GT_S135_20261006_v2,s3,QB,4,2047,3,261006303,47,P0_CORE,ATL2_QB_S3_R3_SS261006303_B00_F50K_v2,TEACHER_P0_W112_D123,NONE,NA,BICUBIC_MS,0,1,2.0,STOPGRAD_NATIVE,NONE,MULTISCALE_GNCC_SQUARED,0,NATIVE,False,0.0001,0,50000,FRESH,3,HQNR_MAX50,EXACT_FINAL,TEACHER_ONLY,P0,False,False,False,False,W100_COSINE_FULL_BUDGET,NONE,TA2-B00,01 NO-ALIGNER / FIXED SHIFT,무정합 U-Net 재학습; sampler bypass,,PLANNED_NOT_RUN
PANDA_ALIGNER_TEACHER_LMS_GT_S135_20261006_v2,s3,QB,4,2047,3,261006303,48,P0_CORE,ATL2_QB_S3_R3_SS261006303_B02_F50K_v2,TEACHER_P0_W112_D123,TRAIN_GLOBAL_MEDIAN,NATIVE_LMS,BICUBIC_MS,0,1,2.0,STOPGRAD_NATIVE,NONE,MULTISCALE_GNCC_SQUARED,0,NATIVE,False,0.0001,0,50000,FRESH,3,HQNR_MAX50,EXACT_FINAL,TEACHER_ONLY,P0,False,False,False,False,W100_COSINE_FULL_BUDGET,NONE,TA2-B02,01 NO-ALIGNER / FIXED SHIFT,학습 split의 사전 LMS 추정치 중앙값 하나 고정,TA2-B00,PLANNED_NOT_RUN
PANDA_ALIGNER_TEACHER_LMS_GT_S135_20261006_v2,s3,QB,4,2047,1,261006301,49,01 NO-ALIGNER / FIXED SHIFT,ATL2_QB_S3_R1_SS261006301_B01_F50K_v2,TEACHER_P0_W112_D123,ZERO_WARP,NA,BICUBIC_MS,0,1,2.0,STOPGRAD_NATIVE,NONE,MULTISCALE_GNCC_SQUARED,0,NATIVE,False,0.0001,0,50000,FRESH,3,HQNR_MAX50,EXACT_FINAL,TEACHER_ONLY,P0,False,False,False,False,W100_COSINE_FULL_BUDGET,NONE,TA2-B01,01 NO-ALIGNER / FIXED SHIFT,zero shift sampler; 항등 resampling 대조,TA2-B00,PLANNED_NOT_RUN
PANDA_ALIGNER_TEACHER_LMS_GT_S135_20261006_v2,s3,QB,4,2047,1,261006301,50,01 NO-ALIGNER / FIXED SHIFT,ATL2_QB_S3_R1_SS261006301_B06_F50K_v2,TEACHER_P0_W112_D123,PER_IMAGE_GT_TRAIN_LMS_EVAL,NATIVE_LMS,BICUBIC_MS,0,1,2.0,STOPGRAD_NATIVE,NONE,MULTISCALE_GNCC_SQUARED,0,NATIVE,False,0.0001,0,50000,FRESH,3,HQNR_MAX50,EXACT_FINAL,TEACHER_ONLY,P0,False,False,False,False,W100_COSINE_FULL_BUDGET,PRIVILEGED_TRAIN_PROXY_NOT_GT_AT_INFERENCE,TA2-B06,01 NO-ALIGNER / FIXED SHIFT,train GT로 사전 shift; val/RR/FR 적용 shift는 LMS만,TA2-B03,PLANNED_NOT_RUN
PANDA_ALIGNER_TEACHER_LMS_GT_S135_20261006_v2,s3,QB,4,2047,1,261006301,51,01 NO-ALIGNER / FIXED SHIFT,ATL2_QB_S3_R1_SS261006301_B08_F50K_v2,TEACHER_P0_W112_D123,PER_IMAGE_LMS_SHUFFLED,NATIVE_LMS,BICUBIC_MS,0,1,2.0,STOPGRAD_NATIVE,NONE,MULTISCALE_GNCC_SQUARED,0,NATIVE,False,0.0001,0,50000,FRESH,3,HQNR_MAX50,EXACT_FINAL,TEACHER_ONLY,P0,False,False,False,False,W100_COSINE_FULL_BUDGET,NONE,TA2-B08,01 NO-ALIGNER / FIXED SHIFT,영상별 사전 LMS shift를 고정 순열로 교환,TA2-B03,PLANNED_NOT_RUN
PANDA_ALIGNER_TEACHER_LMS_GT_S135_20261006_v2,s3,QB,4,2047,2,261006302,52,01 NO-ALIGNER / FIXED SHIFT,ATL2_QB_S3_R2_SS261006302_B01_F50K_v2,TEACHER_P0_W112_D123,ZERO_WARP,NA,BICUBIC_MS,0,1,2.0,STOPGRAD_NATIVE,NONE,MULTISCALE_GNCC_SQUARED,0,NATIVE,False,0.0001,0,50000,FRESH,3,HQNR_MAX50,EXACT_FINAL,TEACHER_ONLY,P0,False,False,False,False,W100_COSINE_FULL_BUDGET,NONE,TA2-B01,01 NO-ALIGNER / FIXED SHIFT,zero shift sampler; 항등 resampling 대조,TA2-B00,PLANNED_NOT_RUN
PANDA_ALIGNER_TEACHER_LMS_GT_S135_20261006_v2,s3,QB,4,2047,2,261006302,53,01 NO-ALIGNER / FIXED SHIFT,ATL2_QB_S3_R2_SS261006302_B08_F50K_v2,TEACHER_P0_W112_D123,PER_IMAGE_LMS_SHUFFLED,NATIVE_LMS,BICUBIC_MS,0,1,2.0,STOPGRAD_NATIVE,NONE,MULTISCALE_GNCC_SQUARED,0,NATIVE,False,0.0001,0,50000,FRESH,3,HQNR_MAX50,EXACT_FINAL,TEACHER_ONLY,P0,False,False,False,False,W100_COSINE_FULL_BUDGET,NONE,TA2-B08,01 NO-ALIGNER / FIXED SHIFT,영상별 사전 LMS shift를 고정 순열로 교환,TA2-B03,PLANNED_NOT_RUN
PANDA_ALIGNER_TEACHER_LMS_GT_S135_20261006_v2,s3,QB,4,2047,2,261006302,54,01 NO-ALIGNER / FIXED SHIFT,ATL2_QB_S3_R2_SS261006302_B06_F50K_v2,TEACHER_P0_W112_D123,PER_IMAGE_GT_TRAIN_LMS_EVAL,NATIVE_LMS,BICUBIC_MS,0,1,2.0,STOPGRAD_NATIVE,NONE,MULTISCALE_GNCC_SQUARED,0,NATIVE,False,0.0001,0,50000,FRESH,3,HQNR_MAX50,EXACT_FINAL,TEACHER_ONLY,P0,False,False,False,False,W100_COSINE_FULL_BUDGET,PRIVILEGED_TRAIN_PROXY_NOT_GT_AT_INFERENCE,TA2-B06,01 NO-ALIGNER / FIXED SHIFT,train GT로 사전 shift; val/RR/FR 적용 shift는 LMS만,TA2-B03,PLANNED_NOT_RUN
PANDA_ALIGNER_TEACHER_LMS_GT_S135_20261006_v2,s3,QB,4,2047,3,261006303,55,01 NO-ALIGNER / FIXED SHIFT,ATL2_QB_S3_R3_SS261006303_B08_F50K_v2,TEACHER_P0_W112_D123,PER_IMAGE_LMS_SHUFFLED,NATIVE_LMS,BICUBIC_MS,0,1,2.0,STOPGRAD_NATIVE,NONE,MULTISCALE_GNCC_SQUARED,0,NATIVE,False,0.0001,0,50000,FRESH,3,HQNR_MAX50,EXACT_FINAL,TEACHER_ONLY,P0,False,False,False,False,W100_COSINE_FULL_BUDGET,NONE,TA2-B08,01 NO-ALIGNER / FIXED SHIFT,영상별 사전 LMS shift를 고정 순열로 교환,TA2-B03,PLANNED_NOT_RUN
PANDA_ALIGNER_TEACHER_LMS_GT_S135_20261006_v2,s3,QB,4,2047,3,261006303,56,01 NO-ALIGNER / FIXED SHIFT,ATL2_QB_S3_R3_SS261006303_B01_F50K_v2,TEACHER_P0_W112_D123,ZERO_WARP,NA,BICUBIC_MS,0,1,2.0,STOPGRAD_NATIVE,NONE,MULTISCALE_GNCC_SQUARED,0,NATIVE,False,0.0001,0,50000,FRESH,3,HQNR_MAX50,EXACT_FINAL,TEACHER_ONLY,P0,False,False,False,False,W100_COSINE_FULL_BUDGET,NONE,TA2-B01,01 NO-ALIGNER / FIXED SHIFT,zero shift sampler; 항등 resampling 대조,TA2-B00,PLANNED_NOT_RUN
PANDA_ALIGNER_TEACHER_LMS_GT_S135_20261006_v2,s3,QB,4,2047,3,261006303,57,01 NO-ALIGNER / FIXED SHIFT,ATL2_QB_S3_R3_SS261006303_B06_F50K_v2,TEACHER_P0_W112_D123,PER_IMAGE_GT_TRAIN_LMS_EVAL,NATIVE_LMS,BICUBIC_MS,0,1,2.0,STOPGRAD_NATIVE,NONE,MULTISCALE_GNCC_SQUARED,0,NATIVE,False,0.0001,0,50000,FRESH,3,HQNR_MAX50,EXACT_FINAL,TEACHER_ONLY,P0,False,False,False,False,W100_COSINE_FULL_BUDGET,PRIVILEGED_TRAIN_PROXY_NOT_GT_AT_INFERENCE,TA2-B06,01 NO-ALIGNER / FIXED SHIFT,train GT로 사전 shift; val/RR/FR 적용 shift는 LMS만,TA2-B03,PLANNED_NOT_RUN
PANDA_ALIGNER_TEACHER_LMS_GT_S135_20261006_v2,s3,QB,4,2047,1,261006301,58,03 HISTORICAL EPSILON,ATL2_QB_S3_R1_SS261006301_H00_F50K_v2,TEACHER_P0_W112_D123,CNN,BICUBIC_MS,BICUBIC_MS,0.0003,2,2.0,STOPGRAD_NATIVE,NONE,MULTISCALE_GNCC_SQUARED,0,NATIVE,True,0.0001,1e-05,50000,FRESH,3,HQNR_MAX50,EXACT_FINAL,TEACHER_ONLY,P0,False,False,False,False,W100_COSINE_FULL_BUDGET,NONE,TA2-H00,03 HISTORICAL EPSILON,"기존 bicubic Teacher recipe; epsilon lambda0, 격 update",TA2-M01,PLANNED_NOT_RUN
PANDA_ALIGNER_TEACHER_LMS_GT_S135_20261006_v2,s3,QB,4,2047,1,261006301,59,03 HISTORICAL EPSILON,ATL2_QB_S3_R1_SS261006301_H01_F50K_v2,TEACHER_P0_W112_D123,CNN,NATIVE_LMS,BICUBIC_MS,0.0003,2,2.0,STOPGRAD_NATIVE,NONE,MULTISCALE_GNCC_SQUARED,0,NATIVE,True,0.0001,1e-05,50000,FRESH,3,HQNR_MAX50,EXACT_FINAL,TEACHER_ONLY,P0,False,False,False,False,W100_COSINE_FULL_BUDGET,NONE,TA2-H01,03 HISTORICAL EPSILON,H00에서 A 참조만 native LMS,TA2-H00,PLANNED_NOT_RUN
PANDA_ALIGNER_TEACHER_LMS_GT_S135_20261006_v2,s3,QB,4,2047,2,261006302,60,03 HISTORICAL EPSILON,ATL2_QB_S3_R2_SS261006302_H00_F50K_v2,TEACHER_P0_W112_D123,CNN,BICUBIC_MS,BICUBIC_MS,0.0003,2,2.0,STOPGRAD_NATIVE,NONE,MULTISCALE_GNCC_SQUARED,0,NATIVE,True,0.0001,1e-05,50000,FRESH,3,HQNR_MAX50,EXACT_FINAL,TEACHER_ONLY,P0,False,False,False,False,W100_COSINE_FULL_BUDGET,NONE,TA2-H00,03 HISTORICAL EPSILON,"기존 bicubic Teacher recipe; epsilon lambda0, 격 update",TA2-M01,PLANNED_NOT_RUN
PANDA_ALIGNER_TEACHER_LMS_GT_S135_20261006_v2,s3,QB,4,2047,2,261006302,61,03 HISTORICAL EPSILON,ATL2_QB_S3_R2_SS261006302_H01_F50K_v2,TEACHER_P0_W112_D123,CNN,NATIVE_LMS,BICUBIC_MS,0.0003,2,2.0,STOPGRAD_NATIVE,NONE,MULTISCALE_GNCC_SQUARED,0,NATIVE,True,0.0001,1e-05,50000,FRESH,3,HQNR_MAX50,EXACT_FINAL,TEACHER_ONLY,P0,False,False,False,False,W100_COSINE_FULL_BUDGET,NONE,TA2-H01,03 HISTORICAL EPSILON,H00에서 A 참조만 native LMS,TA2-H00,PLANNED_NOT_RUN
PANDA_ALIGNER_TEACHER_LMS_GT_S135_20261006_v2,s3,QB,4,2047,3,261006303,62,03 HISTORICAL EPSILON,ATL2_QB_S3_R3_SS261006303_H00_F50K_v2,TEACHER_P0_W112_D123,CNN,BICUBIC_MS,BICUBIC_MS,0.0003,2,2.0,STOPGRAD_NATIVE,NONE,MULTISCALE_GNCC_SQUARED,0,NATIVE,True,0.0001,1e-05,50000,FRESH,3,HQNR_MAX50,EXACT_FINAL,TEACHER_ONLY,P0,False,False,False,False,W100_COSINE_FULL_BUDGET,NONE,TA2-H00,03 HISTORICAL EPSILON,"기존 bicubic Teacher recipe; epsilon lambda0, 격 update",TA2-M01,PLANNED_NOT_RUN
PANDA_ALIGNER_TEACHER_LMS_GT_S135_20261006_v2,s3,QB,4,2047,3,261006303,63,03 HISTORICAL EPSILON,ATL2_QB_S3_R3_SS261006303_H01_F50K_v2,TEACHER_P0_W112_D123,CNN,NATIVE_LMS,BICUBIC_MS,0.0003,2,2.0,STOPGRAD_NATIVE,NONE,MULTISCALE_GNCC_SQUARED,0,NATIVE,True,0.0001,1e-05,50000,FRESH,3,HQNR_MAX50,EXACT_FINAL,TEACHER_ONLY,P0,False,False,False,False,W100_COSINE_FULL_BUDGET,NONE,TA2-H01,03 HISTORICAL EPSILON,H00에서 A 참조만 native LMS,TA2-H00,PLANNED_NOT_RUN
PANDA_ALIGNER_TEACHER_LMS_GT_S135_20261006_v2,s3,QB,4,2047,1,261006301,64,04 JOINT LOSS GRID,ATL2_QB_S3_R1_SS261006301_G00_F50K_v2,TEACHER_P0_W112_D123,CNN,NATIVE_LMS,BICUBIC_MS,0.0001,1,2.0,STOPGRAD_NATIVE,GT,MULTISCALE_GNCC_SQUARED,0.001,NATIVE,True,0.0001,1e-05,50000,FRESH,3,HQNR_MAX50,EXACT_FINAL,TEACHER_ONLY,P0,False,False,False,False,W100_COSINE_FULL_BUDGET,NONE,TA2-G00,04 JOINT LOSS GRID,epsilon=0.0001; GT structure=0.001; 3x3 격자,TA2-M07,PLANNED_NOT_RUN
PANDA_ALIGNER_TEACHER_LMS_GT_S135_20261006_v2,s3,QB,4,2047,1,261006301,65,04 JOINT LOSS GRID,ATL2_QB_S3_R1_SS261006301_G01_F50K_v2,TEACHER_P0_W112_D123,CNN,NATIVE_LMS,BICUBIC_MS,0.0001,1,2.0,STOPGRAD_NATIVE,GT,MULTISCALE_GNCC_SQUARED,0.01,NATIVE,True,0.0001,1e-05,50000,FRESH,3,HQNR_MAX50,EXACT_FINAL,TEACHER_ONLY,P0,False,False,False,False,W100_COSINE_FULL_BUDGET,NONE,TA2-G01,04 JOINT LOSS GRID,epsilon=0.0001; GT structure=0.01; 3x3 격자,TA2-M07,PLANNED_NOT_RUN
PANDA_ALIGNER_TEACHER_LMS_GT_S135_20261006_v2,s3,QB,4,2047,1,261006301,66,04 JOINT LOSS GRID,ATL2_QB_S3_R1_SS261006301_G02_F50K_v2,TEACHER_P0_W112_D123,CNN,NATIVE_LMS,BICUBIC_MS,0.0001,1,2.0,STOPGRAD_NATIVE,GT,MULTISCALE_GNCC_SQUARED,0.1,NATIVE,True,0.0001,1e-05,50000,FRESH,3,HQNR_MAX50,EXACT_FINAL,TEACHER_ONLY,P0,False,False,False,False,W100_COSINE_FULL_BUDGET,NONE,TA2-G02,04 JOINT LOSS GRID,epsilon=0.0001; GT structure=0.1; 3x3 격자,TA2-M07,PLANNED_NOT_RUN
PANDA_ALIGNER_TEACHER_LMS_GT_S135_20261006_v2,s3,QB,4,2047,1,261006301,67,04 JOINT LOSS GRID,ATL2_QB_S3_R1_SS261006301_G03_F50K_v2,TEACHER_P0_W112_D123,CNN,NATIVE_LMS,BICUBIC_MS,0.001,1,2.0,STOPGRAD_NATIVE,GT,MULTISCALE_GNCC_SQUARED,0.001,NATIVE,True,0.0001,1e-05,50000,FRESH,3,HQNR_MAX50,EXACT_FINAL,TEACHER_ONLY,P0,False,False,False,False,W100_COSINE_FULL_BUDGET,NONE,TA2-G03,04 JOINT LOSS GRID,epsilon=0.001; GT structure=0.001; 3x3 격자,TA2-M07,PLANNED_NOT_RUN
PANDA_ALIGNER_TEACHER_LMS_GT_S135_20261006_v2,s3,QB,4,2047,1,261006301,68,04 JOINT LOSS GRID,ATL2_QB_S3_R1_SS261006301_G05_F50K_v2,TEACHER_P0_W112_D123,CNN,NATIVE_LMS,BICUBIC_MS,0.001,1,2.0,STOPGRAD_NATIVE,GT,MULTISCALE_GNCC_SQUARED,0.1,NATIVE,True,0.0001,1e-05,50000,FRESH,3,HQNR_MAX50,EXACT_FINAL,TEACHER_ONLY,P0,False,False,False,False,W100_COSINE_FULL_BUDGET,NONE,TA2-G05,04 JOINT LOSS GRID,epsilon=0.001; GT structure=0.1; 3x3 격자,TA2-M07,PLANNED_NOT_RUN
PANDA_ALIGNER_TEACHER_LMS_GT_S135_20261006_v2,s3,QB,4,2047,1,261006301,69,04 JOINT LOSS GRID,ATL2_QB_S3_R1_SS261006301_G06_F50K_v2,TEACHER_P0_W112_D123,CNN,NATIVE_LMS,BICUBIC_MS,0.01,1,2.0,STOPGRAD_NATIVE,GT,MULTISCALE_GNCC_SQUARED,0.001,NATIVE,True,0.0001,1e-05,50000,FRESH,3,HQNR_MAX50,EXACT_FINAL,TEACHER_ONLY,P0,False,False,False,False,W100_COSINE_FULL_BUDGET,NONE,TA2-G06,04 JOINT LOSS GRID,epsilon=0.01; GT structure=0.001; 3x3 격자,TA2-M07,PLANNED_NOT_RUN
PANDA_ALIGNER_TEACHER_LMS_GT_S135_20261006_v2,s3,QB,4,2047,1,261006301,70,04 JOINT LOSS GRID,ATL2_QB_S3_R1_SS261006301_G07_F50K_v2,TEACHER_P0_W112_D123,CNN,NATIVE_LMS,BICUBIC_MS,0.01,1,2.0,STOPGRAD_NATIVE,GT,MULTISCALE_GNCC_SQUARED,0.01,NATIVE,True,0.0001,1e-05,50000,FRESH,3,HQNR_MAX50,EXACT_FINAL,TEACHER_ONLY,P0,False,False,False,False,W100_COSINE_FULL_BUDGET,NONE,TA2-G07,04 JOINT LOSS GRID,epsilon=0.01; GT structure=0.01; 3x3 격자,TA2-M07,PLANNED_NOT_RUN
PANDA_ALIGNER_TEACHER_LMS_GT_S135_20261006_v2,s3,QB,4,2047,1,261006301,71,04 JOINT LOSS GRID,ATL2_QB_S3_R1_SS261006301_G08_F50K_v2,TEACHER_P0_W112_D123,CNN,NATIVE_LMS,BICUBIC_MS,0.01,1,2.0,STOPGRAD_NATIVE,GT,MULTISCALE_GNCC_SQUARED,0.1,NATIVE,True,0.0001,1e-05,50000,FRESH,3,HQNR_MAX50,EXACT_FINAL,TEACHER_ONLY,P0,False,False,False,False,W100_COSINE_FULL_BUDGET,NONE,TA2-G08,04 JOINT LOSS GRID,epsilon=0.01; GT structure=0.1; 3x3 격자,TA2-M07,PLANNED_NOT_RUN
PANDA_ALIGNER_TEACHER_LMS_GT_S135_20261006_v2,s3,QB,4,2047,2,261006302,72,04 JOINT LOSS GRID,ATL2_QB_S3_R2_SS261006302_G00_F50K_v2,TEACHER_P0_W112_D123,CNN,NATIVE_LMS,BICUBIC_MS,0.0001,1,2.0,STOPGRAD_NATIVE,GT,MULTISCALE_GNCC_SQUARED,0.001,NATIVE,True,0.0001,1e-05,50000,FRESH,3,HQNR_MAX50,EXACT_FINAL,TEACHER_ONLY,P0,False,False,False,False,W100_COSINE_FULL_BUDGET,NONE,TA2-G00,04 JOINT LOSS GRID,epsilon=0.0001; GT structure=0.001; 3x3 격자,TA2-M07,PLANNED_NOT_RUN
PANDA_ALIGNER_TEACHER_LMS_GT_S135_20261006_v2,s3,QB,4,2047,2,261006302,73,04 JOINT LOSS GRID,ATL2_QB_S3_R2_SS261006302_G08_F50K_v2,TEACHER_P0_W112_D123,CNN,NATIVE_LMS,BICUBIC_MS,0.01,1,2.0,STOPGRAD_NATIVE,GT,MULTISCALE_GNCC_SQUARED,0.1,NATIVE,True,0.0001,1e-05,50000,FRESH,3,HQNR_MAX50,EXACT_FINAL,TEACHER_ONLY,P0,False,False,False,False,W100_COSINE_FULL_BUDGET,NONE,TA2-G08,04 JOINT LOSS GRID,epsilon=0.01; GT structure=0.1; 3x3 격자,TA2-M07,PLANNED_NOT_RUN
PANDA_ALIGNER_TEACHER_LMS_GT_S135_20261006_v2,s3,QB,4,2047,2,261006302,74,04 JOINT LOSS GRID,ATL2_QB_S3_R2_SS261006302_G07_F50K_v2,TEACHER_P0_W112_D123,CNN,NATIVE_LMS,BICUBIC_MS,0.01,1,2.0,STOPGRAD_NATIVE,GT,MULTISCALE_GNCC_SQUARED,0.01,NATIVE,True,0.0001,1e-05,50000,FRESH,3,HQNR_MAX50,EXACT_FINAL,TEACHER_ONLY,P0,False,False,False,False,W100_COSINE_FULL_BUDGET,NONE,TA2-G07,04 JOINT LOSS GRID,epsilon=0.01; GT structure=0.01; 3x3 격자,TA2-M07,PLANNED_NOT_RUN
PANDA_ALIGNER_TEACHER_LMS_GT_S135_20261006_v2,s3,QB,4,2047,2,261006302,75,04 JOINT LOSS GRID,ATL2_QB_S3_R2_SS261006302_G06_F50K_v2,TEACHER_P0_W112_D123,CNN,NATIVE_LMS,BICUBIC_MS,0.01,1,2.0,STOPGRAD_NATIVE,GT,MULTISCALE_GNCC_SQUARED,0.001,NATIVE,True,0.0001,1e-05,50000,FRESH,3,HQNR_MAX50,EXACT_FINAL,TEACHER_ONLY,P0,False,False,False,False,W100_COSINE_FULL_BUDGET,NONE,TA2-G06,04 JOINT LOSS GRID,epsilon=0.01; GT structure=0.001; 3x3 격자,TA2-M07,PLANNED_NOT_RUN
PANDA_ALIGNER_TEACHER_LMS_GT_S135_20261006_v2,s3,QB,4,2047,2,261006302,76,04 JOINT LOSS GRID,ATL2_QB_S3_R2_SS261006302_G05_F50K_v2,TEACHER_P0_W112_D123,CNN,NATIVE_LMS,BICUBIC_MS,0.001,1,2.0,STOPGRAD_NATIVE,GT,MULTISCALE_GNCC_SQUARED,0.1,NATIVE,True,0.0001,1e-05,50000,FRESH,3,HQNR_MAX50,EXACT_FINAL,TEACHER_ONLY,P0,False,False,False,False,W100_COSINE_FULL_BUDGET,NONE,TA2-G05,04 JOINT LOSS GRID,epsilon=0.001; GT structure=0.1; 3x3 격자,TA2-M07,PLANNED_NOT_RUN
PANDA_ALIGNER_TEACHER_LMS_GT_S135_20261006_v2,s3,QB,4,2047,2,261006302,77,04 JOINT LOSS GRID,ATL2_QB_S3_R2_SS261006302_G03_F50K_v2,TEACHER_P0_W112_D123,CNN,NATIVE_LMS,BICUBIC_MS,0.001,1,2.0,STOPGRAD_NATIVE,GT,MULTISCALE_GNCC_SQUARED,0.001,NATIVE,True,0.0001,1e-05,50000,FRESH,3,HQNR_MAX50,EXACT_FINAL,TEACHER_ONLY,P0,False,False,False,False,W100_COSINE_FULL_BUDGET,NONE,TA2-G03,04 JOINT LOSS GRID,epsilon=0.001; GT structure=0.001; 3x3 격자,TA2-M07,PLANNED_NOT_RUN
PANDA_ALIGNER_TEACHER_LMS_GT_S135_20261006_v2,s3,QB,4,2047,2,261006302,78,04 JOINT LOSS GRID,ATL2_QB_S3_R2_SS261006302_G02_F50K_v2,TEACHER_P0_W112_D123,CNN,NATIVE_LMS,BICUBIC_MS,0.0001,1,2.0,STOPGRAD_NATIVE,GT,MULTISCALE_GNCC_SQUARED,0.1,NATIVE,True,0.0001,1e-05,50000,FRESH,3,HQNR_MAX50,EXACT_FINAL,TEACHER_ONLY,P0,False,False,False,False,W100_COSINE_FULL_BUDGET,NONE,TA2-G02,04 JOINT LOSS GRID,epsilon=0.0001; GT structure=0.1; 3x3 격자,TA2-M07,PLANNED_NOT_RUN
PANDA_ALIGNER_TEACHER_LMS_GT_S135_20261006_v2,s3,QB,4,2047,2,261006302,79,04 JOINT LOSS GRID,ATL2_QB_S3_R2_SS261006302_G01_F50K_v2,TEACHER_P0_W112_D123,CNN,NATIVE_LMS,BICUBIC_MS,0.0001,1,2.0,STOPGRAD_NATIVE,GT,MULTISCALE_GNCC_SQUARED,0.01,NATIVE,True,0.0001,1e-05,50000,FRESH,3,HQNR_MAX50,EXACT_FINAL,TEACHER_ONLY,P0,False,False,False,False,W100_COSINE_FULL_BUDGET,NONE,TA2-G01,04 JOINT LOSS GRID,epsilon=0.0001; GT structure=0.01; 3x3 격자,TA2-M07,PLANNED_NOT_RUN
PANDA_ALIGNER_TEACHER_LMS_GT_S135_20261006_v2,s3,QB,4,2047,3,261006303,80,04 JOINT LOSS GRID,ATL2_QB_S3_R3_SS261006303_G02_F50K_v2,TEACHER_P0_W112_D123,CNN,NATIVE_LMS,BICUBIC_MS,0.0001,1,2.0,STOPGRAD_NATIVE,GT,MULTISCALE_GNCC_SQUARED,0.1,NATIVE,True,0.0001,1e-05,50000,FRESH,3,HQNR_MAX50,EXACT_FINAL,TEACHER_ONLY,P0,False,False,False,False,W100_COSINE_FULL_BUDGET,NONE,TA2-G02,04 JOINT LOSS GRID,epsilon=0.0001; GT structure=0.1; 3x3 격자,TA2-M07,PLANNED_NOT_RUN
PANDA_ALIGNER_TEACHER_LMS_GT_S135_20261006_v2,s3,QB,4,2047,3,261006303,81,04 JOINT LOSS GRID,ATL2_QB_S3_R3_SS261006303_G03_F50K_v2,TEACHER_P0_W112_D123,CNN,NATIVE_LMS,BICUBIC_MS,0.001,1,2.0,STOPGRAD_NATIVE,GT,MULTISCALE_GNCC_SQUARED,0.001,NATIVE,True,0.0001,1e-05,50000,FRESH,3,HQNR_MAX50,EXACT_FINAL,TEACHER_ONLY,P0,False,False,False,False,W100_COSINE_FULL_BUDGET,NONE,TA2-G03,04 JOINT LOSS GRID,epsilon=0.001; GT structure=0.001; 3x3 격자,TA2-M07,PLANNED_NOT_RUN
PANDA_ALIGNER_TEACHER_LMS_GT_S135_20261006_v2,s3,QB,4,2047,3,261006303,82,04 JOINT LOSS GRID,ATL2_QB_S3_R3_SS261006303_G05_F50K_v2,TEACHER_P0_W112_D123,CNN,NATIVE_LMS,BICUBIC_MS,0.001,1,2.0,STOPGRAD_NATIVE,GT,MULTISCALE_GNCC_SQUARED,0.1,NATIVE,True,0.0001,1e-05,50000,FRESH,3,HQNR_MAX50,EXACT_FINAL,TEACHER_ONLY,P0,False,False,False,False,W100_COSINE_FULL_BUDGET,NONE,TA2-G05,04 JOINT LOSS GRID,epsilon=0.001; GT structure=0.1; 3x3 격자,TA2-M07,PLANNED_NOT_RUN
PANDA_ALIGNER_TEACHER_LMS_GT_S135_20261006_v2,s3,QB,4,2047,3,261006303,83,04 JOINT LOSS GRID,ATL2_QB_S3_R3_SS261006303_G06_F50K_v2,TEACHER_P0_W112_D123,CNN,NATIVE_LMS,BICUBIC_MS,0.01,1,2.0,STOPGRAD_NATIVE,GT,MULTISCALE_GNCC_SQUARED,0.001,NATIVE,True,0.0001,1e-05,50000,FRESH,3,HQNR_MAX50,EXACT_FINAL,TEACHER_ONLY,P0,False,False,False,False,W100_COSINE_FULL_BUDGET,NONE,TA2-G06,04 JOINT LOSS GRID,epsilon=0.01; GT structure=0.001; 3x3 격자,TA2-M07,PLANNED_NOT_RUN
PANDA_ALIGNER_TEACHER_LMS_GT_S135_20261006_v2,s3,QB,4,2047,3,261006303,84,04 JOINT LOSS GRID,ATL2_QB_S3_R3_SS261006303_G07_F50K_v2,TEACHER_P0_W112_D123,CNN,NATIVE_LMS,BICUBIC_MS,0.01,1,2.0,STOPGRAD_NATIVE,GT,MULTISCALE_GNCC_SQUARED,0.01,NATIVE,True,0.0001,1e-05,50000,FRESH,3,HQNR_MAX50,EXACT_FINAL,TEACHER_ONLY,P0,False,False,False,False,W100_COSINE_FULL_BUDGET,NONE,TA2-G07,04 JOINT LOSS GRID,epsilon=0.01; GT structure=0.01; 3x3 격자,TA2-M07,PLANNED_NOT_RUN
PANDA_ALIGNER_TEACHER_LMS_GT_S135_20261006_v2,s3,QB,4,2047,3,261006303,85,04 JOINT LOSS GRID,ATL2_QB_S3_R3_SS261006303_G08_F50K_v2,TEACHER_P0_W112_D123,CNN,NATIVE_LMS,BICUBIC_MS,0.01,1,2.0,STOPGRAD_NATIVE,GT,MULTISCALE_GNCC_SQUARED,0.1,NATIVE,True,0.0001,1e-05,50000,FRESH,3,HQNR_MAX50,EXACT_FINAL,TEACHER_ONLY,P0,False,False,False,False,W100_COSINE_FULL_BUDGET,NONE,TA2-G08,04 JOINT LOSS GRID,epsilon=0.01; GT structure=0.1; 3x3 격자,TA2-M07,PLANNED_NOT_RUN
PANDA_ALIGNER_TEACHER_LMS_GT_S135_20261006_v2,s3,QB,4,2047,3,261006303,86,04 JOINT LOSS GRID,ATL2_QB_S3_R3_SS261006303_G00_F50K_v2,TEACHER_P0_W112_D123,CNN,NATIVE_LMS,BICUBIC_MS,0.0001,1,2.0,STOPGRAD_NATIVE,GT,MULTISCALE_GNCC_SQUARED,0.001,NATIVE,True,0.0001,1e-05,50000,FRESH,3,HQNR_MAX50,EXACT_FINAL,TEACHER_ONLY,P0,False,False,False,False,W100_COSINE_FULL_BUDGET,NONE,TA2-G00,04 JOINT LOSS GRID,epsilon=0.0001; GT structure=0.001; 3x3 격자,TA2-M07,PLANNED_NOT_RUN
PANDA_ALIGNER_TEACHER_LMS_GT_S135_20261006_v2,s3,QB,4,2047,3,261006303,87,04 JOINT LOSS GRID,ATL2_QB_S3_R3_SS261006303_G01_F50K_v2,TEACHER_P0_W112_D123,CNN,NATIVE_LMS,BICUBIC_MS,0.0001,1,2.0,STOPGRAD_NATIVE,GT,MULTISCALE_GNCC_SQUARED,0.01,NATIVE,True,0.0001,1e-05,50000,FRESH,3,HQNR_MAX50,EXACT_FINAL,TEACHER_ONLY,P0,False,False,False,False,W100_COSINE_FULL_BUDGET,NONE,TA2-G01,04 JOINT LOSS GRID,epsilon=0.0001; GT structure=0.01; 3x3 격자,TA2-M07,PLANNED_NOT_RUN
PANDA_ALIGNER_TEACHER_LMS_GT_S135_20261006_v2,s3,QB,4,2047,1,261006301,88,05 STRUCTURAL SIGNAL,ATL2_QB_S3_R1_SS261006301_S00_F50K_v2,TEACHER_P0_W112_D123,CNN,NATIVE_LMS,BICUBIC_MS,0.001,1,2.0,STOPGRAD_NATIVE,NATIVE_LMS,MULTISCALE_GNCC_SQUARED,0.01,NATIVE,True,0.0001,1e-05,50000,FRESH,3,HQNR_MAX50,EXACT_FINAL,TEACHER_ONLY,P0,False,False,False,False,W100_COSINE_FULL_BUDGET,NONE,TA2-S00,05 STRUCTURAL SIGNAL,GT 대신 native LMS에 직접 구조 정합; 같은 descriptor,TA2-M07,PLANNED_NOT_RUN
PANDA_ALIGNER_TEACHER_LMS_GT_S135_20261006_v2,s3,QB,4,2047,1,261006301,89,05 STRUCTURAL SIGNAL,ATL2_QB_S3_R1_SS261006301_S01_F50K_v2,TEACHER_P0_W112_D123,CNN,NATIVE_LMS,BICUBIC_MS,0.001,1,2.0,STOPGRAD_NATIVE,HALF_GT_HALF_LMS,MULTISCALE_GNCC_SQUARED,0.01,NATIVE,True,0.0001,1e-05,50000,FRESH,3,HQNR_MAX50,EXACT_FINAL,TEACHER_ONLY,P0,False,False,False,False,W100_COSINE_FULL_BUDGET,NONE,TA2-S01,05 STRUCTURAL SIGNAL,GT/LMS 구조 정합 각각 0.5로 결합,TA2-M07,PLANNED_NOT_RUN
PANDA_ALIGNER_TEACHER_LMS_GT_S135_20261006_v2,s3,QB,4,2047,1,261006301,90,05 STRUCTURAL SIGNAL,ATL2_QB_S3_R1_SS261006301_S02_F50K_v2,TEACHER_P0_W112_D123,CNN,NATIVE_LMS,BICUBIC_MS,0.001,1,2.0,STOPGRAD_NATIVE,GT,MULTISCALE_NGF_SQUARED,0.01,NATIVE,True,0.0001,1e-05,50000,FRESH,3,HQNR_MAX50,EXACT_FINAL,TEACHER_ONLY,P0,False,False,False,False,W100_COSINE_FULL_BUDGET,NONE,TA2-S02,05 STRUCTURAL SIGNAL,GT gradient 방향 기반 descriptor로 교체,TA2-M07,PLANNED_NOT_RUN
PANDA_ALIGNER_TEACHER_LMS_GT_S135_20261006_v2,s3,QB,4,2047,1,261006301,91,05 STRUCTURAL SIGNAL,ATL2_QB_S3_R1_SS261006301_S03_F50K_v2,TEACHER_P0_W112_D123,CNN,NATIVE_LMS,BICUBIC_MS,0.001,1,2.0,STOPGRAD_NATIVE,GT,SINGLE_GNCC_SQUARED,0.01,NATIVE,True,0.0001,1e-05,50000,FRESH,3,HQNR_MAX50,EXACT_FINAL,TEACHER_ONLY,P0,False,False,False,False,W100_COSINE_FULL_BUDGET,NONE,TA2-S03,05 STRUCTURAL SIGNAL,GT gradient NCC 단일 scale sigma0.8,TA2-M07,PLANNED_NOT_RUN
PANDA_ALIGNER_TEACHER_LMS_GT_S135_20261006_v2,s3,QB,4,2047,1,261006301,92,05 STRUCTURAL SIGNAL,ATL2_QB_S3_R1_SS261006301_S04_F50K_v2,TEACHER_P0_W112_D123,CNN,NATIVE_LMS,BICUBIC_MS,0.001,1,2.0,STOPGRAD_NATIVE,GT,MULTISCALE_GNCC_SQUARED,0.01,NATIVE,True,0.0001,1e-05,50000,FRESH,3,HQNR_MAX50,EXACT_FINAL,TEACHER_ONLY,P0,False,False,False,False,W100_COSINE_FULL_BUDGET,FROZEN_TRAIN_BAND_WEIGHTS,TA2-S04,05 STRUCTURAL SIGNAL,train LMS-PAN로 고정한 밴드 reliability weight,TA2-M07,PLANNED_NOT_RUN
PANDA_ALIGNER_TEACHER_LMS_GT_S135_20261006_v2,s3,QB,4,2047,1,261006301,93,05 STRUCTURAL SIGNAL,ATL2_QB_S3_R1_SS261006301_S05_F50K_v2,TEACHER_P0_W112_D123,CNN,NATIVE_LMS,BICUBIC_MS,0.001,1,2.0,STOPGRAD_NATIVE,GT,MULTISCALE_GNCC_SQUARED,0.01,HALF_NATIVE_HALF_CORRECTED_EPS,True,0.0001,1e-05,50000,FRESH,3,HQNR_MAX50,EXACT_FINAL,TEACHER_ONLY,P0,False,False,False,False,W100_COSINE_FULL_BUDGET,NONE,TA2-S05,05 STRUCTURAL SIGNAL,native 및 epsilon 복원 PAN에 GT 구조 loss 평균,TA2-M07,PLANNED_NOT_RUN
PANDA_ALIGNER_TEACHER_LMS_GT_S135_20261006_v2,s3,QB,4,2047,1,261006301,94,05 STRUCTURAL SIGNAL,ATL2_QB_S3_R1_SS261006301_S06_F50K_v2,TEACHER_P0_W112_D123,CNN,NATIVE_LMS,BICUBIC_MS,0.001,1,2.0,STOPGRAD_NATIVE,GT,MULTISCALE_GNCC_SQUARED,0.01,NATIVE,False,0.0001,1e-05,50000,FRESH,3,HQNR_MAX50,EXACT_FINAL,TEACHER_ONLY,P0,False,False,False,False,W100_COSINE_FULL_BUDGET,NONE,TA2-S06,05 STRUCTURAL SIGNAL,A는 epsilon+직접 구조만; U는 reconstruction,TA2-M07,PLANNED_NOT_RUN
PANDA_ALIGNER_TEACHER_LMS_GT_S135_20261006_v2,s3,QB,4,2047,1,261006301,95,05 STRUCTURAL SIGNAL,ATL2_QB_S3_R1_SS261006301_S07_F50K_v2,TEACHER_P0_W112_D123,CNN,NATIVE_LMS,BICUBIC_MS,0.001,1,2.0,STOPGRAD_NATIVE,GT,HUBER_PSEUDO_SHIFT_BETA025,0.01,NATIVE,True,0.0001,1e-05,50000,FRESH,3,HQNR_MAX50,EXACT_FINAL,TEACHER_ONLY,P0,False,False,False,False,W100_COSINE_FULL_BUDGET,PSEUDO_OFFSET_NOT_PHYSICAL_GT,TA2-S07,05 STRUCTURAL SIGNAL,직접 구조 대신 train GT 사전 shift proxy 회귀+epsilon,TA2-M07,PLANNED_NOT_RUN
PANDA_ALIGNER_TEACHER_LMS_GT_S135_20261006_v2,s3,QB,4,2047,2,261006302,96,05 STRUCTURAL SIGNAL,ATL2_QB_S3_R2_SS261006302_S00_F50K_v2,TEACHER_P0_W112_D123,CNN,NATIVE_LMS,BICUBIC_MS,0.001,1,2.0,STOPGRAD_NATIVE,NATIVE_LMS,MULTISCALE_GNCC_SQUARED,0.01,NATIVE,True,0.0001,1e-05,50000,FRESH,3,HQNR_MAX50,EXACT_FINAL,TEACHER_ONLY,P0,False,False,False,False,W100_COSINE_FULL_BUDGET,NONE,TA2-S00,05 STRUCTURAL SIGNAL,GT 대신 native LMS에 직접 구조 정합; 같은 descriptor,TA2-M07,PLANNED_NOT_RUN
PANDA_ALIGNER_TEACHER_LMS_GT_S135_20261006_v2,s3,QB,4,2047,2,261006302,97,05 STRUCTURAL SIGNAL,ATL2_QB_S3_R2_SS261006302_S07_F50K_v2,TEACHER_P0_W112_D123,CNN,NATIVE_LMS,BICUBIC_MS,0.001,1,2.0,STOPGRAD_NATIVE,GT,HUBER_PSEUDO_SHIFT_BETA025,0.01,NATIVE,True,0.0001,1e-05,50000,FRESH,3,HQNR_MAX50,EXACT_FINAL,TEACHER_ONLY,P0,False,False,False,False,W100_COSINE_FULL_BUDGET,PSEUDO_OFFSET_NOT_PHYSICAL_GT,TA2-S07,05 STRUCTURAL SIGNAL,직접 구조 대신 train GT 사전 shift proxy 회귀+epsilon,TA2-M07,PLANNED_NOT_RUN
PANDA_ALIGNER_TEACHER_LMS_GT_S135_20261006_v2,s3,QB,4,2047,2,261006302,98,05 STRUCTURAL SIGNAL,ATL2_QB_S3_R2_SS261006302_S06_F50K_v2,TEACHER_P0_W112_D123,CNN,NATIVE_LMS,BICUBIC_MS,0.001,1,2.0,STOPGRAD_NATIVE,GT,MULTISCALE_GNCC_SQUARED,0.01,NATIVE,False,0.0001,1e-05,50000,FRESH,3,HQNR_MAX50,EXACT_FINAL,TEACHER_ONLY,P0,False,False,False,False,W100_COSINE_FULL_BUDGET,NONE,TA2-S06,05 STRUCTURAL SIGNAL,A는 epsilon+직접 구조만; U는 reconstruction,TA2-M07,PLANNED_NOT_RUN
PANDA_ALIGNER_TEACHER_LMS_GT_S135_20261006_v2,s3,QB,4,2047,2,261006302,99,05 STRUCTURAL SIGNAL,ATL2_QB_S3_R2_SS261006302_S05_F50K_v2,TEACHER_P0_W112_D123,CNN,NATIVE_LMS,BICUBIC_MS,0.001,1,2.0,STOPGRAD_NATIVE,GT,MULTISCALE_GNCC_SQUARED,0.01,HALF_NATIVE_HALF_CORRECTED_EPS,True,0.0001,1e-05,50000,FRESH,3,HQNR_MAX50,EXACT_FINAL,TEACHER_ONLY,P0,False,False,False,False,W100_COSINE_FULL_BUDGET,NONE,TA2-S05,05 STRUCTURAL SIGNAL,native 및 epsilon 복원 PAN에 GT 구조 loss 평균,TA2-M07,PLANNED_NOT_RUN
PANDA_ALIGNER_TEACHER_LMS_GT_S135_20261006_v2,s3,QB,4,2047,2,261006302,100,05 STRUCTURAL SIGNAL,ATL2_QB_S3_R2_SS261006302_S04_F50K_v2,TEACHER_P0_W112_D123,CNN,NATIVE_LMS,BICUBIC_MS,0.001,1,2.0,STOPGRAD_NATIVE,GT,MULTISCALE_GNCC_SQUARED,0.01,NATIVE,True,0.0001,1e-05,50000,FRESH,3,HQNR_MAX50,EXACT_FINAL,TEACHER_ONLY,P0,False,False,False,False,W100_COSINE_FULL_BUDGET,FROZEN_TRAIN_BAND_WEIGHTS,TA2-S04,05 STRUCTURAL SIGNAL,train LMS-PAN로 고정한 밴드 reliability weight,TA2-M07,PLANNED_NOT_RUN
PANDA_ALIGNER_TEACHER_LMS_GT_S135_20261006_v2,s3,QB,4,2047,2,261006302,101,05 STRUCTURAL SIGNAL,ATL2_QB_S3_R2_SS261006302_S03_F50K_v2,TEACHER_P0_W112_D123,CNN,NATIVE_LMS,BICUBIC_MS,0.001,1,2.0,STOPGRAD_NATIVE,GT,SINGLE_GNCC_SQUARED,0.01,NATIVE,True,0.0001,1e-05,50000,FRESH,3,HQNR_MAX50,EXACT_FINAL,TEACHER_ONLY,P0,False,False,False,False,W100_COSINE_FULL_BUDGET,NONE,TA2-S03,05 STRUCTURAL SIGNAL,GT gradient NCC 단일 scale sigma0.8,TA2-M07,PLANNED_NOT_RUN
PANDA_ALIGNER_TEACHER_LMS_GT_S135_20261006_v2,s3,QB,4,2047,2,261006302,102,05 STRUCTURAL SIGNAL,ATL2_QB_S3_R2_SS261006302_S02_F50K_v2,TEACHER_P0_W112_D123,CNN,NATIVE_LMS,BICUBIC_MS,0.001,1,2.0,STOPGRAD_NATIVE,GT,MULTISCALE_NGF_SQUARED,0.01,NATIVE,True,0.0001,1e-05,50000,FRESH,3,HQNR_MAX50,EXACT_FINAL,TEACHER_ONLY,P0,False,False,False,False,W100_COSINE_FULL_BUDGET,NONE,TA2-S02,05 STRUCTURAL SIGNAL,GT gradient 방향 기반 descriptor로 교체,TA2-M07,PLANNED_NOT_RUN
PANDA_ALIGNER_TEACHER_LMS_GT_S135_20261006_v2,s3,QB,4,2047,2,261006302,103,05 STRUCTURAL SIGNAL,ATL2_QB_S3_R2_SS261006302_S01_F50K_v2,TEACHER_P0_W112_D123,CNN,NATIVE_LMS,BICUBIC_MS,0.001,1,2.0,STOPGRAD_NATIVE,HALF_GT_HALF_LMS,MULTISCALE_GNCC_SQUARED,0.01,NATIVE,True,0.0001,1e-05,50000,FRESH,3,HQNR_MAX50,EXACT_FINAL,TEACHER_ONLY,P0,False,False,False,False,W100_COSINE_FULL_BUDGET,NONE,TA2-S01,05 STRUCTURAL SIGNAL,GT/LMS 구조 정합 각각 0.5로 결합,TA2-M07,PLANNED_NOT_RUN
PANDA_ALIGNER_TEACHER_LMS_GT_S135_20261006_v2,s3,QB,4,2047,3,261006303,104,05 STRUCTURAL SIGNAL,ATL2_QB_S3_R3_SS261006303_S02_F50K_v2,TEACHER_P0_W112_D123,CNN,NATIVE_LMS,BICUBIC_MS,0.001,1,2.0,STOPGRAD_NATIVE,GT,MULTISCALE_NGF_SQUARED,0.01,NATIVE,True,0.0001,1e-05,50000,FRESH,3,HQNR_MAX50,EXACT_FINAL,TEACHER_ONLY,P0,False,False,False,False,W100_COSINE_FULL_BUDGET,NONE,TA2-S02,05 STRUCTURAL SIGNAL,GT gradient 방향 기반 descriptor로 교체,TA2-M07,PLANNED_NOT_RUN
PANDA_ALIGNER_TEACHER_LMS_GT_S135_20261006_v2,s3,QB,4,2047,3,261006303,105,05 STRUCTURAL SIGNAL,ATL2_QB_S3_R3_SS261006303_S03_F50K_v2,TEACHER_P0_W112_D123,CNN,NATIVE_LMS,BICUBIC_MS,0.001,1,2.0,STOPGRAD_NATIVE,GT,SINGLE_GNCC_SQUARED,0.01,NATIVE,True,0.0001,1e-05,50000,FRESH,3,HQNR_MAX50,EXACT_FINAL,TEACHER_ONLY,P0,False,False,False,False,W100_COSINE_FULL_BUDGET,NONE,TA2-S03,05 STRUCTURAL SIGNAL,GT gradient NCC 단일 scale sigma0.8,TA2-M07,PLANNED_NOT_RUN
PANDA_ALIGNER_TEACHER_LMS_GT_S135_20261006_v2,s3,QB,4,2047,3,261006303,106,05 STRUCTURAL SIGNAL,ATL2_QB_S3_R3_SS261006303_S04_F50K_v2,TEACHER_P0_W112_D123,CNN,NATIVE_LMS,BICUBIC_MS,0.001,1,2.0,STOPGRAD_NATIVE,GT,MULTISCALE_GNCC_SQUARED,0.01,NATIVE,True,0.0001,1e-05,50000,FRESH,3,HQNR_MAX50,EXACT_FINAL,TEACHER_ONLY,P0,False,False,False,False,W100_COSINE_FULL_BUDGET,FROZEN_TRAIN_BAND_WEIGHTS,TA2-S04,05 STRUCTURAL SIGNAL,train LMS-PAN로 고정한 밴드 reliability weight,TA2-M07,PLANNED_NOT_RUN
PANDA_ALIGNER_TEACHER_LMS_GT_S135_20261006_v2,s3,QB,4,2047,3,261006303,107,05 STRUCTURAL SIGNAL,ATL2_QB_S3_R3_SS261006303_S05_F50K_v2,TEACHER_P0_W112_D123,CNN,NATIVE_LMS,BICUBIC_MS,0.001,1,2.0,STOPGRAD_NATIVE,GT,MULTISCALE_GNCC_SQUARED,0.01,HALF_NATIVE_HALF_CORRECTED_EPS,True,0.0001,1e-05,50000,FRESH,3,HQNR_MAX50,EXACT_FINAL,TEACHER_ONLY,P0,False,False,False,False,W100_COSINE_FULL_BUDGET,NONE,TA2-S05,05 STRUCTURAL SIGNAL,native 및 epsilon 복원 PAN에 GT 구조 loss 평균,TA2-M07,PLANNED_NOT_RUN
PANDA_ALIGNER_TEACHER_LMS_GT_S135_20261006_v2,s3,QB,4,2047,3,261006303,108,05 STRUCTURAL SIGNAL,ATL2_QB_S3_R3_SS261006303_S06_F50K_v2,TEACHER_P0_W112_D123,CNN,NATIVE_LMS,BICUBIC_MS,0.001,1,2.0,STOPGRAD_NATIVE,GT,MULTISCALE_GNCC_SQUARED,0.01,NATIVE,False,0.0001,1e-05,50000,FRESH,3,HQNR_MAX50,EXACT_FINAL,TEACHER_ONLY,P0,False,False,False,False,W100_COSINE_FULL_BUDGET,NONE,TA2-S06,05 STRUCTURAL SIGNAL,A는 epsilon+직접 구조만; U는 reconstruction,TA2-M07,PLANNED_NOT_RUN
PANDA_ALIGNER_TEACHER_LMS_GT_S135_20261006_v2,s3,QB,4,2047,3,261006303,109,05 STRUCTURAL SIGNAL,ATL2_QB_S3_R3_SS261006303_S07_F50K_v2,TEACHER_P0_W112_D123,CNN,NATIVE_LMS,BICUBIC_MS,0.001,1,2.0,STOPGRAD_NATIVE,GT,HUBER_PSEUDO_SHIFT_BETA025,0.01,NATIVE,True,0.0001,1e-05,50000,FRESH,3,HQNR_MAX50,EXACT_FINAL,TEACHER_ONLY,P0,False,False,False,False,W100_COSINE_FULL_BUDGET,PSEUDO_OFFSET_NOT_PHYSICAL_GT,TA2-S07,05 STRUCTURAL SIGNAL,직접 구조 대신 train GT 사전 shift proxy 회귀+epsilon,TA2-M07,PLANNED_NOT_RUN
PANDA_ALIGNER_TEACHER_LMS_GT_S135_20261006_v2,s3,QB,4,2047,3,261006303,110,05 STRUCTURAL SIGNAL,ATL2_QB_S3_R3_SS261006303_S00_F50K_v2,TEACHER_P0_W112_D123,CNN,NATIVE_LMS,BICUBIC_MS,0.001,1,2.0,STOPGRAD_NATIVE,NATIVE_LMS,MULTISCALE_GNCC_SQUARED,0.01,NATIVE,True,0.0001,1e-05,50000,FRESH,3,HQNR_MAX50,EXACT_FINAL,TEACHER_ONLY,P0,False,False,False,False,W100_COSINE_FULL_BUDGET,NONE,TA2-S00,05 STRUCTURAL SIGNAL,GT 대신 native LMS에 직접 구조 정합; 같은 descriptor,TA2-M07,PLANNED_NOT_RUN
PANDA_ALIGNER_TEACHER_LMS_GT_S135_20261006_v2,s3,QB,4,2047,3,261006303,111,05 STRUCTURAL SIGNAL,ATL2_QB_S3_R3_SS261006303_S01_F50K_v2,TEACHER_P0_W112_D123,CNN,NATIVE_LMS,BICUBIC_MS,0.001,1,2.0,STOPGRAD_NATIVE,HALF_GT_HALF_LMS,MULTISCALE_GNCC_SQUARED,0.01,NATIVE,True,0.0001,1e-05,50000,FRESH,3,HQNR_MAX50,EXACT_FINAL,TEACHER_ONLY,P0,False,False,False,False,W100_COSINE_FULL_BUDGET,NONE,TA2-S01,05 STRUCTURAL SIGNAL,GT/LMS 구조 정합 각각 0.5로 결합,TA2-M07,PLANNED_NOT_RUN
PANDA_ALIGNER_TEACHER_LMS_GT_S135_20261006_v2,s3,QB,4,2047,1,261006301,112,06 OPTIMIZATION,ATL2_QB_S3_R1_SS261006301_O00_F50K_v2,TEACHER_P0_W112_D123,CNN,NATIVE_LMS,BICUBIC_MS,0.001,2,2.0,STOPGRAD_NATIVE,GT,MULTISCALE_GNCC_SQUARED,0.01,NATIVE,True,0.0001,1e-05,50000,FRESH,3,HQNR_MAX50,EXACT_FINAL,TEACHER_ONLY,P0,False,False,False,False,W100_COSINE_FULL_BUDGET,NONE,TA2-O00,06 OPTIMIZATION,M07 epsilon만 격 update로 변경,TA2-M07,PLANNED_NOT_RUN
PANDA_ALIGNER_TEACHER_LMS_GT_S135_20261006_v2,s3,QB,4,2047,1,261006301,113,06 OPTIMIZATION,ATL2_QB_S3_R1_SS261006301_O01_F50K_v2,TEACHER_P0_W112_D123,CNN,NATIVE_LMS,BICUBIC_MS,0.001,1,2.0,STOPGRAD_NATIVE,GT,MULTISCALE_GNCC_SQUARED,0.01,NATIVE,True,0.0001,3e-06,50000,FRESH,3,HQNR_MAX50,EXACT_FINAL,TEACHER_ONLY,P0,False,False,False,False,W100_COSINE_FULL_BUDGET,NONE,TA2-O01,06 OPTIMIZATION,M07 A LR=3e-6,TA2-M07,PLANNED_NOT_RUN
PANDA_ALIGNER_TEACHER_LMS_GT_S135_20261006_v2,s3,QB,4,2047,1,261006301,114,06 OPTIMIZATION,ATL2_QB_S3_R1_SS261006301_O02_F50K_v2,TEACHER_P0_W112_D123,CNN,NATIVE_LMS,BICUBIC_MS,0.001,1,2.0,STOPGRAD_NATIVE,GT,MULTISCALE_GNCC_SQUARED,0.01,NATIVE,True,0.0001,0.0001,50000,FRESH,3,HQNR_MAX50,EXACT_FINAL,TEACHER_ONLY,P0,False,False,False,False,W100_COSINE_FULL_BUDGET,NONE,TA2-O02,06 OPTIMIZATION,M07 A LR=1e-4,TA2-M07,PLANNED_NOT_RUN
PANDA_ALIGNER_TEACHER_LMS_GT_S135_20261006_v2,s3,QB,4,2047,1,261006301,115,06 OPTIMIZATION,ATL2_QB_S3_R1_SS261006301_O03_F50K_v2,TEACHER_P0_W112_D123,CNN,NATIVE_LMS,BICUBIC_MS,0.001,1,2.0,STOPGRAD_NATIVE,GT,MULTISCALE_GNCC_SQUARED,0.01,NATIVE,True,0.0001,1e-05,50000,FRESH,3,HQNR_MAX50,EXACT_FINAL,TEACHER_ONLY,P0,False,False,False,False,W100_COSINE_FULL_BUDGET,STRUCT_RAMP_5000,TA2-O03,06 OPTIMIZATION,GT structure 계수만 첫5K linear ramp,TA2-M07,PLANNED_NOT_RUN
PANDA_ALIGNER_TEACHER_LMS_GT_S135_20261006_v2,s3,QB,4,2047,1,261006301,116,06 OPTIMIZATION,ATL2_QB_S3_R1_SS261006301_O04_F50K_v2,TEACHER_P0_W112_D123,CNN,NATIVE_LMS,BICUBIC_MS,0.001,1,2.0,SYMMETRIC_NO_STOPGRAD,GT,MULTISCALE_GNCC_SQUARED,0.01,NATIVE,True,0.0001,1e-05,50000,FRESH,3,HQNR_MAX50,EXACT_FINAL,TEACHER_ONLY,P0,False,False,False,False,W100_COSINE_FULL_BUDGET,NONE,TA2-O04,06 OPTIMIZATION,epsilon native anchor stop-gradient 제거,TA2-M07,PLANNED_NOT_RUN
PANDA_ALIGNER_TEACHER_LMS_GT_S135_20261006_v2,s3,QB,4,2047,2,261006302,117,06 OPTIMIZATION,ATL2_QB_S3_R2_SS261006302_O00_F50K_v2,TEACHER_P0_W112_D123,CNN,NATIVE_LMS,BICUBIC_MS,0.001,2,2.0,STOPGRAD_NATIVE,GT,MULTISCALE_GNCC_SQUARED,0.01,NATIVE,True,0.0001,1e-05,50000,FRESH,3,HQNR_MAX50,EXACT_FINAL,TEACHER_ONLY,P0,False,False,False,False,W100_COSINE_FULL_BUDGET,NONE,TA2-O00,06 OPTIMIZATION,M07 epsilon만 격 update로 변경,TA2-M07,PLANNED_NOT_RUN
PANDA_ALIGNER_TEACHER_LMS_GT_S135_20261006_v2,s3,QB,4,2047,2,261006302,118,06 OPTIMIZATION,ATL2_QB_S3_R2_SS261006302_O04_F50K_v2,TEACHER_P0_W112_D123,CNN,NATIVE_LMS,BICUBIC_MS,0.001,1,2.0,SYMMETRIC_NO_STOPGRAD,GT,MULTISCALE_GNCC_SQUARED,0.01,NATIVE,True,0.0001,1e-05,50000,FRESH,3,HQNR_MAX50,EXACT_FINAL,TEACHER_ONLY,P0,False,False,False,False,W100_COSINE_FULL_BUDGET,NONE,TA2-O04,06 OPTIMIZATION,epsilon native anchor stop-gradient 제거,TA2-M07,PLANNED_NOT_RUN
PANDA_ALIGNER_TEACHER_LMS_GT_S135_20261006_v2,s3,QB,4,2047,2,261006302,119,06 OPTIMIZATION,ATL2_QB_S3_R2_SS261006302_O03_F50K_v2,TEACHER_P0_W112_D123,CNN,NATIVE_LMS,BICUBIC_MS,0.001,1,2.0,STOPGRAD_NATIVE,GT,MULTISCALE_GNCC_SQUARED,0.01,NATIVE,True,0.0001,1e-05,50000,FRESH,3,HQNR_MAX50,EXACT_FINAL,TEACHER_ONLY,P0,False,False,False,False,W100_COSINE_FULL_BUDGET,STRUCT_RAMP_5000,TA2-O03,06 OPTIMIZATION,GT structure 계수만 첫5K linear ramp,TA2-M07,PLANNED_NOT_RUN
PANDA_ALIGNER_TEACHER_LMS_GT_S135_20261006_v2,s3,QB,4,2047,2,261006302,120,06 OPTIMIZATION,ATL2_QB_S3_R2_SS261006302_O02_F50K_v2,TEACHER_P0_W112_D123,CNN,NATIVE_LMS,BICUBIC_MS,0.001,1,2.0,STOPGRAD_NATIVE,GT,MULTISCALE_GNCC_SQUARED,0.01,NATIVE,True,0.0001,0.0001,50000,FRESH,3,HQNR_MAX50,EXACT_FINAL,TEACHER_ONLY,P0,False,False,False,False,W100_COSINE_FULL_BUDGET,NONE,TA2-O02,06 OPTIMIZATION,M07 A LR=1e-4,TA2-M07,PLANNED_NOT_RUN
PANDA_ALIGNER_TEACHER_LMS_GT_S135_20261006_v2,s3,QB,4,2047,2,261006302,121,06 OPTIMIZATION,ATL2_QB_S3_R2_SS261006302_O01_F50K_v2,TEACHER_P0_W112_D123,CNN,NATIVE_LMS,BICUBIC_MS,0.001,1,2.0,STOPGRAD_NATIVE,GT,MULTISCALE_GNCC_SQUARED,0.01,NATIVE,True,0.0001,3e-06,50000,FRESH,3,HQNR_MAX50,EXACT_FINAL,TEACHER_ONLY,P0,False,False,False,False,W100_COSINE_FULL_BUDGET,NONE,TA2-O01,06 OPTIMIZATION,M07 A LR=3e-6,TA2-M07,PLANNED_NOT_RUN
PANDA_ALIGNER_TEACHER_LMS_GT_S135_20261006_v2,s3,QB,4,2047,3,261006303,122,06 OPTIMIZATION,ATL2_QB_S3_R3_SS261006303_O02_F50K_v2,TEACHER_P0_W112_D123,CNN,NATIVE_LMS,BICUBIC_MS,0.001,1,2.0,STOPGRAD_NATIVE,GT,MULTISCALE_GNCC_SQUARED,0.01,NATIVE,True,0.0001,0.0001,50000,FRESH,3,HQNR_MAX50,EXACT_FINAL,TEACHER_ONLY,P0,False,False,False,False,W100_COSINE_FULL_BUDGET,NONE,TA2-O02,06 OPTIMIZATION,M07 A LR=1e-4,TA2-M07,PLANNED_NOT_RUN
PANDA_ALIGNER_TEACHER_LMS_GT_S135_20261006_v2,s3,QB,4,2047,3,261006303,123,06 OPTIMIZATION,ATL2_QB_S3_R3_SS261006303_O03_F50K_v2,TEACHER_P0_W112_D123,CNN,NATIVE_LMS,BICUBIC_MS,0.001,1,2.0,STOPGRAD_NATIVE,GT,MULTISCALE_GNCC_SQUARED,0.01,NATIVE,True,0.0001,1e-05,50000,FRESH,3,HQNR_MAX50,EXACT_FINAL,TEACHER_ONLY,P0,False,False,False,False,W100_COSINE_FULL_BUDGET,STRUCT_RAMP_5000,TA2-O03,06 OPTIMIZATION,GT structure 계수만 첫5K linear ramp,TA2-M07,PLANNED_NOT_RUN
PANDA_ALIGNER_TEACHER_LMS_GT_S135_20261006_v2,s3,QB,4,2047,3,261006303,124,06 OPTIMIZATION,ATL2_QB_S3_R3_SS261006303_O04_F50K_v2,TEACHER_P0_W112_D123,CNN,NATIVE_LMS,BICUBIC_MS,0.001,1,2.0,SYMMETRIC_NO_STOPGRAD,GT,MULTISCALE_GNCC_SQUARED,0.01,NATIVE,True,0.0001,1e-05,50000,FRESH,3,HQNR_MAX50,EXACT_FINAL,TEACHER_ONLY,P0,False,False,False,False,W100_COSINE_FULL_BUDGET,NONE,TA2-O04,06 OPTIMIZATION,epsilon native anchor stop-gradient 제거,TA2-M07,PLANNED_NOT_RUN
PANDA_ALIGNER_TEACHER_LMS_GT_S135_20261006_v2,s3,QB,4,2047,3,261006303,125,06 OPTIMIZATION,ATL2_QB_S3_R3_SS261006303_O00_F50K_v2,TEACHER_P0_W112_D123,CNN,NATIVE_LMS,BICUBIC_MS,0.001,2,2.0,STOPGRAD_NATIVE,GT,MULTISCALE_GNCC_SQUARED,0.01,NATIVE,True,0.0001,1e-05,50000,FRESH,3,HQNR_MAX50,EXACT_FINAL,TEACHER_ONLY,P0,False,False,False,False,W100_COSINE_FULL_BUDGET,NONE,TA2-O00,06 OPTIMIZATION,M07 epsilon만 격 update로 변경,TA2-M07,PLANNED_NOT_RUN
PANDA_ALIGNER_TEACHER_LMS_GT_S135_20261006_v2,s3,QB,4,2047,3,261006303,126,06 OPTIMIZATION,ATL2_QB_S3_R3_SS261006303_O01_F50K_v2,TEACHER_P0_W112_D123,CNN,NATIVE_LMS,BICUBIC_MS,0.001,1,2.0,STOPGRAD_NATIVE,GT,MULTISCALE_GNCC_SQUARED,0.01,NATIVE,True,0.0001,3e-06,50000,FRESH,3,HQNR_MAX50,EXACT_FINAL,TEACHER_ONLY,P0,False,False,False,False,W100_COSINE_FULL_BUDGET,NONE,TA2-O01,06 OPTIMIZATION,M07 A LR=3e-6,TA2-M07,PLANNED_NOT_RUN
PANDA_ALIGNER_TEACHER_LMS_GT_S135_20261006_v2,s3,QB,4,2047,1,261006301,127,07 U INPUT / BASE COORDINATES,ATL2_QB_S3_R1_SS261006301_U01_F50K_v2,TEACHER_P0_W112_D123,PER_IMAGE_LMS_GRAD_FIXED,NATIVE_LMS,NATIVE_LMS,0,1,2.0,STOPGRAD_NATIVE,NONE,MULTISCALE_GNCC_SQUARED,0,NATIVE,False,0.0001,0,50000,FRESH,3,HQNR_MAX50,EXACT_FINAL,TEACHER_ONLY,P0,False,False,False,False,W100_COSINE_FULL_BUDGET,NONE,TA2-U01,07 U INPUT / BASE COORDINATES,B03 U 입력·base를 native LMS로 변경,TA2-B03,PLANNED_NOT_RUN
PANDA_ALIGNER_TEACHER_LMS_GT_S135_20261006_v2,s3,QB,4,2047,1,261006301,128,07 U INPUT / BASE COORDINATES,ATL2_QB_S3_R1_SS261006301_U02_F50K_v2,TEACHER_P0_W112_D123,CNN,NATIVE_LMS,NATIVE_LMS,0.001,1,2.0,STOPGRAD_NATIVE,NONE,MULTISCALE_GNCC_SQUARED,0,NATIVE,True,0.0001,1e-05,50000,FRESH,3,HQNR_MAX50,EXACT_FINAL,TEACHER_ONLY,P0,False,False,False,False,W100_COSINE_FULL_BUDGET,NONE,TA2-U02,07 U INPUT / BASE COORDINATES,M05 epsilon-only; U 입력·base도 native LMS,TA2-M05,PLANNED_NOT_RUN
PANDA_ALIGNER_TEACHER_LMS_GT_S135_20261006_v2,s3,QB,4,2047,2,261006302,129,07 U INPUT / BASE COORDINATES,ATL2_QB_S3_R2_SS261006302_U01_F50K_v2,TEACHER_P0_W112_D123,PER_IMAGE_LMS_GRAD_FIXED,NATIVE_LMS,NATIVE_LMS,0,1,2.0,STOPGRAD_NATIVE,NONE,MULTISCALE_GNCC_SQUARED,0,NATIVE,False,0.0001,0,50000,FRESH,3,HQNR_MAX50,EXACT_FINAL,TEACHER_ONLY,P0,False,False,False,False,W100_COSINE_FULL_BUDGET,NONE,TA2-U01,07 U INPUT / BASE COORDINATES,B03 U 입력·base를 native LMS로 변경,TA2-B03,PLANNED_NOT_RUN
PANDA_ALIGNER_TEACHER_LMS_GT_S135_20261006_v2,s3,QB,4,2047,2,261006302,130,07 U INPUT / BASE COORDINATES,ATL2_QB_S3_R2_SS261006302_U02_F50K_v2,TEACHER_P0_W112_D123,CNN,NATIVE_LMS,NATIVE_LMS,0.001,1,2.0,STOPGRAD_NATIVE,NONE,MULTISCALE_GNCC_SQUARED,0,NATIVE,True,0.0001,1e-05,50000,FRESH,3,HQNR_MAX50,EXACT_FINAL,TEACHER_ONLY,P0,False,False,False,False,W100_COSINE_FULL_BUDGET,NONE,TA2-U02,07 U INPUT / BASE COORDINATES,M05 epsilon-only; U 입력·base도 native LMS,TA2-M05,PLANNED_NOT_RUN
PANDA_ALIGNER_TEACHER_LMS_GT_S135_20261006_v2,s3,QB,4,2047,3,261006303,131,07 U INPUT / BASE COORDINATES,ATL2_QB_S3_R3_SS261006303_U01_F50K_v2,TEACHER_P0_W112_D123,PER_IMAGE_LMS_GRAD_FIXED,NATIVE_LMS,NATIVE_LMS,0,1,2.0,STOPGRAD_NATIVE,NONE,MULTISCALE_GNCC_SQUARED,0,NATIVE,False,0.0001,0,50000,FRESH,3,HQNR_MAX50,EXACT_FINAL,TEACHER_ONLY,P0,False,False,False,False,W100_COSINE_FULL_BUDGET,NONE,TA2-U01,07 U INPUT / BASE COORDINATES,B03 U 입력·base를 native LMS로 변경,TA2-B03,PLANNED_NOT_RUN
PANDA_ALIGNER_TEACHER_LMS_GT_S135_20261006_v2,s3,QB,4,2047,3,261006303,132,07 U INPUT / BASE COORDINATES,ATL2_QB_S3_R3_SS261006303_U02_F50K_v2,TEACHER_P0_W112_D123,CNN,NATIVE_LMS,NATIVE_LMS,0.001,1,2.0,STOPGRAD_NATIVE,NONE,MULTISCALE_GNCC_SQUARED,0,NATIVE,True,0.0001,1e-05,50000,FRESH,3,HQNR_MAX50,EXACT_FINAL,TEACHER_ONLY,P0,False,False,False,False,W100_COSINE_FULL_BUDGET,NONE,TA2-U02,07 U INPUT / BASE COORDINATES,M05 epsilon-only; U 입력·base도 native LMS,TA2-M05,PLANNED_NOT_RUN
PANDA_ALIGNER_TEACHER_LMS_GT_S135_20261006_v2,s3,QB,4,2047,1,261006301,133,08 SIZE / SCALE,ATL2_QB_S3_R1_SS261006301_X00_F50K_v2,TEACHER_P0_W112_D123,CNN,NATIVE_LMS,BICUBIC_MS,0.001,1,2.0,STOPGRAD_NATIVE,GT,MULTISCALE_GNCC_SQUARED,0.01,NATIVE,True,0.0001,1e-05,50000,FRESH,3,HQNR_MAX50,EXACT_FINAL,TEACHER_ONLY,P0,False,False,False,False,W100_COSINE_FULL_BUDGET,A_AUX_MULTICROP_48_56_64,TA2-X00,08 SIZE / SCALE,M07 + A 보조 crop48/56/64; native U64 고정,TA2-M07,PLANNED_NOT_RUN
PANDA_ALIGNER_TEACHER_LMS_GT_S135_20261006_v2,s3,QB,4,2047,1,261006301,134,08 SIZE / SCALE,ATL2_QB_S3_R1_SS261006301_X01_F50K_v2,TEACHER_P0_W112_D123,CNN,NATIVE_LMS,BICUBIC_MS,0.001,1,2.0,STOPGRAD_NATIVE,NONE,MULTISCALE_GNCC_SQUARED,0,NATIVE,True,0.0001,1e-05,50000,FRESH,3,HQNR_MAX50,EXACT_FINAL,TEACHER_ONLY,P0,False,False,False,False,W100_COSINE_FULL_BUDGET,A_AUX_MAGNIFY_1_2_4_8,TA2-X01,08 SIZE / SCALE,M05 + A 보조 확대1/2/4/8; epsilon-only,TA2-M05,PLANNED_NOT_RUN
PANDA_ALIGNER_TEACHER_LMS_GT_S135_20261006_v2,s3,QB,4,2047,1,261006301,135,08 SIZE / SCALE,ATL2_QB_S3_R1_SS261006301_X02_F50K_v2,TEACHER_P0_W112_D123,CNN,NATIVE_LMS,BICUBIC_MS,0.001,1,2.0,STOPGRAD_NATIVE,GT,MULTISCALE_GNCC_SQUARED,0.01,NATIVE,True,0.0001,1e-05,50000,FRESH,3,HQNR_MAX50,EXACT_FINAL,TEACHER_ONLY,P0,False,False,False,False,W100_COSINE_FULL_BUDGET,A_AUX_MAGNIFY_1_2_4_8,TA2-X02,08 SIZE / SCALE,M07 + A 보조 확대1/2/4/8; epsilon+GT 구조,TA2-M07,PLANNED_NOT_RUN
PANDA_ALIGNER_TEACHER_LMS_GT_S135_20261006_v2,s3,QB,4,2047,1,261006301,136,08 SIZE / SCALE,ATL2_QB_S3_R1_SS261006301_X03_F50K_v2,TEACHER_P0_W112_D123,CNN,NATIVE_LMS,BICUBIC_MS,0.001,1,2.0,STOPGRAD_NATIVE,GT,MULTISCALE_GNCC_SQUARED,0.01,NATIVE,True,0.0001,1e-05,50000,FRESH,3,HQNR_MAX50,EXACT_FINAL,TEACHER_ONLY,P0,False,False,False,False,W100_COSINE_FULL_BUDGET,A_AUX_MAGNIFY_WITH_SCALE_LAMBDA001,TA2-X03,08 SIZE / SCALE,X02 + 정규화된 추가변위 scale consistency,TA2-X02,PLANNED_NOT_RUN
PANDA_ALIGNER_TEACHER_LMS_GT_S135_20261006_v2,s3,QB,4,2047,2,261006302,137,08 SIZE / SCALE,ATL2_QB_S3_R2_SS261006302_X00_F50K_v2,TEACHER_P0_W112_D123,CNN,NATIVE_LMS,BICUBIC_MS,0.001,1,2.0,STOPGRAD_NATIVE,GT,MULTISCALE_GNCC_SQUARED,0.01,NATIVE,True,0.0001,1e-05,50000,FRESH,3,HQNR_MAX50,EXACT_FINAL,TEACHER_ONLY,P0,False,False,False,False,W100_COSINE_FULL_BUDGET,A_AUX_MULTICROP_48_56_64,TA2-X00,08 SIZE / SCALE,M07 + A 보조 crop48/56/64; native U64 고정,TA2-M07,PLANNED_NOT_RUN
PANDA_ALIGNER_TEACHER_LMS_GT_S135_20261006_v2,s3,QB,4,2047,2,261006302,138,08 SIZE / SCALE,ATL2_QB_S3_R2_SS261006302_X03_F50K_v2,TEACHER_P0_W112_D123,CNN,NATIVE_LMS,BICUBIC_MS,0.001,1,2.0,STOPGRAD_NATIVE,GT,MULTISCALE_GNCC_SQUARED,0.01,NATIVE,True,0.0001,1e-05,50000,FRESH,3,HQNR_MAX50,EXACT_FINAL,TEACHER_ONLY,P0,False,False,False,False,W100_COSINE_FULL_BUDGET,A_AUX_MAGNIFY_WITH_SCALE_LAMBDA001,TA2-X03,08 SIZE / SCALE,X02 + 정규화된 추가변위 scale consistency,TA2-X02,PLANNED_NOT_RUN
PANDA_ALIGNER_TEACHER_LMS_GT_S135_20261006_v2,s3,QB,4,2047,2,261006302,139,08 SIZE / SCALE,ATL2_QB_S3_R2_SS261006302_X02_F50K_v2,TEACHER_P0_W112_D123,CNN,NATIVE_LMS,BICUBIC_MS,0.001,1,2.0,STOPGRAD_NATIVE,GT,MULTISCALE_GNCC_SQUARED,0.01,NATIVE,True,0.0001,1e-05,50000,FRESH,3,HQNR_MAX50,EXACT_FINAL,TEACHER_ONLY,P0,False,False,False,False,W100_COSINE_FULL_BUDGET,A_AUX_MAGNIFY_1_2_4_8,TA2-X02,08 SIZE / SCALE,M07 + A 보조 확대1/2/4/8; epsilon+GT 구조,TA2-M07,PLANNED_NOT_RUN
PANDA_ALIGNER_TEACHER_LMS_GT_S135_20261006_v2,s3,QB,4,2047,2,261006302,140,08 SIZE / SCALE,ATL2_QB_S3_R2_SS261006302_X01_F50K_v2,TEACHER_P0_W112_D123,CNN,NATIVE_LMS,BICUBIC_MS,0.001,1,2.0,STOPGRAD_NATIVE,NONE,MULTISCALE_GNCC_SQUARED,0,NATIVE,True,0.0001,1e-05,50000,FRESH,3,HQNR_MAX50,EXACT_FINAL,TEACHER_ONLY,P0,False,False,False,False,W100_COSINE_FULL_BUDGET,A_AUX_MAGNIFY_1_2_4_8,TA2-X01,08 SIZE / SCALE,M05 + A 보조 확대1/2/4/8; epsilon-only,TA2-M05,PLANNED_NOT_RUN
PANDA_ALIGNER_TEACHER_LMS_GT_S135_20261006_v2,s3,QB,4,2047,3,261006303,141,08 SIZE / SCALE,ATL2_QB_S3_R3_SS261006303_X02_F50K_v2,TEACHER_P0_W112_D123,CNN,NATIVE_LMS,BICUBIC_MS,0.001,1,2.0,STOPGRAD_NATIVE,GT,MULTISCALE_GNCC_SQUARED,0.01,NATIVE,True,0.0001,1e-05,50000,FRESH,3,HQNR_MAX50,EXACT_FINAL,TEACHER_ONLY,P0,False,False,False,False,W100_COSINE_FULL_BUDGET,A_AUX_MAGNIFY_1_2_4_8,TA2-X02,08 SIZE / SCALE,M07 + A 보조 확대1/2/4/8; epsilon+GT 구조,TA2-M07,PLANNED_NOT_RUN
PANDA_ALIGNER_TEACHER_LMS_GT_S135_20261006_v2,s3,QB,4,2047,3,261006303,142,08 SIZE / SCALE,ATL2_QB_S3_R3_SS261006303_X03_F50K_v2,TEACHER_P0_W112_D123,CNN,NATIVE_LMS,BICUBIC_MS,0.001,1,2.0,STOPGRAD_NATIVE,GT,MULTISCALE_GNCC_SQUARED,0.01,NATIVE,True,0.0001,1e-05,50000,FRESH,3,HQNR_MAX50,EXACT_FINAL,TEACHER_ONLY,P0,False,False,False,False,W100_COSINE_FULL_BUDGET,A_AUX_MAGNIFY_WITH_SCALE_LAMBDA001,TA2-X03,08 SIZE / SCALE,X02 + 정규화된 추가변위 scale consistency,TA2-X02,PLANNED_NOT_RUN
PANDA_ALIGNER_TEACHER_LMS_GT_S135_20261006_v2,s3,QB,4,2047,3,261006303,143,08 SIZE / SCALE,ATL2_QB_S3_R3_SS261006303_X00_F50K_v2,TEACHER_P0_W112_D123,CNN,NATIVE_LMS,BICUBIC_MS,0.001,1,2.0,STOPGRAD_NATIVE,GT,MULTISCALE_GNCC_SQUARED,0.01,NATIVE,True,0.0001,1e-05,50000,FRESH,3,HQNR_MAX50,EXACT_FINAL,TEACHER_ONLY,P0,False,False,False,False,W100_COSINE_FULL_BUDGET,A_AUX_MULTICROP_48_56_64,TA2-X00,08 SIZE / SCALE,M07 + A 보조 crop48/56/64; native U64 고정,TA2-M07,PLANNED_NOT_RUN
PANDA_ALIGNER_TEACHER_LMS_GT_S135_20261006_v2,s3,QB,4,2047,3,261006303,144,08 SIZE / SCALE,ATL2_QB_S3_R3_SS261006303_X01_F50K_v2,TEACHER_P0_W112_D123,CNN,NATIVE_LMS,BICUBIC_MS,0.001,1,2.0,STOPGRAD_NATIVE,NONE,MULTISCALE_GNCC_SQUARED,0,NATIVE,True,0.0001,1e-05,50000,FRESH,3,HQNR_MAX50,EXACT_FINAL,TEACHER_ONLY,P0,False,False,False,False,W100_COSINE_FULL_BUDGET,A_AUX_MAGNIFY_1_2_4_8,TA2-X01,08 SIZE / SCALE,M05 + A 보조 확대1/2/4/8; epsilon-only,TA2-M05,PLANNED_NOT_RUN
PANDA_ALIGNER_TEACHER_LMS_GT_S135_20261006_v2,s3,QB,4,2047,1,261006301,145,09 LONGER BUDGET,ATL2_QB_S3_R1_SS261006301_D00_F100K_v2,TEACHER_P0_W112_D123,NONE,NA,BICUBIC_MS,0,1,2.0,STOPGRAD_NATIVE,NONE,MULTISCALE_GNCC_SQUARED,0,NATIVE,False,0.0001,0,100000,FRESH,3,HQNR_MAX50,EXACT_FINAL,TEACHER_ONLY,P0,False,False,False,False,W100_COSINE_FULL_BUDGET,NONE,TA2-D00,09 LONGER BUDGET,B00 fresh100K; 처음부터 cosine100K,TA2-B00,PLANNED_NOT_RUN
PANDA_ALIGNER_TEACHER_LMS_GT_S135_20261006_v2,s3,QB,4,2047,1,261006301,146,09 LONGER BUDGET,ATL2_QB_S3_R1_SS261006301_D01_F100K_v2,TEACHER_P0_W112_D123,PER_IMAGE_LMS_GRAD_FIXED,NATIVE_LMS,BICUBIC_MS,0,1,2.0,STOPGRAD_NATIVE,NONE,MULTISCALE_GNCC_SQUARED,0,NATIVE,False,0.0001,0,100000,FRESH,3,HQNR_MAX50,EXACT_FINAL,TEACHER_ONLY,P0,False,False,False,False,W100_COSINE_FULL_BUDGET,NONE,TA2-D01,09 LONGER BUDGET,B03 fresh100K; 처음부터 cosine100K,TA2-B03,PLANNED_NOT_RUN
PANDA_ALIGNER_TEACHER_LMS_GT_S135_20261006_v2,s3,QB,4,2047,1,261006301,147,09 LONGER BUDGET,ATL2_QB_S3_R1_SS261006301_D02_F100K_v2,TEACHER_P0_W112_D123,CNN,NATIVE_LMS,BICUBIC_MS,0.001,1,2.0,STOPGRAD_NATIVE,NONE,MULTISCALE_GNCC_SQUARED,0,NATIVE,True,0.0001,1e-05,100000,FRESH,3,HQNR_MAX50,EXACT_FINAL,TEACHER_ONLY,P0,False,False,False,False,W100_COSINE_FULL_BUDGET,NONE,TA2-D02,09 LONGER BUDGET,M05 fresh100K; 처음부터 cosine100K,TA2-M05,PLANNED_NOT_RUN
PANDA_ALIGNER_TEACHER_LMS_GT_S135_20261006_v2,s3,QB,4,2047,1,261006301,148,09 LONGER BUDGET,ATL2_QB_S3_R1_SS261006301_D03_F100K_v2,TEACHER_P0_W112_D123,CNN,NATIVE_LMS,BICUBIC_MS,0.001,1,2.0,STOPGRAD_NATIVE,GT,MULTISCALE_GNCC_SQUARED,0.01,NATIVE,True,0.0001,1e-05,100000,FRESH,3,HQNR_MAX50,EXACT_FINAL,TEACHER_ONLY,P0,False,False,False,False,W100_COSINE_FULL_BUDGET,NONE,TA2-D03,09 LONGER BUDGET,M07 fresh100K; 처음부터 cosine100K,TA2-M07,PLANNED_NOT_RUN
PANDA_ALIGNER_TEACHER_LMS_GT_S135_20261006_v2,s3,QB,4,2047,2,261006302,149,09 LONGER BUDGET,ATL2_QB_S3_R2_SS261006302_D00_F100K_v2,TEACHER_P0_W112_D123,NONE,NA,BICUBIC_MS,0,1,2.0,STOPGRAD_NATIVE,NONE,MULTISCALE_GNCC_SQUARED,0,NATIVE,False,0.0001,0,100000,FRESH,3,HQNR_MAX50,EXACT_FINAL,TEACHER_ONLY,P0,False,False,False,False,W100_COSINE_FULL_BUDGET,NONE,TA2-D00,09 LONGER BUDGET,B00 fresh100K; 처음부터 cosine100K,TA2-B00,PLANNED_NOT_RUN
PANDA_ALIGNER_TEACHER_LMS_GT_S135_20261006_v2,s3,QB,4,2047,2,261006302,150,09 LONGER BUDGET,ATL2_QB_S3_R2_SS261006302_D03_F100K_v2,TEACHER_P0_W112_D123,CNN,NATIVE_LMS,BICUBIC_MS,0.001,1,2.0,STOPGRAD_NATIVE,GT,MULTISCALE_GNCC_SQUARED,0.01,NATIVE,True,0.0001,1e-05,100000,FRESH,3,HQNR_MAX50,EXACT_FINAL,TEACHER_ONLY,P0,False,False,False,False,W100_COSINE_FULL_BUDGET,NONE,TA2-D03,09 LONGER BUDGET,M07 fresh100K; 처음부터 cosine100K,TA2-M07,PLANNED_NOT_RUN
PANDA_ALIGNER_TEACHER_LMS_GT_S135_20261006_v2,s3,QB,4,2047,2,261006302,151,09 LONGER BUDGET,ATL2_QB_S3_R2_SS261006302_D02_F100K_v2,TEACHER_P0_W112_D123,CNN,NATIVE_LMS,BICUBIC_MS,0.001,1,2.0,STOPGRAD_NATIVE,NONE,MULTISCALE_GNCC_SQUARED,0,NATIVE,True,0.0001,1e-05,100000,FRESH,3,HQNR_MAX50,EXACT_FINAL,TEACHER_ONLY,P0,False,False,False,False,W100_COSINE_FULL_BUDGET,NONE,TA2-D02,09 LONGER BUDGET,M05 fresh100K; 처음부터 cosine100K,TA2-M05,PLANNED_NOT_RUN
PANDA_ALIGNER_TEACHER_LMS_GT_S135_20261006_v2,s3,QB,4,2047,2,261006302,152,09 LONGER BUDGET,ATL2_QB_S3_R2_SS261006302_D01_F100K_v2,TEACHER_P0_W112_D123,PER_IMAGE_LMS_GRAD_FIXED,NATIVE_LMS,BICUBIC_MS,0,1,2.0,STOPGRAD_NATIVE,NONE,MULTISCALE_GNCC_SQUARED,0,NATIVE,False,0.0001,0,100000,FRESH,3,HQNR_MAX50,EXACT_FINAL,TEACHER_ONLY,P0,False,False,False,False,W100_COSINE_FULL_BUDGET,NONE,TA2-D01,09 LONGER BUDGET,B03 fresh100K; 처음부터 cosine100K,TA2-B03,PLANNED_NOT_RUN
PANDA_ALIGNER_TEACHER_LMS_GT_S135_20261006_v2,s3,QB,4,2047,3,261006303,153,09 LONGER BUDGET,ATL2_QB_S3_R3_SS261006303_D02_F100K_v2,TEACHER_P0_W112_D123,CNN,NATIVE_LMS,BICUBIC_MS,0.001,1,2.0,STOPGRAD_NATIVE,NONE,MULTISCALE_GNCC_SQUARED,0,NATIVE,True,0.0001,1e-05,100000,FRESH,3,HQNR_MAX50,EXACT_FINAL,TEACHER_ONLY,P0,False,False,False,False,W100_COSINE_FULL_BUDGET,NONE,TA2-D02,09 LONGER BUDGET,M05 fresh100K; 처음부터 cosine100K,TA2-M05,PLANNED_NOT_RUN
PANDA_ALIGNER_TEACHER_LMS_GT_S135_20261006_v2,s3,QB,4,2047,3,261006303,154,09 LONGER BUDGET,ATL2_QB_S3_R3_SS261006303_D03_F100K_v2,TEACHER_P0_W112_D123,CNN,NATIVE_LMS,BICUBIC_MS,0.001,1,2.0,STOPGRAD_NATIVE,GT,MULTISCALE_GNCC_SQUARED,0.01,NATIVE,True,0.0001,1e-05,100000,FRESH,3,HQNR_MAX50,EXACT_FINAL,TEACHER_ONLY,P0,False,False,False,False,W100_COSINE_FULL_BUDGET,NONE,TA2-D03,09 LONGER BUDGET,M07 fresh100K; 처음부터 cosine100K,TA2-M07,PLANNED_NOT_RUN
PANDA_ALIGNER_TEACHER_LMS_GT_S135_20261006_v2,s3,QB,4,2047,3,261006303,155,09 LONGER BUDGET,ATL2_QB_S3_R3_SS261006303_D00_F100K_v2,TEACHER_P0_W112_D123,NONE,NA,BICUBIC_MS,0,1,2.0,STOPGRAD_NATIVE,NONE,MULTISCALE_GNCC_SQUARED,0,NATIVE,False,0.0001,0,100000,FRESH,3,HQNR_MAX50,EXACT_FINAL,TEACHER_ONLY,P0,False,False,False,False,W100_COSINE_FULL_BUDGET,NONE,TA2-D00,09 LONGER BUDGET,B00 fresh100K; 처음부터 cosine100K,TA2-B00,PLANNED_NOT_RUN
PANDA_ALIGNER_TEACHER_LMS_GT_S135_20261006_v2,s3,QB,4,2047,3,261006303,156,09 LONGER BUDGET,ATL2_QB_S3_R3_SS261006303_D01_F100K_v2,TEACHER_P0_W112_D123,PER_IMAGE_LMS_GRAD_FIXED,NATIVE_LMS,BICUBIC_MS,0,1,2.0,STOPGRAD_NATIVE,NONE,MULTISCALE_GNCC_SQUARED,0,NATIVE,False,0.0001,0,100000,FRESH,3,HQNR_MAX50,EXACT_FINAL,TEACHER_ONLY,P0,False,False,False,False,W100_COSINE_FULL_BUDGET,NONE,TA2-D01,09 LONGER BUDGET,B03 fresh100K; 처음부터 cosine100K,TA2-B03,PLANNED_NOT_RUN
PANDA_ALIGNER_TEACHER_LMS_GT_S135_20261006_v2,s5,GF2,4,1023,1,261006501,1,P0_CORE,ATL2_GF2_S5_R1_SS261006501_B00_F50K_v2,TEACHER_P0_W112_D123,NONE,NA,BICUBIC_MS,0,1,2.0,STOPGRAD_NATIVE,NONE,MULTISCALE_GNCC_SQUARED,0,NATIVE,False,0.0001,0,50000,FRESH,3,HQNR_MAX50,EXACT_FINAL,TEACHER_ONLY,P0,False,False,False,False,W100_COSINE_FULL_BUDGET,NONE,TA2-B00,01 NO-ALIGNER / FIXED SHIFT,무정합 U-Net 재학습; sampler bypass,,PLANNED_NOT_RUN
PANDA_ALIGNER_TEACHER_LMS_GT_S135_20261006_v2,s5,GF2,4,1023,1,261006501,2,P0_CORE,ATL2_GF2_S5_R1_SS261006501_B02_F50K_v2,TEACHER_P0_W112_D123,TRAIN_GLOBAL_MEDIAN,NATIVE_LMS,BICUBIC_MS,0,1,2.0,STOPGRAD_NATIVE,NONE,MULTISCALE_GNCC_SQUARED,0,NATIVE,False,0.0001,0,50000,FRESH,3,HQNR_MAX50,EXACT_FINAL,TEACHER_ONLY,P0,False,False,False,False,W100_COSINE_FULL_BUDGET,NONE,TA2-B02,01 NO-ALIGNER / FIXED SHIFT,학습 split의 사전 LMS 추정치 중앙값 하나 고정,TA2-B00,PLANNED_NOT_RUN
PANDA_ALIGNER_TEACHER_LMS_GT_S135_20261006_v2,s5,GF2,4,1023,1,261006501,3,P0_CORE,ATL2_GF2_S5_R1_SS261006501_B03_F50K_v2,TEACHER_P0_W112_D123,PER_IMAGE_LMS_GRAD_FIXED,NATIVE_LMS,BICUBIC_MS,0,1,2.0,STOPGRAD_NATIVE,NONE,MULTISCALE_GNCC_SQUARED,0,NATIVE,False,0.0001,0,50000,FRESH,3,HQNR_MAX50,EXACT_FINAL,TEACHER_ONLY,P0,False,False,False,False,W100_COSINE_FULL_BUDGET,NONE,TA2-B03,01 NO-ALIGNER / FIXED SHIFT,영상별 PAN-LMS gradient 등록 shift 고정 후 U 학습,TA2-B00,PLANNED_NOT_RUN
PANDA_ALIGNER_TEACHER_LMS_GT_S135_20261006_v2,s5,GF2,4,1023,1,261006501,4,P0_CORE,ATL2_GF2_S5_R1_SS261006501_B04_F50K_v2,TEACHER_P0_W112_D123,PER_IMAGE_LMS_INT_FIXED,NATIVE_LMS,BICUBIC_MS,0,1,2.0,STOPGRAD_NATIVE,NONE,MULTISCALE_GNCC_SQUARED,0,NATIVE,False,0.0001,0,50000,FRESH,3,HQNR_MAX50,EXACT_FINAL,TEACHER_ONLY,P0,False,False,False,False,W100_COSINE_FULL_BUDGET,NONE,TA2-B04,01 NO-ALIGNER / FIXED SHIFT,영상별 PAN-LMS intensity 등록 shift 고정 후 U 학습,TA2-B03,PLANNED_NOT_RUN
PANDA_ALIGNER_TEACHER_LMS_GT_S135_20261006_v2,s5,GF2,4,1023,1,261006501,5,P0_CORE,ATL2_GF2_S5_R1_SS261006501_B05_F50K_v2,TEACHER_P0_W112_D123,PER_IMAGE_BIC_GRAD_FIXED,BICUBIC_MS,BICUBIC_MS,0,1,2.0,STOPGRAD_NATIVE,NONE,MULTISCALE_GNCC_SQUARED,0,NATIVE,False,0.0001,0,50000,FRESH,3,HQNR_MAX50,EXACT_FINAL,TEACHER_ONLY,P0,False,False,False,False,W100_COSINE_FULL_BUDGET,NONE,TA2-B05,01 NO-ALIGNER / FIXED SHIFT,영상별 PAN-bicubic MS 등록 shift 고정,TA2-B03,PLANNED_NOT_RUN
PANDA_ALIGNER_TEACHER_LMS_GT_S135_20261006_v2,s5,GF2,4,1023,1,261006501,6,P0_CORE,ATL2_GF2_S5_R1_SS261006501_B07_F50K_v2,TEACHER_P0_W112_D123,LEARNED_GLOBAL_2VECTOR,NA,BICUBIC_MS,0,1,2.0,STOPGRAD_NATIVE,NONE,MULTISCALE_GNCC_SQUARED,0,NATIVE,True,0.0001,1e-05,50000,FRESH,3,HQNR_MAX50,EXACT_FINAL,TEACHER_ONLY,P0,False,False,False,False,W100_COSINE_FULL_BUDGET,2_PARAMETERS_CANONICAL_FRAME,TA2-B07,01 NO-ALIGNER / FIXED SHIFT,CNN 없이 학습 가능한 전역 2변수 shift + U-Net,TA2-B00,PLANNED_NOT_RUN
PANDA_ALIGNER_TEACHER_LMS_GT_S135_20261006_v2,s5,GF2,4,1023,1,261006501,7,P0_CORE,ATL2_GF2_S5_R1_SS261006501_M00_F50K_v2,TEACHER_P0_W112_D123,CNN,BICUBIC_MS,BICUBIC_MS,0,1,2.0,STOPGRAD_NATIVE,NONE,MULTISCALE_GNCC_SQUARED,0,NATIVE,True,0.0001,1e-05,50000,FRESH,3,HQNR_MAX50,EXACT_FINAL,TEACHER_ONLY,P0,False,False,False,False,W100_COSINE_FULL_BUDGET,NONE,TA2-M00,02 REFERENCE × EPSILON × STRUCTURE,BICUBIC_MS A 입력 | rec + no epsilon + no direct structure,TA2-B00,PLANNED_NOT_RUN
PANDA_ALIGNER_TEACHER_LMS_GT_S135_20261006_v2,s5,GF2,4,1023,1,261006501,8,P0_CORE,ATL2_GF2_S5_R1_SS261006501_M01_F50K_v2,TEACHER_P0_W112_D123,CNN,BICUBIC_MS,BICUBIC_MS,0.001,1,2.0,STOPGRAD_NATIVE,NONE,MULTISCALE_GNCC_SQUARED,0,NATIVE,True,0.0001,1e-05,50000,FRESH,3,HQNR_MAX50,EXACT_FINAL,TEACHER_ONLY,P0,False,False,False,False,W100_COSINE_FULL_BUDGET,NONE,TA2-M01,02 REFERENCE × EPSILON × STRUCTURE,BICUBIC_MS A 입력 | rec + epsilon + no direct structure,TA2-M00,PLANNED_NOT_RUN
PANDA_ALIGNER_TEACHER_LMS_GT_S135_20261006_v2,s5,GF2,4,1023,1,261006501,9,P0_CORE,ATL2_GF2_S5_R1_SS261006501_M02_F50K_v2,TEACHER_P0_W112_D123,CNN,BICUBIC_MS,BICUBIC_MS,0,1,2.0,STOPGRAD_NATIVE,GT,MULTISCALE_GNCC_SQUARED,0.01,NATIVE,True,0.0001,1e-05,50000,FRESH,3,HQNR_MAX50,EXACT_FINAL,TEACHER_ONLY,P0,False,False,False,False,W100_COSINE_FULL_BUDGET,NONE,TA2-M02,02 REFERENCE × EPSILON × STRUCTURE,BICUBIC_MS A 입력 | rec + no epsilon + GT 구조 정합,TA2-M00,PLANNED_NOT_RUN
PANDA_ALIGNER_TEACHER_LMS_GT_S135_20261006_v2,s5,GF2,4,1023,1,261006501,10,P0_CORE,ATL2_GF2_S5_R1_SS261006501_M03_F50K_v2,TEACHER_P0_W112_D123,CNN,BICUBIC_MS,BICUBIC_MS,0.001,1,2.0,STOPGRAD_NATIVE,GT,MULTISCALE_GNCC_SQUARED,0.01,NATIVE,True,0.0001,1e-05,50000,FRESH,3,HQNR_MAX50,EXACT_FINAL,TEACHER_ONLY,P0,False,False,False,False,W100_COSINE_FULL_BUDGET,NONE,TA2-M03,02 REFERENCE × EPSILON × STRUCTURE,BICUBIC_MS A 입력 | rec + epsilon + GT 구조 정합,TA2-M00,PLANNED_NOT_RUN
PANDA_ALIGNER_TEACHER_LMS_GT_S135_20261006_v2,s5,GF2,4,1023,1,261006501,11,P0_CORE,ATL2_GF2_S5_R1_SS261006501_M04_F50K_v2,TEACHER_P0_W112_D123,CNN,NATIVE_LMS,BICUBIC_MS,0,1,2.0,STOPGRAD_NATIVE,NONE,MULTISCALE_GNCC_SQUARED,0,NATIVE,True,0.0001,1e-05,50000,FRESH,3,HQNR_MAX50,EXACT_FINAL,TEACHER_ONLY,P0,False,False,False,False,W100_COSINE_FULL_BUDGET,NONE,TA2-M04,02 REFERENCE × EPSILON × STRUCTURE,NATIVE_LMS A 입력 | rec + no epsilon + no direct structure,TA2-M00,PLANNED_NOT_RUN
PANDA_ALIGNER_TEACHER_LMS_GT_S135_20261006_v2,s5,GF2,4,1023,1,261006501,12,P0_CORE,ATL2_GF2_S5_R1_SS261006501_M05_F50K_v2,TEACHER_P0_W112_D123,CNN,NATIVE_LMS,BICUBIC_MS,0.001,1,2.0,STOPGRAD_NATIVE,NONE,MULTISCALE_GNCC_SQUARED,0,NATIVE,True,0.0001,1e-05,50000,FRESH,3,HQNR_MAX50,EXACT_FINAL,TEACHER_ONLY,P0,False,False,False,False,W100_COSINE_FULL_BUDGET,NONE,TA2-M05,02 REFERENCE × EPSILON × STRUCTURE,NATIVE_LMS A 입력 | rec + epsilon + no direct structure,TA2-M01,PLANNED_NOT_RUN
PANDA_ALIGNER_TEACHER_LMS_GT_S135_20261006_v2,s5,GF2,4,1023,1,261006501,13,P0_CORE,ATL2_GF2_S5_R1_SS261006501_M06_F50K_v2,TEACHER_P0_W112_D123,CNN,NATIVE_LMS,BICUBIC_MS,0,1,2.0,STOPGRAD_NATIVE,GT,MULTISCALE_GNCC_SQUARED,0.01,NATIVE,True,0.0001,1e-05,50000,FRESH,3,HQNR_MAX50,EXACT_FINAL,TEACHER_ONLY,P0,False,False,False,False,W100_COSINE_FULL_BUDGET,NONE,TA2-M06,02 REFERENCE × EPSILON × STRUCTURE,NATIVE_LMS A 입력 | rec + no epsilon + GT 구조 정합,TA2-M02,PLANNED_NOT_RUN
PANDA_ALIGNER_TEACHER_LMS_GT_S135_20261006_v2,s5,GF2,4,1023,1,261006501,14,P0_CORE,ATL2_GF2_S5_R1_SS261006501_M07_F50K_v2,TEACHER_P0_W112_D123,CNN,NATIVE_LMS,BICUBIC_MS,0.001,1,2.0,STOPGRAD_NATIVE,GT,MULTISCALE_GNCC_SQUARED,0.01,NATIVE,True,0.0001,1e-05,50000,FRESH,3,HQNR_MAX50,EXACT_FINAL,TEACHER_ONLY,P0,False,False,False,False,W100_COSINE_FULL_BUDGET,NONE,TA2-M07,02 REFERENCE × EPSILON × STRUCTURE,NATIVE_LMS A 입력 | rec + epsilon + GT 구조 정합,TA2-M03,PLANNED_NOT_RUN
PANDA_ALIGNER_TEACHER_LMS_GT_S135_20261006_v2,s5,GF2,4,1023,1,261006501,15,P0_CORE,ATL2_GF2_S5_R1_SS261006501_U00_F50K_v2,TEACHER_P0_W112_D123,NONE,NA,NATIVE_LMS,0,1,2.0,STOPGRAD_NATIVE,NONE,MULTISCALE_GNCC_SQUARED,0,NATIVE,False,0.0001,0,50000,FRESH,3,HQNR_MAX50,EXACT_FINAL,TEACHER_ONLY,P0,False,False,False,False,W100_COSINE_FULL_BUDGET,NONE,TA2-U00,07 U INPUT / BASE COORDINATES,B00 U 입력·residual base도 native LMS로 변경,TA2-B00,PLANNED_NOT_RUN
PANDA_ALIGNER_TEACHER_LMS_GT_S135_20261006_v2,s5,GF2,4,1023,1,261006501,16,P0_CORE,ATL2_GF2_S5_R1_SS261006501_U03_F50K_v2,TEACHER_P0_W112_D123,CNN,NATIVE_LMS,NATIVE_LMS,0.001,1,2.0,STOPGRAD_NATIVE,GT,MULTISCALE_GNCC_SQUARED,0.01,NATIVE,True,0.0001,1e-05,50000,FRESH,3,HQNR_MAX50,EXACT_FINAL,TEACHER_ONLY,P0,False,False,False,False,W100_COSINE_FULL_BUDGET,NONE,TA2-U03,07 U INPUT / BASE COORDINATES,M07 epsilon+GT 구조; U 입력·base도 native LMS,TA2-M07,PLANNED_NOT_RUN
PANDA_ALIGNER_TEACHER_LMS_GT_S135_20261006_v2,s5,GF2,4,1023,2,261006502,17,P0_CORE,ATL2_GF2_S5_R2_SS261006502_B00_F50K_v2,TEACHER_P0_W112_D123,NONE,NA,BICUBIC_MS,0,1,2.0,STOPGRAD_NATIVE,NONE,MULTISCALE_GNCC_SQUARED,0,NATIVE,False,0.0001,0,50000,FRESH,3,HQNR_MAX50,EXACT_FINAL,TEACHER_ONLY,P0,False,False,False,False,W100_COSINE_FULL_BUDGET,NONE,TA2-B00,01 NO-ALIGNER / FIXED SHIFT,무정합 U-Net 재학습; sampler bypass,,PLANNED_NOT_RUN
PANDA_ALIGNER_TEACHER_LMS_GT_S135_20261006_v2,s5,GF2,4,1023,2,261006502,18,P0_CORE,ATL2_GF2_S5_R2_SS261006502_U03_F50K_v2,TEACHER_P0_W112_D123,CNN,NATIVE_LMS,NATIVE_LMS,0.001,1,2.0,STOPGRAD_NATIVE,GT,MULTISCALE_GNCC_SQUARED,0.01,NATIVE,True,0.0001,1e-05,50000,FRESH,3,HQNR_MAX50,EXACT_FINAL,TEACHER_ONLY,P0,False,False,False,False,W100_COSINE_FULL_BUDGET,NONE,TA2-U03,07 U INPUT / BASE COORDINATES,M07 epsilon+GT 구조; U 입력·base도 native LMS,TA2-M07,PLANNED_NOT_RUN
PANDA_ALIGNER_TEACHER_LMS_GT_S135_20261006_v2,s5,GF2,4,1023,2,261006502,19,P0_CORE,ATL2_GF2_S5_R2_SS261006502_U00_F50K_v2,TEACHER_P0_W112_D123,NONE,NA,NATIVE_LMS,0,1,2.0,STOPGRAD_NATIVE,NONE,MULTISCALE_GNCC_SQUARED,0,NATIVE,False,0.0001,0,50000,FRESH,3,HQNR_MAX50,EXACT_FINAL,TEACHER_ONLY,P0,False,False,False,False,W100_COSINE_FULL_BUDGET,NONE,TA2-U00,07 U INPUT / BASE COORDINATES,B00 U 입력·residual base도 native LMS로 변경,TA2-B00,PLANNED_NOT_RUN
PANDA_ALIGNER_TEACHER_LMS_GT_S135_20261006_v2,s5,GF2,4,1023,2,261006502,20,P0_CORE,ATL2_GF2_S5_R2_SS261006502_M07_F50K_v2,TEACHER_P0_W112_D123,CNN,NATIVE_LMS,BICUBIC_MS,0.001,1,2.0,STOPGRAD_NATIVE,GT,MULTISCALE_GNCC_SQUARED,0.01,NATIVE,True,0.0001,1e-05,50000,FRESH,3,HQNR_MAX50,EXACT_FINAL,TEACHER_ONLY,P0,False,False,False,False,W100_COSINE_FULL_BUDGET,NONE,TA2-M07,02 REFERENCE × EPSILON × STRUCTURE,NATIVE_LMS A 입력 | rec + epsilon + GT 구조 정합,TA2-M03,PLANNED_NOT_RUN
PANDA_ALIGNER_TEACHER_LMS_GT_S135_20261006_v2,s5,GF2,4,1023,2,261006502,21,P0_CORE,ATL2_GF2_S5_R2_SS261006502_M06_F50K_v2,TEACHER_P0_W112_D123,CNN,NATIVE_LMS,BICUBIC_MS,0,1,2.0,STOPGRAD_NATIVE,GT,MULTISCALE_GNCC_SQUARED,0.01,NATIVE,True,0.0001,1e-05,50000,FRESH,3,HQNR_MAX50,EXACT_FINAL,TEACHER_ONLY,P0,False,False,False,False,W100_COSINE_FULL_BUDGET,NONE,TA2-M06,02 REFERENCE × EPSILON × STRUCTURE,NATIVE_LMS A 입력 | rec + no epsilon + GT 구조 정합,TA2-M02,PLANNED_NOT_RUN
PANDA_ALIGNER_TEACHER_LMS_GT_S135_20261006_v2,s5,GF2,4,1023,2,261006502,22,P0_CORE,ATL2_GF2_S5_R2_SS261006502_M05_F50K_v2,TEACHER_P0_W112_D123,CNN,NATIVE_LMS,BICUBIC_MS,0.001,1,2.0,STOPGRAD_NATIVE,NONE,MULTISCALE_GNCC_SQUARED,0,NATIVE,True,0.0001,1e-05,50000,FRESH,3,HQNR_MAX50,EXACT_FINAL,TEACHER_ONLY,P0,False,False,False,False,W100_COSINE_FULL_BUDGET,NONE,TA2-M05,02 REFERENCE × EPSILON × STRUCTURE,NATIVE_LMS A 입력 | rec + epsilon + no direct structure,TA2-M01,PLANNED_NOT_RUN
PANDA_ALIGNER_TEACHER_LMS_GT_S135_20261006_v2,s5,GF2,4,1023,2,261006502,23,P0_CORE,ATL2_GF2_S5_R2_SS261006502_M04_F50K_v2,TEACHER_P0_W112_D123,CNN,NATIVE_LMS,BICUBIC_MS,0,1,2.0,STOPGRAD_NATIVE,NONE,MULTISCALE_GNCC_SQUARED,0,NATIVE,True,0.0001,1e-05,50000,FRESH,3,HQNR_MAX50,EXACT_FINAL,TEACHER_ONLY,P0,False,False,False,False,W100_COSINE_FULL_BUDGET,NONE,TA2-M04,02 REFERENCE × EPSILON × STRUCTURE,NATIVE_LMS A 입력 | rec + no epsilon + no direct structure,TA2-M00,PLANNED_NOT_RUN
PANDA_ALIGNER_TEACHER_LMS_GT_S135_20261006_v2,s5,GF2,4,1023,2,261006502,24,P0_CORE,ATL2_GF2_S5_R2_SS261006502_M03_F50K_v2,TEACHER_P0_W112_D123,CNN,BICUBIC_MS,BICUBIC_MS,0.001,1,2.0,STOPGRAD_NATIVE,GT,MULTISCALE_GNCC_SQUARED,0.01,NATIVE,True,0.0001,1e-05,50000,FRESH,3,HQNR_MAX50,EXACT_FINAL,TEACHER_ONLY,P0,False,False,False,False,W100_COSINE_FULL_BUDGET,NONE,TA2-M03,02 REFERENCE × EPSILON × STRUCTURE,BICUBIC_MS A 입력 | rec + epsilon + GT 구조 정합,TA2-M00,PLANNED_NOT_RUN
PANDA_ALIGNER_TEACHER_LMS_GT_S135_20261006_v2,s5,GF2,4,1023,2,261006502,25,P0_CORE,ATL2_GF2_S5_R2_SS261006502_M02_F50K_v2,TEACHER_P0_W112_D123,CNN,BICUBIC_MS,BICUBIC_MS,0,1,2.0,STOPGRAD_NATIVE,GT,MULTISCALE_GNCC_SQUARED,0.01,NATIVE,True,0.0001,1e-05,50000,FRESH,3,HQNR_MAX50,EXACT_FINAL,TEACHER_ONLY,P0,False,False,False,False,W100_COSINE_FULL_BUDGET,NONE,TA2-M02,02 REFERENCE × EPSILON × STRUCTURE,BICUBIC_MS A 입력 | rec + no epsilon + GT 구조 정합,TA2-M00,PLANNED_NOT_RUN
PANDA_ALIGNER_TEACHER_LMS_GT_S135_20261006_v2,s5,GF2,4,1023,2,261006502,26,P0_CORE,ATL2_GF2_S5_R2_SS261006502_M01_F50K_v2,TEACHER_P0_W112_D123,CNN,BICUBIC_MS,BICUBIC_MS,0.001,1,2.0,STOPGRAD_NATIVE,NONE,MULTISCALE_GNCC_SQUARED,0,NATIVE,True,0.0001,1e-05,50000,FRESH,3,HQNR_MAX50,EXACT_FINAL,TEACHER_ONLY,P0,False,False,False,False,W100_COSINE_FULL_BUDGET,NONE,TA2-M01,02 REFERENCE × EPSILON × STRUCTURE,BICUBIC_MS A 입력 | rec + epsilon + no direct structure,TA2-M00,PLANNED_NOT_RUN
PANDA_ALIGNER_TEACHER_LMS_GT_S135_20261006_v2,s5,GF2,4,1023,2,261006502,27,P0_CORE,ATL2_GF2_S5_R2_SS261006502_M00_F50K_v2,TEACHER_P0_W112_D123,CNN,BICUBIC_MS,BICUBIC_MS,0,1,2.0,STOPGRAD_NATIVE,NONE,MULTISCALE_GNCC_SQUARED,0,NATIVE,True,0.0001,1e-05,50000,FRESH,3,HQNR_MAX50,EXACT_FINAL,TEACHER_ONLY,P0,False,False,False,False,W100_COSINE_FULL_BUDGET,NONE,TA2-M00,02 REFERENCE × EPSILON × STRUCTURE,BICUBIC_MS A 입력 | rec + no epsilon + no direct structure,TA2-B00,PLANNED_NOT_RUN
PANDA_ALIGNER_TEACHER_LMS_GT_S135_20261006_v2,s5,GF2,4,1023,2,261006502,28,P0_CORE,ATL2_GF2_S5_R2_SS261006502_B07_F50K_v2,TEACHER_P0_W112_D123,LEARNED_GLOBAL_2VECTOR,NA,BICUBIC_MS,0,1,2.0,STOPGRAD_NATIVE,NONE,MULTISCALE_GNCC_SQUARED,0,NATIVE,True,0.0001,1e-05,50000,FRESH,3,HQNR_MAX50,EXACT_FINAL,TEACHER_ONLY,P0,False,False,False,False,W100_COSINE_FULL_BUDGET,2_PARAMETERS_CANONICAL_FRAME,TA2-B07,01 NO-ALIGNER / FIXED SHIFT,CNN 없이 학습 가능한 전역 2변수 shift + U-Net,TA2-B00,PLANNED_NOT_RUN
PANDA_ALIGNER_TEACHER_LMS_GT_S135_20261006_v2,s5,GF2,4,1023,2,261006502,29,P0_CORE,ATL2_GF2_S5_R2_SS261006502_B05_F50K_v2,TEACHER_P0_W112_D123,PER_IMAGE_BIC_GRAD_FIXED,BICUBIC_MS,BICUBIC_MS,0,1,2.0,STOPGRAD_NATIVE,NONE,MULTISCALE_GNCC_SQUARED,0,NATIVE,False,0.0001,0,50000,FRESH,3,HQNR_MAX50,EXACT_FINAL,TEACHER_ONLY,P0,False,False,False,False,W100_COSINE_FULL_BUDGET,NONE,TA2-B05,01 NO-ALIGNER / FIXED SHIFT,영상별 PAN-bicubic MS 등록 shift 고정,TA2-B03,PLANNED_NOT_RUN
PANDA_ALIGNER_TEACHER_LMS_GT_S135_20261006_v2,s5,GF2,4,1023,2,261006502,30,P0_CORE,ATL2_GF2_S5_R2_SS261006502_B04_F50K_v2,TEACHER_P0_W112_D123,PER_IMAGE_LMS_INT_FIXED,NATIVE_LMS,BICUBIC_MS,0,1,2.0,STOPGRAD_NATIVE,NONE,MULTISCALE_GNCC_SQUARED,0,NATIVE,False,0.0001,0,50000,FRESH,3,HQNR_MAX50,EXACT_FINAL,TEACHER_ONLY,P0,False,False,False,False,W100_COSINE_FULL_BUDGET,NONE,TA2-B04,01 NO-ALIGNER / FIXED SHIFT,영상별 PAN-LMS intensity 등록 shift 고정 후 U 학습,TA2-B03,PLANNED_NOT_RUN
PANDA_ALIGNER_TEACHER_LMS_GT_S135_20261006_v2,s5,GF2,4,1023,2,261006502,31,P0_CORE,ATL2_GF2_S5_R2_SS261006502_B03_F50K_v2,TEACHER_P0_W112_D123,PER_IMAGE_LMS_GRAD_FIXED,NATIVE_LMS,BICUBIC_MS,0,1,2.0,STOPGRAD_NATIVE,NONE,MULTISCALE_GNCC_SQUARED,0,NATIVE,False,0.0001,0,50000,FRESH,3,HQNR_MAX50,EXACT_FINAL,TEACHER_ONLY,P0,False,False,False,False,W100_COSINE_FULL_BUDGET,NONE,TA2-B03,01 NO-ALIGNER / FIXED SHIFT,영상별 PAN-LMS gradient 등록 shift 고정 후 U 학습,TA2-B00,PLANNED_NOT_RUN
PANDA_ALIGNER_TEACHER_LMS_GT_S135_20261006_v2,s5,GF2,4,1023,2,261006502,32,P0_CORE,ATL2_GF2_S5_R2_SS261006502_B02_F50K_v2,TEACHER_P0_W112_D123,TRAIN_GLOBAL_MEDIAN,NATIVE_LMS,BICUBIC_MS,0,1,2.0,STOPGRAD_NATIVE,NONE,MULTISCALE_GNCC_SQUARED,0,NATIVE,False,0.0001,0,50000,FRESH,3,HQNR_MAX50,EXACT_FINAL,TEACHER_ONLY,P0,False,False,False,False,W100_COSINE_FULL_BUDGET,NONE,TA2-B02,01 NO-ALIGNER / FIXED SHIFT,학습 split의 사전 LMS 추정치 중앙값 하나 고정,TA2-B00,PLANNED_NOT_RUN
PANDA_ALIGNER_TEACHER_LMS_GT_S135_20261006_v2,s5,GF2,4,1023,3,261006503,33,P0_CORE,ATL2_GF2_S5_R3_SS261006503_B03_F50K_v2,TEACHER_P0_W112_D123,PER_IMAGE_LMS_GRAD_FIXED,NATIVE_LMS,BICUBIC_MS,0,1,2.0,STOPGRAD_NATIVE,NONE,MULTISCALE_GNCC_SQUARED,0,NATIVE,False,0.0001,0,50000,FRESH,3,HQNR_MAX50,EXACT_FINAL,TEACHER_ONLY,P0,False,False,False,False,W100_COSINE_FULL_BUDGET,NONE,TA2-B03,01 NO-ALIGNER / FIXED SHIFT,영상별 PAN-LMS gradient 등록 shift 고정 후 U 학습,TA2-B00,PLANNED_NOT_RUN
PANDA_ALIGNER_TEACHER_LMS_GT_S135_20261006_v2,s5,GF2,4,1023,3,261006503,34,P0_CORE,ATL2_GF2_S5_R3_SS261006503_B04_F50K_v2,TEACHER_P0_W112_D123,PER_IMAGE_LMS_INT_FIXED,NATIVE_LMS,BICUBIC_MS,0,1,2.0,STOPGRAD_NATIVE,NONE,MULTISCALE_GNCC_SQUARED,0,NATIVE,False,0.0001,0,50000,FRESH,3,HQNR_MAX50,EXACT_FINAL,TEACHER_ONLY,P0,False,False,False,False,W100_COSINE_FULL_BUDGET,NONE,TA2-B04,01 NO-ALIGNER / FIXED SHIFT,영상별 PAN-LMS intensity 등록 shift 고정 후 U 학습,TA2-B03,PLANNED_NOT_RUN
PANDA_ALIGNER_TEACHER_LMS_GT_S135_20261006_v2,s5,GF2,4,1023,3,261006503,35,P0_CORE,ATL2_GF2_S5_R3_SS261006503_B05_F50K_v2,TEACHER_P0_W112_D123,PER_IMAGE_BIC_GRAD_FIXED,BICUBIC_MS,BICUBIC_MS,0,1,2.0,STOPGRAD_NATIVE,NONE,MULTISCALE_GNCC_SQUARED,0,NATIVE,False,0.0001,0,50000,FRESH,3,HQNR_MAX50,EXACT_FINAL,TEACHER_ONLY,P0,False,False,False,False,W100_COSINE_FULL_BUDGET,NONE,TA2-B05,01 NO-ALIGNER / FIXED SHIFT,영상별 PAN-bicubic MS 등록 shift 고정,TA2-B03,PLANNED_NOT_RUN
PANDA_ALIGNER_TEACHER_LMS_GT_S135_20261006_v2,s5,GF2,4,1023,3,261006503,36,P0_CORE,ATL2_GF2_S5_R3_SS261006503_B07_F50K_v2,TEACHER_P0_W112_D123,LEARNED_GLOBAL_2VECTOR,NA,BICUBIC_MS,0,1,2.0,STOPGRAD_NATIVE,NONE,MULTISCALE_GNCC_SQUARED,0,NATIVE,True,0.0001,1e-05,50000,FRESH,3,HQNR_MAX50,EXACT_FINAL,TEACHER_ONLY,P0,False,False,False,False,W100_COSINE_FULL_BUDGET,2_PARAMETERS_CANONICAL_FRAME,TA2-B07,01 NO-ALIGNER / FIXED SHIFT,CNN 없이 학습 가능한 전역 2변수 shift + U-Net,TA2-B00,PLANNED_NOT_RUN
PANDA_ALIGNER_TEACHER_LMS_GT_S135_20261006_v2,s5,GF2,4,1023,3,261006503,37,P0_CORE,ATL2_GF2_S5_R3_SS261006503_M00_F50K_v2,TEACHER_P0_W112_D123,CNN,BICUBIC_MS,BICUBIC_MS,0,1,2.0,STOPGRAD_NATIVE,NONE,MULTISCALE_GNCC_SQUARED,0,NATIVE,True,0.0001,1e-05,50000,FRESH,3,HQNR_MAX50,EXACT_FINAL,TEACHER_ONLY,P0,False,False,False,False,W100_COSINE_FULL_BUDGET,NONE,TA2-M00,02 REFERENCE × EPSILON × STRUCTURE,BICUBIC_MS A 입력 | rec + no epsilon + no direct structure,TA2-B00,PLANNED_NOT_RUN
PANDA_ALIGNER_TEACHER_LMS_GT_S135_20261006_v2,s5,GF2,4,1023,3,261006503,38,P0_CORE,ATL2_GF2_S5_R3_SS261006503_M01_F50K_v2,TEACHER_P0_W112_D123,CNN,BICUBIC_MS,BICUBIC_MS,0.001,1,2.0,STOPGRAD_NATIVE,NONE,MULTISCALE_GNCC_SQUARED,0,NATIVE,True,0.0001,1e-05,50000,FRESH,3,HQNR_MAX50,EXACT_FINAL,TEACHER_ONLY,P0,False,False,False,False,W100_COSINE_FULL_BUDGET,NONE,TA2-M01,02 REFERENCE × EPSILON × STRUCTURE,BICUBIC_MS A 입력 | rec + epsilon + no direct structure,TA2-M00,PLANNED_NOT_RUN
PANDA_ALIGNER_TEACHER_LMS_GT_S135_20261006_v2,s5,GF2,4,1023,3,261006503,39,P0_CORE,ATL2_GF2_S5_R3_SS261006503_M02_F50K_v2,TEACHER_P0_W112_D123,CNN,BICUBIC_MS,BICUBIC_MS,0,1,2.0,STOPGRAD_NATIVE,GT,MULTISCALE_GNCC_SQUARED,0.01,NATIVE,True,0.0001,1e-05,50000,FRESH,3,HQNR_MAX50,EXACT_FINAL,TEACHER_ONLY,P0,False,False,False,False,W100_COSINE_FULL_BUDGET,NONE,TA2-M02,02 REFERENCE × EPSILON × STRUCTURE,BICUBIC_MS A 입력 | rec + no epsilon + GT 구조 정합,TA2-M00,PLANNED_NOT_RUN
PANDA_ALIGNER_TEACHER_LMS_GT_S135_20261006_v2,s5,GF2,4,1023,3,261006503,40,P0_CORE,ATL2_GF2_S5_R3_SS261006503_M03_F50K_v2,TEACHER_P0_W112_D123,CNN,BICUBIC_MS,BICUBIC_MS,0.001,1,2.0,STOPGRAD_NATIVE,GT,MULTISCALE_GNCC_SQUARED,0.01,NATIVE,True,0.0001,1e-05,50000,FRESH,3,HQNR_MAX50,EXACT_FINAL,TEACHER_ONLY,P0,False,False,False,False,W100_COSINE_FULL_BUDGET,NONE,TA2-M03,02 REFERENCE × EPSILON × STRUCTURE,BICUBIC_MS A 입력 | rec + epsilon + GT 구조 정합,TA2-M00,PLANNED_NOT_RUN
PANDA_ALIGNER_TEACHER_LMS_GT_S135_20261006_v2,s5,GF2,4,1023,3,261006503,41,P0_CORE,ATL2_GF2_S5_R3_SS261006503_M04_F50K_v2,TEACHER_P0_W112_D123,CNN,NATIVE_LMS,BICUBIC_MS,0,1,2.0,STOPGRAD_NATIVE,NONE,MULTISCALE_GNCC_SQUARED,0,NATIVE,True,0.0001,1e-05,50000,FRESH,3,HQNR_MAX50,EXACT_FINAL,TEACHER_ONLY,P0,False,False,False,False,W100_COSINE_FULL_BUDGET,NONE,TA2-M04,02 REFERENCE × EPSILON × STRUCTURE,NATIVE_LMS A 입력 | rec + no epsilon + no direct structure,TA2-M00,PLANNED_NOT_RUN
PANDA_ALIGNER_TEACHER_LMS_GT_S135_20261006_v2,s5,GF2,4,1023,3,261006503,42,P0_CORE,ATL2_GF2_S5_R3_SS261006503_M05_F50K_v2,TEACHER_P0_W112_D123,CNN,NATIVE_LMS,BICUBIC_MS,0.001,1,2.0,STOPGRAD_NATIVE,NONE,MULTISCALE_GNCC_SQUARED,0,NATIVE,True,0.0001,1e-05,50000,FRESH,3,HQNR_MAX50,EXACT_FINAL,TEACHER_ONLY,P0,False,False,False,False,W100_COSINE_FULL_BUDGET,NONE,TA2-M05,02 REFERENCE × EPSILON × STRUCTURE,NATIVE_LMS A 입력 | rec + epsilon + no direct structure,TA2-M01,PLANNED_NOT_RUN
PANDA_ALIGNER_TEACHER_LMS_GT_S135_20261006_v2,s5,GF2,4,1023,3,261006503,43,P0_CORE,ATL2_GF2_S5_R3_SS261006503_M06_F50K_v2,TEACHER_P0_W112_D123,CNN,NATIVE_LMS,BICUBIC_MS,0,1,2.0,STOPGRAD_NATIVE,GT,MULTISCALE_GNCC_SQUARED,0.01,NATIVE,True,0.0001,1e-05,50000,FRESH,3,HQNR_MAX50,EXACT_FINAL,TEACHER_ONLY,P0,False,False,False,False,W100_COSINE_FULL_BUDGET,NONE,TA2-M06,02 REFERENCE × EPSILON × STRUCTURE,NATIVE_LMS A 입력 | rec + no epsilon + GT 구조 정합,TA2-M02,PLANNED_NOT_RUN
PANDA_ALIGNER_TEACHER_LMS_GT_S135_20261006_v2,s5,GF2,4,1023,3,261006503,44,P0_CORE,ATL2_GF2_S5_R3_SS261006503_M07_F50K_v2,TEACHER_P0_W112_D123,CNN,NATIVE_LMS,BICUBIC_MS,0.001,1,2.0,STOPGRAD_NATIVE,GT,MULTISCALE_GNCC_SQUARED,0.01,NATIVE,True,0.0001,1e-05,50000,FRESH,3,HQNR_MAX50,EXACT_FINAL,TEACHER_ONLY,P0,False,False,False,False,W100_COSINE_FULL_BUDGET,NONE,TA2-M07,02 REFERENCE × EPSILON × STRUCTURE,NATIVE_LMS A 입력 | rec + epsilon + GT 구조 정합,TA2-M03,PLANNED_NOT_RUN
PANDA_ALIGNER_TEACHER_LMS_GT_S135_20261006_v2,s5,GF2,4,1023,3,261006503,45,P0_CORE,ATL2_GF2_S5_R3_SS261006503_U00_F50K_v2,TEACHER_P0_W112_D123,NONE,NA,NATIVE_LMS,0,1,2.0,STOPGRAD_NATIVE,NONE,MULTISCALE_GNCC_SQUARED,0,NATIVE,False,0.0001,0,50000,FRESH,3,HQNR_MAX50,EXACT_FINAL,TEACHER_ONLY,P0,False,False,False,False,W100_COSINE_FULL_BUDGET,NONE,TA2-U00,07 U INPUT / BASE COORDINATES,B00 U 입력·residual base도 native LMS로 변경,TA2-B00,PLANNED_NOT_RUN
PANDA_ALIGNER_TEACHER_LMS_GT_S135_20261006_v2,s5,GF2,4,1023,3,261006503,46,P0_CORE,ATL2_GF2_S5_R3_SS261006503_U03_F50K_v2,TEACHER_P0_W112_D123,CNN,NATIVE_LMS,NATIVE_LMS,0.001,1,2.0,STOPGRAD_NATIVE,GT,MULTISCALE_GNCC_SQUARED,0.01,NATIVE,True,0.0001,1e-05,50000,FRESH,3,HQNR_MAX50,EXACT_FINAL,TEACHER_ONLY,P0,False,False,False,False,W100_COSINE_FULL_BUDGET,NONE,TA2-U03,07 U INPUT / BASE COORDINATES,M07 epsilon+GT 구조; U 입력·base도 native LMS,TA2-M07,PLANNED_NOT_RUN
PANDA_ALIGNER_TEACHER_LMS_GT_S135_20261006_v2,s5,GF2,4,1023,3,261006503,47,P0_CORE,ATL2_GF2_S5_R3_SS261006503_B00_F50K_v2,TEACHER_P0_W112_D123,NONE,NA,BICUBIC_MS,0,1,2.0,STOPGRAD_NATIVE,NONE,MULTISCALE_GNCC_SQUARED,0,NATIVE,False,0.0001,0,50000,FRESH,3,HQNR_MAX50,EXACT_FINAL,TEACHER_ONLY,P0,False,False,False,False,W100_COSINE_FULL_BUDGET,NONE,TA2-B00,01 NO-ALIGNER / FIXED SHIFT,무정합 U-Net 재학습; sampler bypass,,PLANNED_NOT_RUN
PANDA_ALIGNER_TEACHER_LMS_GT_S135_20261006_v2,s5,GF2,4,1023,3,261006503,48,P0_CORE,ATL2_GF2_S5_R3_SS261006503_B02_F50K_v2,TEACHER_P0_W112_D123,TRAIN_GLOBAL_MEDIAN,NATIVE_LMS,BICUBIC_MS,0,1,2.0,STOPGRAD_NATIVE,NONE,MULTISCALE_GNCC_SQUARED,0,NATIVE,False,0.0001,0,50000,FRESH,3,HQNR_MAX50,EXACT_FINAL,TEACHER_ONLY,P0,False,False,False,False,W100_COSINE_FULL_BUDGET,NONE,TA2-B02,01 NO-ALIGNER / FIXED SHIFT,학습 split의 사전 LMS 추정치 중앙값 하나 고정,TA2-B00,PLANNED_NOT_RUN
PANDA_ALIGNER_TEACHER_LMS_GT_S135_20261006_v2,s5,GF2,4,1023,1,261006501,49,01 NO-ALIGNER / FIXED SHIFT,ATL2_GF2_S5_R1_SS261006501_B01_F50K_v2,TEACHER_P0_W112_D123,ZERO_WARP,NA,BICUBIC_MS,0,1,2.0,STOPGRAD_NATIVE,NONE,MULTISCALE_GNCC_SQUARED,0,NATIVE,False,0.0001,0,50000,FRESH,3,HQNR_MAX50,EXACT_FINAL,TEACHER_ONLY,P0,False,False,False,False,W100_COSINE_FULL_BUDGET,NONE,TA2-B01,01 NO-ALIGNER / FIXED SHIFT,zero shift sampler; 항등 resampling 대조,TA2-B00,PLANNED_NOT_RUN
PANDA_ALIGNER_TEACHER_LMS_GT_S135_20261006_v2,s5,GF2,4,1023,1,261006501,50,01 NO-ALIGNER / FIXED SHIFT,ATL2_GF2_S5_R1_SS261006501_B06_F50K_v2,TEACHER_P0_W112_D123,PER_IMAGE_GT_TRAIN_LMS_EVAL,NATIVE_LMS,BICUBIC_MS,0,1,2.0,STOPGRAD_NATIVE,NONE,MULTISCALE_GNCC_SQUARED,0,NATIVE,False,0.0001,0,50000,FRESH,3,HQNR_MAX50,EXACT_FINAL,TEACHER_ONLY,P0,False,False,False,False,W100_COSINE_FULL_BUDGET,PRIVILEGED_TRAIN_PROXY_NOT_GT_AT_INFERENCE,TA2-B06,01 NO-ALIGNER / FIXED SHIFT,train GT로 사전 shift; val/RR/FR 적용 shift는 LMS만,TA2-B03,PLANNED_NOT_RUN
PANDA_ALIGNER_TEACHER_LMS_GT_S135_20261006_v2,s5,GF2,4,1023,1,261006501,51,01 NO-ALIGNER / FIXED SHIFT,ATL2_GF2_S5_R1_SS261006501_B08_F50K_v2,TEACHER_P0_W112_D123,PER_IMAGE_LMS_SHUFFLED,NATIVE_LMS,BICUBIC_MS,0,1,2.0,STOPGRAD_NATIVE,NONE,MULTISCALE_GNCC_SQUARED,0,NATIVE,False,0.0001,0,50000,FRESH,3,HQNR_MAX50,EXACT_FINAL,TEACHER_ONLY,P0,False,False,False,False,W100_COSINE_FULL_BUDGET,NONE,TA2-B08,01 NO-ALIGNER / FIXED SHIFT,영상별 사전 LMS shift를 고정 순열로 교환,TA2-B03,PLANNED_NOT_RUN
PANDA_ALIGNER_TEACHER_LMS_GT_S135_20261006_v2,s5,GF2,4,1023,2,261006502,52,01 NO-ALIGNER / FIXED SHIFT,ATL2_GF2_S5_R2_SS261006502_B01_F50K_v2,TEACHER_P0_W112_D123,ZERO_WARP,NA,BICUBIC_MS,0,1,2.0,STOPGRAD_NATIVE,NONE,MULTISCALE_GNCC_SQUARED,0,NATIVE,False,0.0001,0,50000,FRESH,3,HQNR_MAX50,EXACT_FINAL,TEACHER_ONLY,P0,False,False,False,False,W100_COSINE_FULL_BUDGET,NONE,TA2-B01,01 NO-ALIGNER / FIXED SHIFT,zero shift sampler; 항등 resampling 대조,TA2-B00,PLANNED_NOT_RUN
PANDA_ALIGNER_TEACHER_LMS_GT_S135_20261006_v2,s5,GF2,4,1023,2,261006502,53,01 NO-ALIGNER / FIXED SHIFT,ATL2_GF2_S5_R2_SS261006502_B08_F50K_v2,TEACHER_P0_W112_D123,PER_IMAGE_LMS_SHUFFLED,NATIVE_LMS,BICUBIC_MS,0,1,2.0,STOPGRAD_NATIVE,NONE,MULTISCALE_GNCC_SQUARED,0,NATIVE,False,0.0001,0,50000,FRESH,3,HQNR_MAX50,EXACT_FINAL,TEACHER_ONLY,P0,False,False,False,False,W100_COSINE_FULL_BUDGET,NONE,TA2-B08,01 NO-ALIGNER / FIXED SHIFT,영상별 사전 LMS shift를 고정 순열로 교환,TA2-B03,PLANNED_NOT_RUN
PANDA_ALIGNER_TEACHER_LMS_GT_S135_20261006_v2,s5,GF2,4,1023,2,261006502,54,01 NO-ALIGNER / FIXED SHIFT,ATL2_GF2_S5_R2_SS261006502_B06_F50K_v2,TEACHER_P0_W112_D123,PER_IMAGE_GT_TRAIN_LMS_EVAL,NATIVE_LMS,BICUBIC_MS,0,1,2.0,STOPGRAD_NATIVE,NONE,MULTISCALE_GNCC_SQUARED,0,NATIVE,False,0.0001,0,50000,FRESH,3,HQNR_MAX50,EXACT_FINAL,TEACHER_ONLY,P0,False,False,False,False,W100_COSINE_FULL_BUDGET,PRIVILEGED_TRAIN_PROXY_NOT_GT_AT_INFERENCE,TA2-B06,01 NO-ALIGNER / FIXED SHIFT,train GT로 사전 shift; val/RR/FR 적용 shift는 LMS만,TA2-B03,PLANNED_NOT_RUN
PANDA_ALIGNER_TEACHER_LMS_GT_S135_20261006_v2,s5,GF2,4,1023,3,261006503,55,01 NO-ALIGNER / FIXED SHIFT,ATL2_GF2_S5_R3_SS261006503_B08_F50K_v2,TEACHER_P0_W112_D123,PER_IMAGE_LMS_SHUFFLED,NATIVE_LMS,BICUBIC_MS,0,1,2.0,STOPGRAD_NATIVE,NONE,MULTISCALE_GNCC_SQUARED,0,NATIVE,False,0.0001,0,50000,FRESH,3,HQNR_MAX50,EXACT_FINAL,TEACHER_ONLY,P0,False,False,False,False,W100_COSINE_FULL_BUDGET,NONE,TA2-B08,01 NO-ALIGNER / FIXED SHIFT,영상별 사전 LMS shift를 고정 순열로 교환,TA2-B03,PLANNED_NOT_RUN
PANDA_ALIGNER_TEACHER_LMS_GT_S135_20261006_v2,s5,GF2,4,1023,3,261006503,56,01 NO-ALIGNER / FIXED SHIFT,ATL2_GF2_S5_R3_SS261006503_B01_F50K_v2,TEACHER_P0_W112_D123,ZERO_WARP,NA,BICUBIC_MS,0,1,2.0,STOPGRAD_NATIVE,NONE,MULTISCALE_GNCC_SQUARED,0,NATIVE,False,0.0001,0,50000,FRESH,3,HQNR_MAX50,EXACT_FINAL,TEACHER_ONLY,P0,False,False,False,False,W100_COSINE_FULL_BUDGET,NONE,TA2-B01,01 NO-ALIGNER / FIXED SHIFT,zero shift sampler; 항등 resampling 대조,TA2-B00,PLANNED_NOT_RUN
PANDA_ALIGNER_TEACHER_LMS_GT_S135_20261006_v2,s5,GF2,4,1023,3,261006503,57,01 NO-ALIGNER / FIXED SHIFT,ATL2_GF2_S5_R3_SS261006503_B06_F50K_v2,TEACHER_P0_W112_D123,PER_IMAGE_GT_TRAIN_LMS_EVAL,NATIVE_LMS,BICUBIC_MS,0,1,2.0,STOPGRAD_NATIVE,NONE,MULTISCALE_GNCC_SQUARED,0,NATIVE,False,0.0001,0,50000,FRESH,3,HQNR_MAX50,EXACT_FINAL,TEACHER_ONLY,P0,False,False,False,False,W100_COSINE_FULL_BUDGET,PRIVILEGED_TRAIN_PROXY_NOT_GT_AT_INFERENCE,TA2-B06,01 NO-ALIGNER / FIXED SHIFT,train GT로 사전 shift; val/RR/FR 적용 shift는 LMS만,TA2-B03,PLANNED_NOT_RUN
PANDA_ALIGNER_TEACHER_LMS_GT_S135_20261006_v2,s5,GF2,4,1023,1,261006501,58,03 HISTORICAL EPSILON,ATL2_GF2_S5_R1_SS261006501_H00_F50K_v2,TEACHER_P0_W112_D123,CNN,BICUBIC_MS,BICUBIC_MS,0.0001,2,2.0,STOPGRAD_NATIVE,NONE,MULTISCALE_GNCC_SQUARED,0,NATIVE,True,0.0001,1e-05,50000,FRESH,3,HQNR_MAX50,EXACT_FINAL,TEACHER_ONLY,P0,False,False,False,False,W100_COSINE_FULL_BUDGET,NONE,TA2-H00,03 HISTORICAL EPSILON,"기존 bicubic Teacher recipe; epsilon lambda0, 격 update",TA2-M01,PLANNED_NOT_RUN
PANDA_ALIGNER_TEACHER_LMS_GT_S135_20261006_v2,s5,GF2,4,1023,1,261006501,59,03 HISTORICAL EPSILON,ATL2_GF2_S5_R1_SS261006501_H01_F50K_v2,TEACHER_P0_W112_D123,CNN,NATIVE_LMS,BICUBIC_MS,0.0001,2,2.0,STOPGRAD_NATIVE,NONE,MULTISCALE_GNCC_SQUARED,0,NATIVE,True,0.0001,1e-05,50000,FRESH,3,HQNR_MAX50,EXACT_FINAL,TEACHER_ONLY,P0,False,False,False,False,W100_COSINE_FULL_BUDGET,NONE,TA2-H01,03 HISTORICAL EPSILON,H00에서 A 참조만 native LMS,TA2-H00,PLANNED_NOT_RUN
PANDA_ALIGNER_TEACHER_LMS_GT_S135_20261006_v2,s5,GF2,4,1023,2,261006502,60,03 HISTORICAL EPSILON,ATL2_GF2_S5_R2_SS261006502_H00_F50K_v2,TEACHER_P0_W112_D123,CNN,BICUBIC_MS,BICUBIC_MS,0.0001,2,2.0,STOPGRAD_NATIVE,NONE,MULTISCALE_GNCC_SQUARED,0,NATIVE,True,0.0001,1e-05,50000,FRESH,3,HQNR_MAX50,EXACT_FINAL,TEACHER_ONLY,P0,False,False,False,False,W100_COSINE_FULL_BUDGET,NONE,TA2-H00,03 HISTORICAL EPSILON,"기존 bicubic Teacher recipe; epsilon lambda0, 격 update",TA2-M01,PLANNED_NOT_RUN
PANDA_ALIGNER_TEACHER_LMS_GT_S135_20261006_v2,s5,GF2,4,1023,2,261006502,61,03 HISTORICAL EPSILON,ATL2_GF2_S5_R2_SS261006502_H01_F50K_v2,TEACHER_P0_W112_D123,CNN,NATIVE_LMS,BICUBIC_MS,0.0001,2,2.0,STOPGRAD_NATIVE,NONE,MULTISCALE_GNCC_SQUARED,0,NATIVE,True,0.0001,1e-05,50000,FRESH,3,HQNR_MAX50,EXACT_FINAL,TEACHER_ONLY,P0,False,False,False,False,W100_COSINE_FULL_BUDGET,NONE,TA2-H01,03 HISTORICAL EPSILON,H00에서 A 참조만 native LMS,TA2-H00,PLANNED_NOT_RUN
PANDA_ALIGNER_TEACHER_LMS_GT_S135_20261006_v2,s5,GF2,4,1023,3,261006503,62,03 HISTORICAL EPSILON,ATL2_GF2_S5_R3_SS261006503_H00_F50K_v2,TEACHER_P0_W112_D123,CNN,BICUBIC_MS,BICUBIC_MS,0.0001,2,2.0,STOPGRAD_NATIVE,NONE,MULTISCALE_GNCC_SQUARED,0,NATIVE,True,0.0001,1e-05,50000,FRESH,3,HQNR_MAX50,EXACT_FINAL,TEACHER_ONLY,P0,False,False,False,False,W100_COSINE_FULL_BUDGET,NONE,TA2-H00,03 HISTORICAL EPSILON,"기존 bicubic Teacher recipe; epsilon lambda0, 격 update",TA2-M01,PLANNED_NOT_RUN
PANDA_ALIGNER_TEACHER_LMS_GT_S135_20261006_v2,s5,GF2,4,1023,3,261006503,63,03 HISTORICAL EPSILON,ATL2_GF2_S5_R3_SS261006503_H01_F50K_v2,TEACHER_P0_W112_D123,CNN,NATIVE_LMS,BICUBIC_MS,0.0001,2,2.0,STOPGRAD_NATIVE,NONE,MULTISCALE_GNCC_SQUARED,0,NATIVE,True,0.0001,1e-05,50000,FRESH,3,HQNR_MAX50,EXACT_FINAL,TEACHER_ONLY,P0,False,False,False,False,W100_COSINE_FULL_BUDGET,NONE,TA2-H01,03 HISTORICAL EPSILON,H00에서 A 참조만 native LMS,TA2-H00,PLANNED_NOT_RUN
PANDA_ALIGNER_TEACHER_LMS_GT_S135_20261006_v2,s5,GF2,4,1023,1,261006501,64,04 JOINT LOSS GRID,ATL2_GF2_S5_R1_SS261006501_G00_F50K_v2,TEACHER_P0_W112_D123,CNN,NATIVE_LMS,BICUBIC_MS,0.0001,1,2.0,STOPGRAD_NATIVE,GT,MULTISCALE_GNCC_SQUARED,0.001,NATIVE,True,0.0001,1e-05,50000,FRESH,3,HQNR_MAX50,EXACT_FINAL,TEACHER_ONLY,P0,False,False,False,False,W100_COSINE_FULL_BUDGET,NONE,TA2-G00,04 JOINT LOSS GRID,epsilon=0.0001; GT structure=0.001; 3x3 격자,TA2-M07,PLANNED_NOT_RUN
PANDA_ALIGNER_TEACHER_LMS_GT_S135_20261006_v2,s5,GF2,4,1023,1,261006501,65,04 JOINT LOSS GRID,ATL2_GF2_S5_R1_SS261006501_G01_F50K_v2,TEACHER_P0_W112_D123,CNN,NATIVE_LMS,BICUBIC_MS,0.0001,1,2.0,STOPGRAD_NATIVE,GT,MULTISCALE_GNCC_SQUARED,0.01,NATIVE,True,0.0001,1e-05,50000,FRESH,3,HQNR_MAX50,EXACT_FINAL,TEACHER_ONLY,P0,False,False,False,False,W100_COSINE_FULL_BUDGET,NONE,TA2-G01,04 JOINT LOSS GRID,epsilon=0.0001; GT structure=0.01; 3x3 격자,TA2-M07,PLANNED_NOT_RUN
PANDA_ALIGNER_TEACHER_LMS_GT_S135_20261006_v2,s5,GF2,4,1023,1,261006501,66,04 JOINT LOSS GRID,ATL2_GF2_S5_R1_SS261006501_G02_F50K_v2,TEACHER_P0_W112_D123,CNN,NATIVE_LMS,BICUBIC_MS,0.0001,1,2.0,STOPGRAD_NATIVE,GT,MULTISCALE_GNCC_SQUARED,0.1,NATIVE,True,0.0001,1e-05,50000,FRESH,3,HQNR_MAX50,EXACT_FINAL,TEACHER_ONLY,P0,False,False,False,False,W100_COSINE_FULL_BUDGET,NONE,TA2-G02,04 JOINT LOSS GRID,epsilon=0.0001; GT structure=0.1; 3x3 격자,TA2-M07,PLANNED_NOT_RUN
PANDA_ALIGNER_TEACHER_LMS_GT_S135_20261006_v2,s5,GF2,4,1023,1,261006501,67,04 JOINT LOSS GRID,ATL2_GF2_S5_R1_SS261006501_G03_F50K_v2,TEACHER_P0_W112_D123,CNN,NATIVE_LMS,BICUBIC_MS,0.001,1,2.0,STOPGRAD_NATIVE,GT,MULTISCALE_GNCC_SQUARED,0.001,NATIVE,True,0.0001,1e-05,50000,FRESH,3,HQNR_MAX50,EXACT_FINAL,TEACHER_ONLY,P0,False,False,False,False,W100_COSINE_FULL_BUDGET,NONE,TA2-G03,04 JOINT LOSS GRID,epsilon=0.001; GT structure=0.001; 3x3 격자,TA2-M07,PLANNED_NOT_RUN
PANDA_ALIGNER_TEACHER_LMS_GT_S135_20261006_v2,s5,GF2,4,1023,1,261006501,68,04 JOINT LOSS GRID,ATL2_GF2_S5_R1_SS261006501_G05_F50K_v2,TEACHER_P0_W112_D123,CNN,NATIVE_LMS,BICUBIC_MS,0.001,1,2.0,STOPGRAD_NATIVE,GT,MULTISCALE_GNCC_SQUARED,0.1,NATIVE,True,0.0001,1e-05,50000,FRESH,3,HQNR_MAX50,EXACT_FINAL,TEACHER_ONLY,P0,False,False,False,False,W100_COSINE_FULL_BUDGET,NONE,TA2-G05,04 JOINT LOSS GRID,epsilon=0.001; GT structure=0.1; 3x3 격자,TA2-M07,PLANNED_NOT_RUN
PANDA_ALIGNER_TEACHER_LMS_GT_S135_20261006_v2,s5,GF2,4,1023,1,261006501,69,04 JOINT LOSS GRID,ATL2_GF2_S5_R1_SS261006501_G06_F50K_v2,TEACHER_P0_W112_D123,CNN,NATIVE_LMS,BICUBIC_MS,0.01,1,2.0,STOPGRAD_NATIVE,GT,MULTISCALE_GNCC_SQUARED,0.001,NATIVE,True,0.0001,1e-05,50000,FRESH,3,HQNR_MAX50,EXACT_FINAL,TEACHER_ONLY,P0,False,False,False,False,W100_COSINE_FULL_BUDGET,NONE,TA2-G06,04 JOINT LOSS GRID,epsilon=0.01; GT structure=0.001; 3x3 격자,TA2-M07,PLANNED_NOT_RUN
PANDA_ALIGNER_TEACHER_LMS_GT_S135_20261006_v2,s5,GF2,4,1023,1,261006501,70,04 JOINT LOSS GRID,ATL2_GF2_S5_R1_SS261006501_G07_F50K_v2,TEACHER_P0_W112_D123,CNN,NATIVE_LMS,BICUBIC_MS,0.01,1,2.0,STOPGRAD_NATIVE,GT,MULTISCALE_GNCC_SQUARED,0.01,NATIVE,True,0.0001,1e-05,50000,FRESH,3,HQNR_MAX50,EXACT_FINAL,TEACHER_ONLY,P0,False,False,False,False,W100_COSINE_FULL_BUDGET,NONE,TA2-G07,04 JOINT LOSS GRID,epsilon=0.01; GT structure=0.01; 3x3 격자,TA2-M07,PLANNED_NOT_RUN
PANDA_ALIGNER_TEACHER_LMS_GT_S135_20261006_v2,s5,GF2,4,1023,1,261006501,71,04 JOINT LOSS GRID,ATL2_GF2_S5_R1_SS261006501_G08_F50K_v2,TEACHER_P0_W112_D123,CNN,NATIVE_LMS,BICUBIC_MS,0.01,1,2.0,STOPGRAD_NATIVE,GT,MULTISCALE_GNCC_SQUARED,0.1,NATIVE,True,0.0001,1e-05,50000,FRESH,3,HQNR_MAX50,EXACT_FINAL,TEACHER_ONLY,P0,False,False,False,False,W100_COSINE_FULL_BUDGET,NONE,TA2-G08,04 JOINT LOSS GRID,epsilon=0.01; GT structure=0.1; 3x3 격자,TA2-M07,PLANNED_NOT_RUN
PANDA_ALIGNER_TEACHER_LMS_GT_S135_20261006_v2,s5,GF2,4,1023,2,261006502,72,04 JOINT LOSS GRID,ATL2_GF2_S5_R2_SS261006502_G00_F50K_v2,TEACHER_P0_W112_D123,CNN,NATIVE_LMS,BICUBIC_MS,0.0001,1,2.0,STOPGRAD_NATIVE,GT,MULTISCALE_GNCC_SQUARED,0.001,NATIVE,True,0.0001,1e-05,50000,FRESH,3,HQNR_MAX50,EXACT_FINAL,TEACHER_ONLY,P0,False,False,False,False,W100_COSINE_FULL_BUDGET,NONE,TA2-G00,04 JOINT LOSS GRID,epsilon=0.0001; GT structure=0.001; 3x3 격자,TA2-M07,PLANNED_NOT_RUN
PANDA_ALIGNER_TEACHER_LMS_GT_S135_20261006_v2,s5,GF2,4,1023,2,261006502,73,04 JOINT LOSS GRID,ATL2_GF2_S5_R2_SS261006502_G08_F50K_v2,TEACHER_P0_W112_D123,CNN,NATIVE_LMS,BICUBIC_MS,0.01,1,2.0,STOPGRAD_NATIVE,GT,MULTISCALE_GNCC_SQUARED,0.1,NATIVE,True,0.0001,1e-05,50000,FRESH,3,HQNR_MAX50,EXACT_FINAL,TEACHER_ONLY,P0,False,False,False,False,W100_COSINE_FULL_BUDGET,NONE,TA2-G08,04 JOINT LOSS GRID,epsilon=0.01; GT structure=0.1; 3x3 격자,TA2-M07,PLANNED_NOT_RUN
PANDA_ALIGNER_TEACHER_LMS_GT_S135_20261006_v2,s5,GF2,4,1023,2,261006502,74,04 JOINT LOSS GRID,ATL2_GF2_S5_R2_SS261006502_G07_F50K_v2,TEACHER_P0_W112_D123,CNN,NATIVE_LMS,BICUBIC_MS,0.01,1,2.0,STOPGRAD_NATIVE,GT,MULTISCALE_GNCC_SQUARED,0.01,NATIVE,True,0.0001,1e-05,50000,FRESH,3,HQNR_MAX50,EXACT_FINAL,TEACHER_ONLY,P0,False,False,False,False,W100_COSINE_FULL_BUDGET,NONE,TA2-G07,04 JOINT LOSS GRID,epsilon=0.01; GT structure=0.01; 3x3 격자,TA2-M07,PLANNED_NOT_RUN
PANDA_ALIGNER_TEACHER_LMS_GT_S135_20261006_v2,s5,GF2,4,1023,2,261006502,75,04 JOINT LOSS GRID,ATL2_GF2_S5_R2_SS261006502_G06_F50K_v2,TEACHER_P0_W112_D123,CNN,NATIVE_LMS,BICUBIC_MS,0.01,1,2.0,STOPGRAD_NATIVE,GT,MULTISCALE_GNCC_SQUARED,0.001,NATIVE,True,0.0001,1e-05,50000,FRESH,3,HQNR_MAX50,EXACT_FINAL,TEACHER_ONLY,P0,False,False,False,False,W100_COSINE_FULL_BUDGET,NONE,TA2-G06,04 JOINT LOSS GRID,epsilon=0.01; GT structure=0.001; 3x3 격자,TA2-M07,PLANNED_NOT_RUN
PANDA_ALIGNER_TEACHER_LMS_GT_S135_20261006_v2,s5,GF2,4,1023,2,261006502,76,04 JOINT LOSS GRID,ATL2_GF2_S5_R2_SS261006502_G05_F50K_v2,TEACHER_P0_W112_D123,CNN,NATIVE_LMS,BICUBIC_MS,0.001,1,2.0,STOPGRAD_NATIVE,GT,MULTISCALE_GNCC_SQUARED,0.1,NATIVE,True,0.0001,1e-05,50000,FRESH,3,HQNR_MAX50,EXACT_FINAL,TEACHER_ONLY,P0,False,False,False,False,W100_COSINE_FULL_BUDGET,NONE,TA2-G05,04 JOINT LOSS GRID,epsilon=0.001; GT structure=0.1; 3x3 격자,TA2-M07,PLANNED_NOT_RUN
PANDA_ALIGNER_TEACHER_LMS_GT_S135_20261006_v2,s5,GF2,4,1023,2,261006502,77,04 JOINT LOSS GRID,ATL2_GF2_S5_R2_SS261006502_G03_F50K_v2,TEACHER_P0_W112_D123,CNN,NATIVE_LMS,BICUBIC_MS,0.001,1,2.0,STOPGRAD_NATIVE,GT,MULTISCALE_GNCC_SQUARED,0.001,NATIVE,True,0.0001,1e-05,50000,FRESH,3,HQNR_MAX50,EXACT_FINAL,TEACHER_ONLY,P0,False,False,False,False,W100_COSINE_FULL_BUDGET,NONE,TA2-G03,04 JOINT LOSS GRID,epsilon=0.001; GT structure=0.001; 3x3 격자,TA2-M07,PLANNED_NOT_RUN
PANDA_ALIGNER_TEACHER_LMS_GT_S135_20261006_v2,s5,GF2,4,1023,2,261006502,78,04 JOINT LOSS GRID,ATL2_GF2_S5_R2_SS261006502_G02_F50K_v2,TEACHER_P0_W112_D123,CNN,NATIVE_LMS,BICUBIC_MS,0.0001,1,2.0,STOPGRAD_NATIVE,GT,MULTISCALE_GNCC_SQUARED,0.1,NATIVE,True,0.0001,1e-05,50000,FRESH,3,HQNR_MAX50,EXACT_FINAL,TEACHER_ONLY,P0,False,False,False,False,W100_COSINE_FULL_BUDGET,NONE,TA2-G02,04 JOINT LOSS GRID,epsilon=0.0001; GT structure=0.1; 3x3 격자,TA2-M07,PLANNED_NOT_RUN
PANDA_ALIGNER_TEACHER_LMS_GT_S135_20261006_v2,s5,GF2,4,1023,2,261006502,79,04 JOINT LOSS GRID,ATL2_GF2_S5_R2_SS261006502_G01_F50K_v2,TEACHER_P0_W112_D123,CNN,NATIVE_LMS,BICUBIC_MS,0.0001,1,2.0,STOPGRAD_NATIVE,GT,MULTISCALE_GNCC_SQUARED,0.01,NATIVE,True,0.0001,1e-05,50000,FRESH,3,HQNR_MAX50,EXACT_FINAL,TEACHER_ONLY,P0,False,False,False,False,W100_COSINE_FULL_BUDGET,NONE,TA2-G01,04 JOINT LOSS GRID,epsilon=0.0001; GT structure=0.01; 3x3 격자,TA2-M07,PLANNED_NOT_RUN
PANDA_ALIGNER_TEACHER_LMS_GT_S135_20261006_v2,s5,GF2,4,1023,3,261006503,80,04 JOINT LOSS GRID,ATL2_GF2_S5_R3_SS261006503_G02_F50K_v2,TEACHER_P0_W112_D123,CNN,NATIVE_LMS,BICUBIC_MS,0.0001,1,2.0,STOPGRAD_NATIVE,GT,MULTISCALE_GNCC_SQUARED,0.1,NATIVE,True,0.0001,1e-05,50000,FRESH,3,HQNR_MAX50,EXACT_FINAL,TEACHER_ONLY,P0,False,False,False,False,W100_COSINE_FULL_BUDGET,NONE,TA2-G02,04 JOINT LOSS GRID,epsilon=0.0001; GT structure=0.1; 3x3 격자,TA2-M07,PLANNED_NOT_RUN
PANDA_ALIGNER_TEACHER_LMS_GT_S135_20261006_v2,s5,GF2,4,1023,3,261006503,81,04 JOINT LOSS GRID,ATL2_GF2_S5_R3_SS261006503_G03_F50K_v2,TEACHER_P0_W112_D123,CNN,NATIVE_LMS,BICUBIC_MS,0.001,1,2.0,STOPGRAD_NATIVE,GT,MULTISCALE_GNCC_SQUARED,0.001,NATIVE,True,0.0001,1e-05,50000,FRESH,3,HQNR_MAX50,EXACT_FINAL,TEACHER_ONLY,P0,False,False,False,False,W100_COSINE_FULL_BUDGET,NONE,TA2-G03,04 JOINT LOSS GRID,epsilon=0.001; GT structure=0.001; 3x3 격자,TA2-M07,PLANNED_NOT_RUN
PANDA_ALIGNER_TEACHER_LMS_GT_S135_20261006_v2,s5,GF2,4,1023,3,261006503,82,04 JOINT LOSS GRID,ATL2_GF2_S5_R3_SS261006503_G05_F50K_v2,TEACHER_P0_W112_D123,CNN,NATIVE_LMS,BICUBIC_MS,0.001,1,2.0,STOPGRAD_NATIVE,GT,MULTISCALE_GNCC_SQUARED,0.1,NATIVE,True,0.0001,1e-05,50000,FRESH,3,HQNR_MAX50,EXACT_FINAL,TEACHER_ONLY,P0,False,False,False,False,W100_COSINE_FULL_BUDGET,NONE,TA2-G05,04 JOINT LOSS GRID,epsilon=0.001; GT structure=0.1; 3x3 격자,TA2-M07,PLANNED_NOT_RUN
PANDA_ALIGNER_TEACHER_LMS_GT_S135_20261006_v2,s5,GF2,4,1023,3,261006503,83,04 JOINT LOSS GRID,ATL2_GF2_S5_R3_SS261006503_G06_F50K_v2,TEACHER_P0_W112_D123,CNN,NATIVE_LMS,BICUBIC_MS,0.01,1,2.0,STOPGRAD_NATIVE,GT,MULTISCALE_GNCC_SQUARED,0.001,NATIVE,True,0.0001,1e-05,50000,FRESH,3,HQNR_MAX50,EXACT_FINAL,TEACHER_ONLY,P0,False,False,False,False,W100_COSINE_FULL_BUDGET,NONE,TA2-G06,04 JOINT LOSS GRID,epsilon=0.01; GT structure=0.001; 3x3 격자,TA2-M07,PLANNED_NOT_RUN
PANDA_ALIGNER_TEACHER_LMS_GT_S135_20261006_v2,s5,GF2,4,1023,3,261006503,84,04 JOINT LOSS GRID,ATL2_GF2_S5_R3_SS261006503_G07_F50K_v2,TEACHER_P0_W112_D123,CNN,NATIVE_LMS,BICUBIC_MS,0.01,1,2.0,STOPGRAD_NATIVE,GT,MULTISCALE_GNCC_SQUARED,0.01,NATIVE,True,0.0001,1e-05,50000,FRESH,3,HQNR_MAX50,EXACT_FINAL,TEACHER_ONLY,P0,False,False,False,False,W100_COSINE_FULL_BUDGET,NONE,TA2-G07,04 JOINT LOSS GRID,epsilon=0.01; GT structure=0.01; 3x3 격자,TA2-M07,PLANNED_NOT_RUN
PANDA_ALIGNER_TEACHER_LMS_GT_S135_20261006_v2,s5,GF2,4,1023,3,261006503,85,04 JOINT LOSS GRID,ATL2_GF2_S5_R3_SS261006503_G08_F50K_v2,TEACHER_P0_W112_D123,CNN,NATIVE_LMS,BICUBIC_MS,0.01,1,2.0,STOPGRAD_NATIVE,GT,MULTISCALE_GNCC_SQUARED,0.1,NATIVE,True,0.0001,1e-05,50000,FRESH,3,HQNR_MAX50,EXACT_FINAL,TEACHER_ONLY,P0,False,False,False,False,W100_COSINE_FULL_BUDGET,NONE,TA2-G08,04 JOINT LOSS GRID,epsilon=0.01; GT structure=0.1; 3x3 격자,TA2-M07,PLANNED_NOT_RUN
PANDA_ALIGNER_TEACHER_LMS_GT_S135_20261006_v2,s5,GF2,4,1023,3,261006503,86,04 JOINT LOSS GRID,ATL2_GF2_S5_R3_SS261006503_G00_F50K_v2,TEACHER_P0_W112_D123,CNN,NATIVE_LMS,BICUBIC_MS,0.0001,1,2.0,STOPGRAD_NATIVE,GT,MULTISCALE_GNCC_SQUARED,0.001,NATIVE,True,0.0001,1e-05,50000,FRESH,3,HQNR_MAX50,EXACT_FINAL,TEACHER_ONLY,P0,False,False,False,False,W100_COSINE_FULL_BUDGET,NONE,TA2-G00,04 JOINT LOSS GRID,epsilon=0.0001; GT structure=0.001; 3x3 격자,TA2-M07,PLANNED_NOT_RUN
PANDA_ALIGNER_TEACHER_LMS_GT_S135_20261006_v2,s5,GF2,4,1023,3,261006503,87,04 JOINT LOSS GRID,ATL2_GF2_S5_R3_SS261006503_G01_F50K_v2,TEACHER_P0_W112_D123,CNN,NATIVE_LMS,BICUBIC_MS,0.0001,1,2.0,STOPGRAD_NATIVE,GT,MULTISCALE_GNCC_SQUARED,0.01,NATIVE,True,0.0001,1e-05,50000,FRESH,3,HQNR_MAX50,EXACT_FINAL,TEACHER_ONLY,P0,False,False,False,False,W100_COSINE_FULL_BUDGET,NONE,TA2-G01,04 JOINT LOSS GRID,epsilon=0.0001; GT structure=0.01; 3x3 격자,TA2-M07,PLANNED_NOT_RUN
PANDA_ALIGNER_TEACHER_LMS_GT_S135_20261006_v2,s5,GF2,4,1023,1,261006501,88,05 STRUCTURAL SIGNAL,ATL2_GF2_S5_R1_SS261006501_S00_F50K_v2,TEACHER_P0_W112_D123,CNN,NATIVE_LMS,BICUBIC_MS,0.001,1,2.0,STOPGRAD_NATIVE,NATIVE_LMS,MULTISCALE_GNCC_SQUARED,0.01,NATIVE,True,0.0001,1e-05,50000,FRESH,3,HQNR_MAX50,EXACT_FINAL,TEACHER_ONLY,P0,False,False,False,False,W100_COSINE_FULL_BUDGET,NONE,TA2-S00,05 STRUCTURAL SIGNAL,GT 대신 native LMS에 직접 구조 정합; 같은 descriptor,TA2-M07,PLANNED_NOT_RUN
PANDA_ALIGNER_TEACHER_LMS_GT_S135_20261006_v2,s5,GF2,4,1023,1,261006501,89,05 STRUCTURAL SIGNAL,ATL2_GF2_S5_R1_SS261006501_S01_F50K_v2,TEACHER_P0_W112_D123,CNN,NATIVE_LMS,BICUBIC_MS,0.001,1,2.0,STOPGRAD_NATIVE,HALF_GT_HALF_LMS,MULTISCALE_GNCC_SQUARED,0.01,NATIVE,True,0.0001,1e-05,50000,FRESH,3,HQNR_MAX50,EXACT_FINAL,TEACHER_ONLY,P0,False,False,False,False,W100_COSINE_FULL_BUDGET,NONE,TA2-S01,05 STRUCTURAL SIGNAL,GT/LMS 구조 정합 각각 0.5로 결합,TA2-M07,PLANNED_NOT_RUN
PANDA_ALIGNER_TEACHER_LMS_GT_S135_20261006_v2,s5,GF2,4,1023,1,261006501,90,05 STRUCTURAL SIGNAL,ATL2_GF2_S5_R1_SS261006501_S02_F50K_v2,TEACHER_P0_W112_D123,CNN,NATIVE_LMS,BICUBIC_MS,0.001,1,2.0,STOPGRAD_NATIVE,GT,MULTISCALE_NGF_SQUARED,0.01,NATIVE,True,0.0001,1e-05,50000,FRESH,3,HQNR_MAX50,EXACT_FINAL,TEACHER_ONLY,P0,False,False,False,False,W100_COSINE_FULL_BUDGET,NONE,TA2-S02,05 STRUCTURAL SIGNAL,GT gradient 방향 기반 descriptor로 교체,TA2-M07,PLANNED_NOT_RUN
PANDA_ALIGNER_TEACHER_LMS_GT_S135_20261006_v2,s5,GF2,4,1023,1,261006501,91,05 STRUCTURAL SIGNAL,ATL2_GF2_S5_R1_SS261006501_S03_F50K_v2,TEACHER_P0_W112_D123,CNN,NATIVE_LMS,BICUBIC_MS,0.001,1,2.0,STOPGRAD_NATIVE,GT,SINGLE_GNCC_SQUARED,0.01,NATIVE,True,0.0001,1e-05,50000,FRESH,3,HQNR_MAX50,EXACT_FINAL,TEACHER_ONLY,P0,False,False,False,False,W100_COSINE_FULL_BUDGET,NONE,TA2-S03,05 STRUCTURAL SIGNAL,GT gradient NCC 단일 scale sigma0.8,TA2-M07,PLANNED_NOT_RUN
PANDA_ALIGNER_TEACHER_LMS_GT_S135_20261006_v2,s5,GF2,4,1023,1,261006501,92,05 STRUCTURAL SIGNAL,ATL2_GF2_S5_R1_SS261006501_S04_F50K_v2,TEACHER_P0_W112_D123,CNN,NATIVE_LMS,BICUBIC_MS,0.001,1,2.0,STOPGRAD_NATIVE,GT,MULTISCALE_GNCC_SQUARED,0.01,NATIVE,True,0.0001,1e-05,50000,FRESH,3,HQNR_MAX50,EXACT_FINAL,TEACHER_ONLY,P0,False,False,False,False,W100_COSINE_FULL_BUDGET,FROZEN_TRAIN_BAND_WEIGHTS,TA2-S04,05 STRUCTURAL SIGNAL,train LMS-PAN로 고정한 밴드 reliability weight,TA2-M07,PLANNED_NOT_RUN
PANDA_ALIGNER_TEACHER_LMS_GT_S135_20261006_v2,s5,GF2,4,1023,1,261006501,93,05 STRUCTURAL SIGNAL,ATL2_GF2_S5_R1_SS261006501_S05_F50K_v2,TEACHER_P0_W112_D123,CNN,NATIVE_LMS,BICUBIC_MS,0.001,1,2.0,STOPGRAD_NATIVE,GT,MULTISCALE_GNCC_SQUARED,0.01,HALF_NATIVE_HALF_CORRECTED_EPS,True,0.0001,1e-05,50000,FRESH,3,HQNR_MAX50,EXACT_FINAL,TEACHER_ONLY,P0,False,False,False,False,W100_COSINE_FULL_BUDGET,NONE,TA2-S05,05 STRUCTURAL SIGNAL,native 및 epsilon 복원 PAN에 GT 구조 loss 평균,TA2-M07,PLANNED_NOT_RUN
PANDA_ALIGNER_TEACHER_LMS_GT_S135_20261006_v2,s5,GF2,4,1023,1,261006501,94,05 STRUCTURAL SIGNAL,ATL2_GF2_S5_R1_SS261006501_S06_F50K_v2,TEACHER_P0_W112_D123,CNN,NATIVE_LMS,BICUBIC_MS,0.001,1,2.0,STOPGRAD_NATIVE,GT,MULTISCALE_GNCC_SQUARED,0.01,NATIVE,False,0.0001,1e-05,50000,FRESH,3,HQNR_MAX50,EXACT_FINAL,TEACHER_ONLY,P0,False,False,False,False,W100_COSINE_FULL_BUDGET,NONE,TA2-S06,05 STRUCTURAL SIGNAL,A는 epsilon+직접 구조만; U는 reconstruction,TA2-M07,PLANNED_NOT_RUN
PANDA_ALIGNER_TEACHER_LMS_GT_S135_20261006_v2,s5,GF2,4,1023,1,261006501,95,05 STRUCTURAL SIGNAL,ATL2_GF2_S5_R1_SS261006501_S07_F50K_v2,TEACHER_P0_W112_D123,CNN,NATIVE_LMS,BICUBIC_MS,0.001,1,2.0,STOPGRAD_NATIVE,GT,HUBER_PSEUDO_SHIFT_BETA025,0.01,NATIVE,True,0.0001,1e-05,50000,FRESH,3,HQNR_MAX50,EXACT_FINAL,TEACHER_ONLY,P0,False,False,False,False,W100_COSINE_FULL_BUDGET,PSEUDO_OFFSET_NOT_PHYSICAL_GT,TA2-S07,05 STRUCTURAL SIGNAL,직접 구조 대신 train GT 사전 shift proxy 회귀+epsilon,TA2-M07,PLANNED_NOT_RUN
PANDA_ALIGNER_TEACHER_LMS_GT_S135_20261006_v2,s5,GF2,4,1023,2,261006502,96,05 STRUCTURAL SIGNAL,ATL2_GF2_S5_R2_SS261006502_S00_F50K_v2,TEACHER_P0_W112_D123,CNN,NATIVE_LMS,BICUBIC_MS,0.001,1,2.0,STOPGRAD_NATIVE,NATIVE_LMS,MULTISCALE_GNCC_SQUARED,0.01,NATIVE,True,0.0001,1e-05,50000,FRESH,3,HQNR_MAX50,EXACT_FINAL,TEACHER_ONLY,P0,False,False,False,False,W100_COSINE_FULL_BUDGET,NONE,TA2-S00,05 STRUCTURAL SIGNAL,GT 대신 native LMS에 직접 구조 정합; 같은 descriptor,TA2-M07,PLANNED_NOT_RUN
PANDA_ALIGNER_TEACHER_LMS_GT_S135_20261006_v2,s5,GF2,4,1023,2,261006502,97,05 STRUCTURAL SIGNAL,ATL2_GF2_S5_R2_SS261006502_S07_F50K_v2,TEACHER_P0_W112_D123,CNN,NATIVE_LMS,BICUBIC_MS,0.001,1,2.0,STOPGRAD_NATIVE,GT,HUBER_PSEUDO_SHIFT_BETA025,0.01,NATIVE,True,0.0001,1e-05,50000,FRESH,3,HQNR_MAX50,EXACT_FINAL,TEACHER_ONLY,P0,False,False,False,False,W100_COSINE_FULL_BUDGET,PSEUDO_OFFSET_NOT_PHYSICAL_GT,TA2-S07,05 STRUCTURAL SIGNAL,직접 구조 대신 train GT 사전 shift proxy 회귀+epsilon,TA2-M07,PLANNED_NOT_RUN
PANDA_ALIGNER_TEACHER_LMS_GT_S135_20261006_v2,s5,GF2,4,1023,2,261006502,98,05 STRUCTURAL SIGNAL,ATL2_GF2_S5_R2_SS261006502_S06_F50K_v2,TEACHER_P0_W112_D123,CNN,NATIVE_LMS,BICUBIC_MS,0.001,1,2.0,STOPGRAD_NATIVE,GT,MULTISCALE_GNCC_SQUARED,0.01,NATIVE,False,0.0001,1e-05,50000,FRESH,3,HQNR_MAX50,EXACT_FINAL,TEACHER_ONLY,P0,False,False,False,False,W100_COSINE_FULL_BUDGET,NONE,TA2-S06,05 STRUCTURAL SIGNAL,A는 epsilon+직접 구조만; U는 reconstruction,TA2-M07,PLANNED_NOT_RUN
PANDA_ALIGNER_TEACHER_LMS_GT_S135_20261006_v2,s5,GF2,4,1023,2,261006502,99,05 STRUCTURAL SIGNAL,ATL2_GF2_S5_R2_SS261006502_S05_F50K_v2,TEACHER_P0_W112_D123,CNN,NATIVE_LMS,BICUBIC_MS,0.001,1,2.0,STOPGRAD_NATIVE,GT,MULTISCALE_GNCC_SQUARED,0.01,HALF_NATIVE_HALF_CORRECTED_EPS,True,0.0001,1e-05,50000,FRESH,3,HQNR_MAX50,EXACT_FINAL,TEACHER_ONLY,P0,False,False,False,False,W100_COSINE_FULL_BUDGET,NONE,TA2-S05,05 STRUCTURAL SIGNAL,native 및 epsilon 복원 PAN에 GT 구조 loss 평균,TA2-M07,PLANNED_NOT_RUN
PANDA_ALIGNER_TEACHER_LMS_GT_S135_20261006_v2,s5,GF2,4,1023,2,261006502,100,05 STRUCTURAL SIGNAL,ATL2_GF2_S5_R2_SS261006502_S04_F50K_v2,TEACHER_P0_W112_D123,CNN,NATIVE_LMS,BICUBIC_MS,0.001,1,2.0,STOPGRAD_NATIVE,GT,MULTISCALE_GNCC_SQUARED,0.01,NATIVE,True,0.0001,1e-05,50000,FRESH,3,HQNR_MAX50,EXACT_FINAL,TEACHER_ONLY,P0,False,False,False,False,W100_COSINE_FULL_BUDGET,FROZEN_TRAIN_BAND_WEIGHTS,TA2-S04,05 STRUCTURAL SIGNAL,train LMS-PAN로 고정한 밴드 reliability weight,TA2-M07,PLANNED_NOT_RUN
PANDA_ALIGNER_TEACHER_LMS_GT_S135_20261006_v2,s5,GF2,4,1023,2,261006502,101,05 STRUCTURAL SIGNAL,ATL2_GF2_S5_R2_SS261006502_S03_F50K_v2,TEACHER_P0_W112_D123,CNN,NATIVE_LMS,BICUBIC_MS,0.001,1,2.0,STOPGRAD_NATIVE,GT,SINGLE_GNCC_SQUARED,0.01,NATIVE,True,0.0001,1e-05,50000,FRESH,3,HQNR_MAX50,EXACT_FINAL,TEACHER_ONLY,P0,False,False,False,False,W100_COSINE_FULL_BUDGET,NONE,TA2-S03,05 STRUCTURAL SIGNAL,GT gradient NCC 단일 scale sigma0.8,TA2-M07,PLANNED_NOT_RUN
PANDA_ALIGNER_TEACHER_LMS_GT_S135_20261006_v2,s5,GF2,4,1023,2,261006502,102,05 STRUCTURAL SIGNAL,ATL2_GF2_S5_R2_SS261006502_S02_F50K_v2,TEACHER_P0_W112_D123,CNN,NATIVE_LMS,BICUBIC_MS,0.001,1,2.0,STOPGRAD_NATIVE,GT,MULTISCALE_NGF_SQUARED,0.01,NATIVE,True,0.0001,1e-05,50000,FRESH,3,HQNR_MAX50,EXACT_FINAL,TEACHER_ONLY,P0,False,False,False,False,W100_COSINE_FULL_BUDGET,NONE,TA2-S02,05 STRUCTURAL SIGNAL,GT gradient 방향 기반 descriptor로 교체,TA2-M07,PLANNED_NOT_RUN
PANDA_ALIGNER_TEACHER_LMS_GT_S135_20261006_v2,s5,GF2,4,1023,2,261006502,103,05 STRUCTURAL SIGNAL,ATL2_GF2_S5_R2_SS261006502_S01_F50K_v2,TEACHER_P0_W112_D123,CNN,NATIVE_LMS,BICUBIC_MS,0.001,1,2.0,STOPGRAD_NATIVE,HALF_GT_HALF_LMS,MULTISCALE_GNCC_SQUARED,0.01,NATIVE,True,0.0001,1e-05,50000,FRESH,3,HQNR_MAX50,EXACT_FINAL,TEACHER_ONLY,P0,False,False,False,False,W100_COSINE_FULL_BUDGET,NONE,TA2-S01,05 STRUCTURAL SIGNAL,GT/LMS 구조 정합 각각 0.5로 결합,TA2-M07,PLANNED_NOT_RUN
PANDA_ALIGNER_TEACHER_LMS_GT_S135_20261006_v2,s5,GF2,4,1023,3,261006503,104,05 STRUCTURAL SIGNAL,ATL2_GF2_S5_R3_SS261006503_S02_F50K_v2,TEACHER_P0_W112_D123,CNN,NATIVE_LMS,BICUBIC_MS,0.001,1,2.0,STOPGRAD_NATIVE,GT,MULTISCALE_NGF_SQUARED,0.01,NATIVE,True,0.0001,1e-05,50000,FRESH,3,HQNR_MAX50,EXACT_FINAL,TEACHER_ONLY,P0,False,False,False,False,W100_COSINE_FULL_BUDGET,NONE,TA2-S02,05 STRUCTURAL SIGNAL,GT gradient 방향 기반 descriptor로 교체,TA2-M07,PLANNED_NOT_RUN
PANDA_ALIGNER_TEACHER_LMS_GT_S135_20261006_v2,s5,GF2,4,1023,3,261006503,105,05 STRUCTURAL SIGNAL,ATL2_GF2_S5_R3_SS261006503_S03_F50K_v2,TEACHER_P0_W112_D123,CNN,NATIVE_LMS,BICUBIC_MS,0.001,1,2.0,STOPGRAD_NATIVE,GT,SINGLE_GNCC_SQUARED,0.01,NATIVE,True,0.0001,1e-05,50000,FRESH,3,HQNR_MAX50,EXACT_FINAL,TEACHER_ONLY,P0,False,False,False,False,W100_COSINE_FULL_BUDGET,NONE,TA2-S03,05 STRUCTURAL SIGNAL,GT gradient NCC 단일 scale sigma0.8,TA2-M07,PLANNED_NOT_RUN
PANDA_ALIGNER_TEACHER_LMS_GT_S135_20261006_v2,s5,GF2,4,1023,3,261006503,106,05 STRUCTURAL SIGNAL,ATL2_GF2_S5_R3_SS261006503_S04_F50K_v2,TEACHER_P0_W112_D123,CNN,NATIVE_LMS,BICUBIC_MS,0.001,1,2.0,STOPGRAD_NATIVE,GT,MULTISCALE_GNCC_SQUARED,0.01,NATIVE,True,0.0001,1e-05,50000,FRESH,3,HQNR_MAX50,EXACT_FINAL,TEACHER_ONLY,P0,False,False,False,False,W100_COSINE_FULL_BUDGET,FROZEN_TRAIN_BAND_WEIGHTS,TA2-S04,05 STRUCTURAL SIGNAL,train LMS-PAN로 고정한 밴드 reliability weight,TA2-M07,PLANNED_NOT_RUN
PANDA_ALIGNER_TEACHER_LMS_GT_S135_20261006_v2,s5,GF2,4,1023,3,261006503,107,05 STRUCTURAL SIGNAL,ATL2_GF2_S5_R3_SS261006503_S05_F50K_v2,TEACHER_P0_W112_D123,CNN,NATIVE_LMS,BICUBIC_MS,0.001,1,2.0,STOPGRAD_NATIVE,GT,MULTISCALE_GNCC_SQUARED,0.01,HALF_NATIVE_HALF_CORRECTED_EPS,True,0.0001,1e-05,50000,FRESH,3,HQNR_MAX50,EXACT_FINAL,TEACHER_ONLY,P0,False,False,False,False,W100_COSINE_FULL_BUDGET,NONE,TA2-S05,05 STRUCTURAL SIGNAL,native 및 epsilon 복원 PAN에 GT 구조 loss 평균,TA2-M07,PLANNED_NOT_RUN
PANDA_ALIGNER_TEACHER_LMS_GT_S135_20261006_v2,s5,GF2,4,1023,3,261006503,108,05 STRUCTURAL SIGNAL,ATL2_GF2_S5_R3_SS261006503_S06_F50K_v2,TEACHER_P0_W112_D123,CNN,NATIVE_LMS,BICUBIC_MS,0.001,1,2.0,STOPGRAD_NATIVE,GT,MULTISCALE_GNCC_SQUARED,0.01,NATIVE,False,0.0001,1e-05,50000,FRESH,3,HQNR_MAX50,EXACT_FINAL,TEACHER_ONLY,P0,False,False,False,False,W100_COSINE_FULL_BUDGET,NONE,TA2-S06,05 STRUCTURAL SIGNAL,A는 epsilon+직접 구조만; U는 reconstruction,TA2-M07,PLANNED_NOT_RUN
PANDA_ALIGNER_TEACHER_LMS_GT_S135_20261006_v2,s5,GF2,4,1023,3,261006503,109,05 STRUCTURAL SIGNAL,ATL2_GF2_S5_R3_SS261006503_S07_F50K_v2,TEACHER_P0_W112_D123,CNN,NATIVE_LMS,BICUBIC_MS,0.001,1,2.0,STOPGRAD_NATIVE,GT,HUBER_PSEUDO_SHIFT_BETA025,0.01,NATIVE,True,0.0001,1e-05,50000,FRESH,3,HQNR_MAX50,EXACT_FINAL,TEACHER_ONLY,P0,False,False,False,False,W100_COSINE_FULL_BUDGET,PSEUDO_OFFSET_NOT_PHYSICAL_GT,TA2-S07,05 STRUCTURAL SIGNAL,직접 구조 대신 train GT 사전 shift proxy 회귀+epsilon,TA2-M07,PLANNED_NOT_RUN
PANDA_ALIGNER_TEACHER_LMS_GT_S135_20261006_v2,s5,GF2,4,1023,3,261006503,110,05 STRUCTURAL SIGNAL,ATL2_GF2_S5_R3_SS261006503_S00_F50K_v2,TEACHER_P0_W112_D123,CNN,NATIVE_LMS,BICUBIC_MS,0.001,1,2.0,STOPGRAD_NATIVE,NATIVE_LMS,MULTISCALE_GNCC_SQUARED,0.01,NATIVE,True,0.0001,1e-05,50000,FRESH,3,HQNR_MAX50,EXACT_FINAL,TEACHER_ONLY,P0,False,False,False,False,W100_COSINE_FULL_BUDGET,NONE,TA2-S00,05 STRUCTURAL SIGNAL,GT 대신 native LMS에 직접 구조 정합; 같은 descriptor,TA2-M07,PLANNED_NOT_RUN
PANDA_ALIGNER_TEACHER_LMS_GT_S135_20261006_v2,s5,GF2,4,1023,3,261006503,111,05 STRUCTURAL SIGNAL,ATL2_GF2_S5_R3_SS261006503_S01_F50K_v2,TEACHER_P0_W112_D123,CNN,NATIVE_LMS,BICUBIC_MS,0.001,1,2.0,STOPGRAD_NATIVE,HALF_GT_HALF_LMS,MULTISCALE_GNCC_SQUARED,0.01,NATIVE,True,0.0001,1e-05,50000,FRESH,3,HQNR_MAX50,EXACT_FINAL,TEACHER_ONLY,P0,False,False,False,False,W100_COSINE_FULL_BUDGET,NONE,TA2-S01,05 STRUCTURAL SIGNAL,GT/LMS 구조 정합 각각 0.5로 결합,TA2-M07,PLANNED_NOT_RUN
PANDA_ALIGNER_TEACHER_LMS_GT_S135_20261006_v2,s5,GF2,4,1023,1,261006501,112,06 OPTIMIZATION,ATL2_GF2_S5_R1_SS261006501_O00_F50K_v2,TEACHER_P0_W112_D123,CNN,NATIVE_LMS,BICUBIC_MS,0.001,2,2.0,STOPGRAD_NATIVE,GT,MULTISCALE_GNCC_SQUARED,0.01,NATIVE,True,0.0001,1e-05,50000,FRESH,3,HQNR_MAX50,EXACT_FINAL,TEACHER_ONLY,P0,False,False,False,False,W100_COSINE_FULL_BUDGET,NONE,TA2-O00,06 OPTIMIZATION,M07 epsilon만 격 update로 변경,TA2-M07,PLANNED_NOT_RUN
PANDA_ALIGNER_TEACHER_LMS_GT_S135_20261006_v2,s5,GF2,4,1023,1,261006501,113,06 OPTIMIZATION,ATL2_GF2_S5_R1_SS261006501_O01_F50K_v2,TEACHER_P0_W112_D123,CNN,NATIVE_LMS,BICUBIC_MS,0.001,1,2.0,STOPGRAD_NATIVE,GT,MULTISCALE_GNCC_SQUARED,0.01,NATIVE,True,0.0001,3e-06,50000,FRESH,3,HQNR_MAX50,EXACT_FINAL,TEACHER_ONLY,P0,False,False,False,False,W100_COSINE_FULL_BUDGET,NONE,TA2-O01,06 OPTIMIZATION,M07 A LR=3e-6,TA2-M07,PLANNED_NOT_RUN
PANDA_ALIGNER_TEACHER_LMS_GT_S135_20261006_v2,s5,GF2,4,1023,1,261006501,114,06 OPTIMIZATION,ATL2_GF2_S5_R1_SS261006501_O02_F50K_v2,TEACHER_P0_W112_D123,CNN,NATIVE_LMS,BICUBIC_MS,0.001,1,2.0,STOPGRAD_NATIVE,GT,MULTISCALE_GNCC_SQUARED,0.01,NATIVE,True,0.0001,0.0001,50000,FRESH,3,HQNR_MAX50,EXACT_FINAL,TEACHER_ONLY,P0,False,False,False,False,W100_COSINE_FULL_BUDGET,NONE,TA2-O02,06 OPTIMIZATION,M07 A LR=1e-4,TA2-M07,PLANNED_NOT_RUN
PANDA_ALIGNER_TEACHER_LMS_GT_S135_20261006_v2,s5,GF2,4,1023,1,261006501,115,06 OPTIMIZATION,ATL2_GF2_S5_R1_SS261006501_O03_F50K_v2,TEACHER_P0_W112_D123,CNN,NATIVE_LMS,BICUBIC_MS,0.001,1,2.0,STOPGRAD_NATIVE,GT,MULTISCALE_GNCC_SQUARED,0.01,NATIVE,True,0.0001,1e-05,50000,FRESH,3,HQNR_MAX50,EXACT_FINAL,TEACHER_ONLY,P0,False,False,False,False,W100_COSINE_FULL_BUDGET,STRUCT_RAMP_5000,TA2-O03,06 OPTIMIZATION,GT structure 계수만 첫5K linear ramp,TA2-M07,PLANNED_NOT_RUN
PANDA_ALIGNER_TEACHER_LMS_GT_S135_20261006_v2,s5,GF2,4,1023,1,261006501,116,06 OPTIMIZATION,ATL2_GF2_S5_R1_SS261006501_O04_F50K_v2,TEACHER_P0_W112_D123,CNN,NATIVE_LMS,BICUBIC_MS,0.001,1,2.0,SYMMETRIC_NO_STOPGRAD,GT,MULTISCALE_GNCC_SQUARED,0.01,NATIVE,True,0.0001,1e-05,50000,FRESH,3,HQNR_MAX50,EXACT_FINAL,TEACHER_ONLY,P0,False,False,False,False,W100_COSINE_FULL_BUDGET,NONE,TA2-O04,06 OPTIMIZATION,epsilon native anchor stop-gradient 제거,TA2-M07,PLANNED_NOT_RUN
PANDA_ALIGNER_TEACHER_LMS_GT_S135_20261006_v2,s5,GF2,4,1023,2,261006502,117,06 OPTIMIZATION,ATL2_GF2_S5_R2_SS261006502_O00_F50K_v2,TEACHER_P0_W112_D123,CNN,NATIVE_LMS,BICUBIC_MS,0.001,2,2.0,STOPGRAD_NATIVE,GT,MULTISCALE_GNCC_SQUARED,0.01,NATIVE,True,0.0001,1e-05,50000,FRESH,3,HQNR_MAX50,EXACT_FINAL,TEACHER_ONLY,P0,False,False,False,False,W100_COSINE_FULL_BUDGET,NONE,TA2-O00,06 OPTIMIZATION,M07 epsilon만 격 update로 변경,TA2-M07,PLANNED_NOT_RUN
PANDA_ALIGNER_TEACHER_LMS_GT_S135_20261006_v2,s5,GF2,4,1023,2,261006502,118,06 OPTIMIZATION,ATL2_GF2_S5_R2_SS261006502_O04_F50K_v2,TEACHER_P0_W112_D123,CNN,NATIVE_LMS,BICUBIC_MS,0.001,1,2.0,SYMMETRIC_NO_STOPGRAD,GT,MULTISCALE_GNCC_SQUARED,0.01,NATIVE,True,0.0001,1e-05,50000,FRESH,3,HQNR_MAX50,EXACT_FINAL,TEACHER_ONLY,P0,False,False,False,False,W100_COSINE_FULL_BUDGET,NONE,TA2-O04,06 OPTIMIZATION,epsilon native anchor stop-gradient 제거,TA2-M07,PLANNED_NOT_RUN
PANDA_ALIGNER_TEACHER_LMS_GT_S135_20261006_v2,s5,GF2,4,1023,2,261006502,119,06 OPTIMIZATION,ATL2_GF2_S5_R2_SS261006502_O03_F50K_v2,TEACHER_P0_W112_D123,CNN,NATIVE_LMS,BICUBIC_MS,0.001,1,2.0,STOPGRAD_NATIVE,GT,MULTISCALE_GNCC_SQUARED,0.01,NATIVE,True,0.0001,1e-05,50000,FRESH,3,HQNR_MAX50,EXACT_FINAL,TEACHER_ONLY,P0,False,False,False,False,W100_COSINE_FULL_BUDGET,STRUCT_RAMP_5000,TA2-O03,06 OPTIMIZATION,GT structure 계수만 첫5K linear ramp,TA2-M07,PLANNED_NOT_RUN
PANDA_ALIGNER_TEACHER_LMS_GT_S135_20261006_v2,s5,GF2,4,1023,2,261006502,120,06 OPTIMIZATION,ATL2_GF2_S5_R2_SS261006502_O02_F50K_v2,TEACHER_P0_W112_D123,CNN,NATIVE_LMS,BICUBIC_MS,0.001,1,2.0,STOPGRAD_NATIVE,GT,MULTISCALE_GNCC_SQUARED,0.01,NATIVE,True,0.0001,0.0001,50000,FRESH,3,HQNR_MAX50,EXACT_FINAL,TEACHER_ONLY,P0,False,False,False,False,W100_COSINE_FULL_BUDGET,NONE,TA2-O02,06 OPTIMIZATION,M07 A LR=1e-4,TA2-M07,PLANNED_NOT_RUN
PANDA_ALIGNER_TEACHER_LMS_GT_S135_20261006_v2,s5,GF2,4,1023,2,261006502,121,06 OPTIMIZATION,ATL2_GF2_S5_R2_SS261006502_O01_F50K_v2,TEACHER_P0_W112_D123,CNN,NATIVE_LMS,BICUBIC_MS,0.001,1,2.0,STOPGRAD_NATIVE,GT,MULTISCALE_GNCC_SQUARED,0.01,NATIVE,True,0.0001,3e-06,50000,FRESH,3,HQNR_MAX50,EXACT_FINAL,TEACHER_ONLY,P0,False,False,False,False,W100_COSINE_FULL_BUDGET,NONE,TA2-O01,06 OPTIMIZATION,M07 A LR=3e-6,TA2-M07,PLANNED_NOT_RUN
PANDA_ALIGNER_TEACHER_LMS_GT_S135_20261006_v2,s5,GF2,4,1023,3,261006503,122,06 OPTIMIZATION,ATL2_GF2_S5_R3_SS261006503_O02_F50K_v2,TEACHER_P0_W112_D123,CNN,NATIVE_LMS,BICUBIC_MS,0.001,1,2.0,STOPGRAD_NATIVE,GT,MULTISCALE_GNCC_SQUARED,0.01,NATIVE,True,0.0001,0.0001,50000,FRESH,3,HQNR_MAX50,EXACT_FINAL,TEACHER_ONLY,P0,False,False,False,False,W100_COSINE_FULL_BUDGET,NONE,TA2-O02,06 OPTIMIZATION,M07 A LR=1e-4,TA2-M07,PLANNED_NOT_RUN
PANDA_ALIGNER_TEACHER_LMS_GT_S135_20261006_v2,s5,GF2,4,1023,3,261006503,123,06 OPTIMIZATION,ATL2_GF2_S5_R3_SS261006503_O03_F50K_v2,TEACHER_P0_W112_D123,CNN,NATIVE_LMS,BICUBIC_MS,0.001,1,2.0,STOPGRAD_NATIVE,GT,MULTISCALE_GNCC_SQUARED,0.01,NATIVE,True,0.0001,1e-05,50000,FRESH,3,HQNR_MAX50,EXACT_FINAL,TEACHER_ONLY,P0,False,False,False,False,W100_COSINE_FULL_BUDGET,STRUCT_RAMP_5000,TA2-O03,06 OPTIMIZATION,GT structure 계수만 첫5K linear ramp,TA2-M07,PLANNED_NOT_RUN
PANDA_ALIGNER_TEACHER_LMS_GT_S135_20261006_v2,s5,GF2,4,1023,3,261006503,124,06 OPTIMIZATION,ATL2_GF2_S5_R3_SS261006503_O04_F50K_v2,TEACHER_P0_W112_D123,CNN,NATIVE_LMS,BICUBIC_MS,0.001,1,2.0,SYMMETRIC_NO_STOPGRAD,GT,MULTISCALE_GNCC_SQUARED,0.01,NATIVE,True,0.0001,1e-05,50000,FRESH,3,HQNR_MAX50,EXACT_FINAL,TEACHER_ONLY,P0,False,False,False,False,W100_COSINE_FULL_BUDGET,NONE,TA2-O04,06 OPTIMIZATION,epsilon native anchor stop-gradient 제거,TA2-M07,PLANNED_NOT_RUN
PANDA_ALIGNER_TEACHER_LMS_GT_S135_20261006_v2,s5,GF2,4,1023,3,261006503,125,06 OPTIMIZATION,ATL2_GF2_S5_R3_SS261006503_O00_F50K_v2,TEACHER_P0_W112_D123,CNN,NATIVE_LMS,BICUBIC_MS,0.001,2,2.0,STOPGRAD_NATIVE,GT,MULTISCALE_GNCC_SQUARED,0.01,NATIVE,True,0.0001,1e-05,50000,FRESH,3,HQNR_MAX50,EXACT_FINAL,TEACHER_ONLY,P0,False,False,False,False,W100_COSINE_FULL_BUDGET,NONE,TA2-O00,06 OPTIMIZATION,M07 epsilon만 격 update로 변경,TA2-M07,PLANNED_NOT_RUN
PANDA_ALIGNER_TEACHER_LMS_GT_S135_20261006_v2,s5,GF2,4,1023,3,261006503,126,06 OPTIMIZATION,ATL2_GF2_S5_R3_SS261006503_O01_F50K_v2,TEACHER_P0_W112_D123,CNN,NATIVE_LMS,BICUBIC_MS,0.001,1,2.0,STOPGRAD_NATIVE,GT,MULTISCALE_GNCC_SQUARED,0.01,NATIVE,True,0.0001,3e-06,50000,FRESH,3,HQNR_MAX50,EXACT_FINAL,TEACHER_ONLY,P0,False,False,False,False,W100_COSINE_FULL_BUDGET,NONE,TA2-O01,06 OPTIMIZATION,M07 A LR=3e-6,TA2-M07,PLANNED_NOT_RUN
PANDA_ALIGNER_TEACHER_LMS_GT_S135_20261006_v2,s5,GF2,4,1023,1,261006501,127,07 U INPUT / BASE COORDINATES,ATL2_GF2_S5_R1_SS261006501_U01_F50K_v2,TEACHER_P0_W112_D123,PER_IMAGE_LMS_GRAD_FIXED,NATIVE_LMS,NATIVE_LMS,0,1,2.0,STOPGRAD_NATIVE,NONE,MULTISCALE_GNCC_SQUARED,0,NATIVE,False,0.0001,0,50000,FRESH,3,HQNR_MAX50,EXACT_FINAL,TEACHER_ONLY,P0,False,False,False,False,W100_COSINE_FULL_BUDGET,NONE,TA2-U01,07 U INPUT / BASE COORDINATES,B03 U 입력·base를 native LMS로 변경,TA2-B03,PLANNED_NOT_RUN
PANDA_ALIGNER_TEACHER_LMS_GT_S135_20261006_v2,s5,GF2,4,1023,1,261006501,128,07 U INPUT / BASE COORDINATES,ATL2_GF2_S5_R1_SS261006501_U02_F50K_v2,TEACHER_P0_W112_D123,CNN,NATIVE_LMS,NATIVE_LMS,0.001,1,2.0,STOPGRAD_NATIVE,NONE,MULTISCALE_GNCC_SQUARED,0,NATIVE,True,0.0001,1e-05,50000,FRESH,3,HQNR_MAX50,EXACT_FINAL,TEACHER_ONLY,P0,False,False,False,False,W100_COSINE_FULL_BUDGET,NONE,TA2-U02,07 U INPUT / BASE COORDINATES,M05 epsilon-only; U 입력·base도 native LMS,TA2-M05,PLANNED_NOT_RUN
PANDA_ALIGNER_TEACHER_LMS_GT_S135_20261006_v2,s5,GF2,4,1023,2,261006502,129,07 U INPUT / BASE COORDINATES,ATL2_GF2_S5_R2_SS261006502_U01_F50K_v2,TEACHER_P0_W112_D123,PER_IMAGE_LMS_GRAD_FIXED,NATIVE_LMS,NATIVE_LMS,0,1,2.0,STOPGRAD_NATIVE,NONE,MULTISCALE_GNCC_SQUARED,0,NATIVE,False,0.0001,0,50000,FRESH,3,HQNR_MAX50,EXACT_FINAL,TEACHER_ONLY,P0,False,False,False,False,W100_COSINE_FULL_BUDGET,NONE,TA2-U01,07 U INPUT / BASE COORDINATES,B03 U 입력·base를 native LMS로 변경,TA2-B03,PLANNED_NOT_RUN
PANDA_ALIGNER_TEACHER_LMS_GT_S135_20261006_v2,s5,GF2,4,1023,2,261006502,130,07 U INPUT / BASE COORDINATES,ATL2_GF2_S5_R2_SS261006502_U02_F50K_v2,TEACHER_P0_W112_D123,CNN,NATIVE_LMS,NATIVE_LMS,0.001,1,2.0,STOPGRAD_NATIVE,NONE,MULTISCALE_GNCC_SQUARED,0,NATIVE,True,0.0001,1e-05,50000,FRESH,3,HQNR_MAX50,EXACT_FINAL,TEACHER_ONLY,P0,False,False,False,False,W100_COSINE_FULL_BUDGET,NONE,TA2-U02,07 U INPUT / BASE COORDINATES,M05 epsilon-only; U 입력·base도 native LMS,TA2-M05,PLANNED_NOT_RUN
PANDA_ALIGNER_TEACHER_LMS_GT_S135_20261006_v2,s5,GF2,4,1023,3,261006503,131,07 U INPUT / BASE COORDINATES,ATL2_GF2_S5_R3_SS261006503_U01_F50K_v2,TEACHER_P0_W112_D123,PER_IMAGE_LMS_GRAD_FIXED,NATIVE_LMS,NATIVE_LMS,0,1,2.0,STOPGRAD_NATIVE,NONE,MULTISCALE_GNCC_SQUARED,0,NATIVE,False,0.0001,0,50000,FRESH,3,HQNR_MAX50,EXACT_FINAL,TEACHER_ONLY,P0,False,False,False,False,W100_COSINE_FULL_BUDGET,NONE,TA2-U01,07 U INPUT / BASE COORDINATES,B03 U 입력·base를 native LMS로 변경,TA2-B03,PLANNED_NOT_RUN
PANDA_ALIGNER_TEACHER_LMS_GT_S135_20261006_v2,s5,GF2,4,1023,3,261006503,132,07 U INPUT / BASE COORDINATES,ATL2_GF2_S5_R3_SS261006503_U02_F50K_v2,TEACHER_P0_W112_D123,CNN,NATIVE_LMS,NATIVE_LMS,0.001,1,2.0,STOPGRAD_NATIVE,NONE,MULTISCALE_GNCC_SQUARED,0,NATIVE,True,0.0001,1e-05,50000,FRESH,3,HQNR_MAX50,EXACT_FINAL,TEACHER_ONLY,P0,False,False,False,False,W100_COSINE_FULL_BUDGET,NONE,TA2-U02,07 U INPUT / BASE COORDINATES,M05 epsilon-only; U 입력·base도 native LMS,TA2-M05,PLANNED_NOT_RUN
PANDA_ALIGNER_TEACHER_LMS_GT_S135_20261006_v2,s5,GF2,4,1023,1,261006501,133,08 SIZE / SCALE,ATL2_GF2_S5_R1_SS261006501_X00_F50K_v2,TEACHER_P0_W112_D123,CNN,NATIVE_LMS,BICUBIC_MS,0.001,1,2.0,STOPGRAD_NATIVE,GT,MULTISCALE_GNCC_SQUARED,0.01,NATIVE,True,0.0001,1e-05,50000,FRESH,3,HQNR_MAX50,EXACT_FINAL,TEACHER_ONLY,P0,False,False,False,False,W100_COSINE_FULL_BUDGET,A_AUX_MULTICROP_48_56_64,TA2-X00,08 SIZE / SCALE,M07 + A 보조 crop48/56/64; native U64 고정,TA2-M07,PLANNED_NOT_RUN
PANDA_ALIGNER_TEACHER_LMS_GT_S135_20261006_v2,s5,GF2,4,1023,1,261006501,134,08 SIZE / SCALE,ATL2_GF2_S5_R1_SS261006501_X01_F50K_v2,TEACHER_P0_W112_D123,CNN,NATIVE_LMS,BICUBIC_MS,0.001,1,2.0,STOPGRAD_NATIVE,NONE,MULTISCALE_GNCC_SQUARED,0,NATIVE,True,0.0001,1e-05,50000,FRESH,3,HQNR_MAX50,EXACT_FINAL,TEACHER_ONLY,P0,False,False,False,False,W100_COSINE_FULL_BUDGET,A_AUX_MAGNIFY_1_2_4_8,TA2-X01,08 SIZE / SCALE,M05 + A 보조 확대1/2/4/8; epsilon-only,TA2-M05,PLANNED_NOT_RUN
PANDA_ALIGNER_TEACHER_LMS_GT_S135_20261006_v2,s5,GF2,4,1023,1,261006501,135,08 SIZE / SCALE,ATL2_GF2_S5_R1_SS261006501_X02_F50K_v2,TEACHER_P0_W112_D123,CNN,NATIVE_LMS,BICUBIC_MS,0.001,1,2.0,STOPGRAD_NATIVE,GT,MULTISCALE_GNCC_SQUARED,0.01,NATIVE,True,0.0001,1e-05,50000,FRESH,3,HQNR_MAX50,EXACT_FINAL,TEACHER_ONLY,P0,False,False,False,False,W100_COSINE_FULL_BUDGET,A_AUX_MAGNIFY_1_2_4_8,TA2-X02,08 SIZE / SCALE,M07 + A 보조 확대1/2/4/8; epsilon+GT 구조,TA2-M07,PLANNED_NOT_RUN
PANDA_ALIGNER_TEACHER_LMS_GT_S135_20261006_v2,s5,GF2,4,1023,1,261006501,136,08 SIZE / SCALE,ATL2_GF2_S5_R1_SS261006501_X03_F50K_v2,TEACHER_P0_W112_D123,CNN,NATIVE_LMS,BICUBIC_MS,0.001,1,2.0,STOPGRAD_NATIVE,GT,MULTISCALE_GNCC_SQUARED,0.01,NATIVE,True,0.0001,1e-05,50000,FRESH,3,HQNR_MAX50,EXACT_FINAL,TEACHER_ONLY,P0,False,False,False,False,W100_COSINE_FULL_BUDGET,A_AUX_MAGNIFY_WITH_SCALE_LAMBDA001,TA2-X03,08 SIZE / SCALE,X02 + 정규화된 추가변위 scale consistency,TA2-X02,PLANNED_NOT_RUN
PANDA_ALIGNER_TEACHER_LMS_GT_S135_20261006_v2,s5,GF2,4,1023,2,261006502,137,08 SIZE / SCALE,ATL2_GF2_S5_R2_SS261006502_X00_F50K_v2,TEACHER_P0_W112_D123,CNN,NATIVE_LMS,BICUBIC_MS,0.001,1,2.0,STOPGRAD_NATIVE,GT,MULTISCALE_GNCC_SQUARED,0.01,NATIVE,True,0.0001,1e-05,50000,FRESH,3,HQNR_MAX50,EXACT_FINAL,TEACHER_ONLY,P0,False,False,False,False,W100_COSINE_FULL_BUDGET,A_AUX_MULTICROP_48_56_64,TA2-X00,08 SIZE / SCALE,M07 + A 보조 crop48/56/64; native U64 고정,TA2-M07,PLANNED_NOT_RUN
PANDA_ALIGNER_TEACHER_LMS_GT_S135_20261006_v2,s5,GF2,4,1023,2,261006502,138,08 SIZE / SCALE,ATL2_GF2_S5_R2_SS261006502_X03_F50K_v2,TEACHER_P0_W112_D123,CNN,NATIVE_LMS,BICUBIC_MS,0.001,1,2.0,STOPGRAD_NATIVE,GT,MULTISCALE_GNCC_SQUARED,0.01,NATIVE,True,0.0001,1e-05,50000,FRESH,3,HQNR_MAX50,EXACT_FINAL,TEACHER_ONLY,P0,False,False,False,False,W100_COSINE_FULL_BUDGET,A_AUX_MAGNIFY_WITH_SCALE_LAMBDA001,TA2-X03,08 SIZE / SCALE,X02 + 정규화된 추가변위 scale consistency,TA2-X02,PLANNED_NOT_RUN
PANDA_ALIGNER_TEACHER_LMS_GT_S135_20261006_v2,s5,GF2,4,1023,2,261006502,139,08 SIZE / SCALE,ATL2_GF2_S5_R2_SS261006502_X02_F50K_v2,TEACHER_P0_W112_D123,CNN,NATIVE_LMS,BICUBIC_MS,0.001,1,2.0,STOPGRAD_NATIVE,GT,MULTISCALE_GNCC_SQUARED,0.01,NATIVE,True,0.0001,1e-05,50000,FRESH,3,HQNR_MAX50,EXACT_FINAL,TEACHER_ONLY,P0,False,False,False,False,W100_COSINE_FULL_BUDGET,A_AUX_MAGNIFY_1_2_4_8,TA2-X02,08 SIZE / SCALE,M07 + A 보조 확대1/2/4/8; epsilon+GT 구조,TA2-M07,PLANNED_NOT_RUN
PANDA_ALIGNER_TEACHER_LMS_GT_S135_20261006_v2,s5,GF2,4,1023,2,261006502,140,08 SIZE / SCALE,ATL2_GF2_S5_R2_SS261006502_X01_F50K_v2,TEACHER_P0_W112_D123,CNN,NATIVE_LMS,BICUBIC_MS,0.001,1,2.0,STOPGRAD_NATIVE,NONE,MULTISCALE_GNCC_SQUARED,0,NATIVE,True,0.0001,1e-05,50000,FRESH,3,HQNR_MAX50,EXACT_FINAL,TEACHER_ONLY,P0,False,False,False,False,W100_COSINE_FULL_BUDGET,A_AUX_MAGNIFY_1_2_4_8,TA2-X01,08 SIZE / SCALE,M05 + A 보조 확대1/2/4/8; epsilon-only,TA2-M05,PLANNED_NOT_RUN
PANDA_ALIGNER_TEACHER_LMS_GT_S135_20261006_v2,s5,GF2,4,1023,3,261006503,141,08 SIZE / SCALE,ATL2_GF2_S5_R3_SS261006503_X02_F50K_v2,TEACHER_P0_W112_D123,CNN,NATIVE_LMS,BICUBIC_MS,0.001,1,2.0,STOPGRAD_NATIVE,GT,MULTISCALE_GNCC_SQUARED,0.01,NATIVE,True,0.0001,1e-05,50000,FRESH,3,HQNR_MAX50,EXACT_FINAL,TEACHER_ONLY,P0,False,False,False,False,W100_COSINE_FULL_BUDGET,A_AUX_MAGNIFY_1_2_4_8,TA2-X02,08 SIZE / SCALE,M07 + A 보조 확대1/2/4/8; epsilon+GT 구조,TA2-M07,PLANNED_NOT_RUN
PANDA_ALIGNER_TEACHER_LMS_GT_S135_20261006_v2,s5,GF2,4,1023,3,261006503,142,08 SIZE / SCALE,ATL2_GF2_S5_R3_SS261006503_X03_F50K_v2,TEACHER_P0_W112_D123,CNN,NATIVE_LMS,BICUBIC_MS,0.001,1,2.0,STOPGRAD_NATIVE,GT,MULTISCALE_GNCC_SQUARED,0.01,NATIVE,True,0.0001,1e-05,50000,FRESH,3,HQNR_MAX50,EXACT_FINAL,TEACHER_ONLY,P0,False,False,False,False,W100_COSINE_FULL_BUDGET,A_AUX_MAGNIFY_WITH_SCALE_LAMBDA001,TA2-X03,08 SIZE / SCALE,X02 + 정규화된 추가변위 scale consistency,TA2-X02,PLANNED_NOT_RUN
PANDA_ALIGNER_TEACHER_LMS_GT_S135_20261006_v2,s5,GF2,4,1023,3,261006503,143,08 SIZE / SCALE,ATL2_GF2_S5_R3_SS261006503_X00_F50K_v2,TEACHER_P0_W112_D123,CNN,NATIVE_LMS,BICUBIC_MS,0.001,1,2.0,STOPGRAD_NATIVE,GT,MULTISCALE_GNCC_SQUARED,0.01,NATIVE,True,0.0001,1e-05,50000,FRESH,3,HQNR_MAX50,EXACT_FINAL,TEACHER_ONLY,P0,False,False,False,False,W100_COSINE_FULL_BUDGET,A_AUX_MULTICROP_48_56_64,TA2-X00,08 SIZE / SCALE,M07 + A 보조 crop48/56/64; native U64 고정,TA2-M07,PLANNED_NOT_RUN
PANDA_ALIGNER_TEACHER_LMS_GT_S135_20261006_v2,s5,GF2,4,1023,3,261006503,144,08 SIZE / SCALE,ATL2_GF2_S5_R3_SS261006503_X01_F50K_v2,TEACHER_P0_W112_D123,CNN,NATIVE_LMS,BICUBIC_MS,0.001,1,2.0,STOPGRAD_NATIVE,NONE,MULTISCALE_GNCC_SQUARED,0,NATIVE,True,0.0001,1e-05,50000,FRESH,3,HQNR_MAX50,EXACT_FINAL,TEACHER_ONLY,P0,False,False,False,False,W100_COSINE_FULL_BUDGET,A_AUX_MAGNIFY_1_2_4_8,TA2-X01,08 SIZE / SCALE,M05 + A 보조 확대1/2/4/8; epsilon-only,TA2-M05,PLANNED_NOT_RUN
PANDA_ALIGNER_TEACHER_LMS_GT_S135_20261006_v2,s5,GF2,4,1023,1,261006501,145,09 LONGER BUDGET,ATL2_GF2_S5_R1_SS261006501_D00_F100K_v2,TEACHER_P0_W112_D123,NONE,NA,BICUBIC_MS,0,1,2.0,STOPGRAD_NATIVE,NONE,MULTISCALE_GNCC_SQUARED,0,NATIVE,False,0.0001,0,100000,FRESH,3,HQNR_MAX50,EXACT_FINAL,TEACHER_ONLY,P0,False,False,False,False,W100_COSINE_FULL_BUDGET,NONE,TA2-D00,09 LONGER BUDGET,B00 fresh100K; 처음부터 cosine100K,TA2-B00,PLANNED_NOT_RUN
PANDA_ALIGNER_TEACHER_LMS_GT_S135_20261006_v2,s5,GF2,4,1023,1,261006501,146,09 LONGER BUDGET,ATL2_GF2_S5_R1_SS261006501_D01_F100K_v2,TEACHER_P0_W112_D123,PER_IMAGE_LMS_GRAD_FIXED,NATIVE_LMS,BICUBIC_MS,0,1,2.0,STOPGRAD_NATIVE,NONE,MULTISCALE_GNCC_SQUARED,0,NATIVE,False,0.0001,0,100000,FRESH,3,HQNR_MAX50,EXACT_FINAL,TEACHER_ONLY,P0,False,False,False,False,W100_COSINE_FULL_BUDGET,NONE,TA2-D01,09 LONGER BUDGET,B03 fresh100K; 처음부터 cosine100K,TA2-B03,PLANNED_NOT_RUN
PANDA_ALIGNER_TEACHER_LMS_GT_S135_20261006_v2,s5,GF2,4,1023,1,261006501,147,09 LONGER BUDGET,ATL2_GF2_S5_R1_SS261006501_D02_F100K_v2,TEACHER_P0_W112_D123,CNN,NATIVE_LMS,BICUBIC_MS,0.001,1,2.0,STOPGRAD_NATIVE,NONE,MULTISCALE_GNCC_SQUARED,0,NATIVE,True,0.0001,1e-05,100000,FRESH,3,HQNR_MAX50,EXACT_FINAL,TEACHER_ONLY,P0,False,False,False,False,W100_COSINE_FULL_BUDGET,NONE,TA2-D02,09 LONGER BUDGET,M05 fresh100K; 처음부터 cosine100K,TA2-M05,PLANNED_NOT_RUN
PANDA_ALIGNER_TEACHER_LMS_GT_S135_20261006_v2,s5,GF2,4,1023,1,261006501,148,09 LONGER BUDGET,ATL2_GF2_S5_R1_SS261006501_D03_F100K_v2,TEACHER_P0_W112_D123,CNN,NATIVE_LMS,BICUBIC_MS,0.001,1,2.0,STOPGRAD_NATIVE,GT,MULTISCALE_GNCC_SQUARED,0.01,NATIVE,True,0.0001,1e-05,100000,FRESH,3,HQNR_MAX50,EXACT_FINAL,TEACHER_ONLY,P0,False,False,False,False,W100_COSINE_FULL_BUDGET,NONE,TA2-D03,09 LONGER BUDGET,M07 fresh100K; 처음부터 cosine100K,TA2-M07,PLANNED_NOT_RUN
PANDA_ALIGNER_TEACHER_LMS_GT_S135_20261006_v2,s5,GF2,4,1023,2,261006502,149,09 LONGER BUDGET,ATL2_GF2_S5_R2_SS261006502_D00_F100K_v2,TEACHER_P0_W112_D123,NONE,NA,BICUBIC_MS,0,1,2.0,STOPGRAD_NATIVE,NONE,MULTISCALE_GNCC_SQUARED,0,NATIVE,False,0.0001,0,100000,FRESH,3,HQNR_MAX50,EXACT_FINAL,TEACHER_ONLY,P0,False,False,False,False,W100_COSINE_FULL_BUDGET,NONE,TA2-D00,09 LONGER BUDGET,B00 fresh100K; 처음부터 cosine100K,TA2-B00,PLANNED_NOT_RUN
PANDA_ALIGNER_TEACHER_LMS_GT_S135_20261006_v2,s5,GF2,4,1023,2,261006502,150,09 LONGER BUDGET,ATL2_GF2_S5_R2_SS261006502_D03_F100K_v2,TEACHER_P0_W112_D123,CNN,NATIVE_LMS,BICUBIC_MS,0.001,1,2.0,STOPGRAD_NATIVE,GT,MULTISCALE_GNCC_SQUARED,0.01,NATIVE,True,0.0001,1e-05,100000,FRESH,3,HQNR_MAX50,EXACT_FINAL,TEACHER_ONLY,P0,False,False,False,False,W100_COSINE_FULL_BUDGET,NONE,TA2-D03,09 LONGER BUDGET,M07 fresh100K; 처음부터 cosine100K,TA2-M07,PLANNED_NOT_RUN
PANDA_ALIGNER_TEACHER_LMS_GT_S135_20261006_v2,s5,GF2,4,1023,2,261006502,151,09 LONGER BUDGET,ATL2_GF2_S5_R2_SS261006502_D02_F100K_v2,TEACHER_P0_W112_D123,CNN,NATIVE_LMS,BICUBIC_MS,0.001,1,2.0,STOPGRAD_NATIVE,NONE,MULTISCALE_GNCC_SQUARED,0,NATIVE,True,0.0001,1e-05,100000,FRESH,3,HQNR_MAX50,EXACT_FINAL,TEACHER_ONLY,P0,False,False,False,False,W100_COSINE_FULL_BUDGET,NONE,TA2-D02,09 LONGER BUDGET,M05 fresh100K; 처음부터 cosine100K,TA2-M05,PLANNED_NOT_RUN
PANDA_ALIGNER_TEACHER_LMS_GT_S135_20261006_v2,s5,GF2,4,1023,2,261006502,152,09 LONGER BUDGET,ATL2_GF2_S5_R2_SS261006502_D01_F100K_v2,TEACHER_P0_W112_D123,PER_IMAGE_LMS_GRAD_FIXED,NATIVE_LMS,BICUBIC_MS,0,1,2.0,STOPGRAD_NATIVE,NONE,MULTISCALE_GNCC_SQUARED,0,NATIVE,False,0.0001,0,100000,FRESH,3,HQNR_MAX50,EXACT_FINAL,TEACHER_ONLY,P0,False,False,False,False,W100_COSINE_FULL_BUDGET,NONE,TA2-D01,09 LONGER BUDGET,B03 fresh100K; 처음부터 cosine100K,TA2-B03,PLANNED_NOT_RUN
PANDA_ALIGNER_TEACHER_LMS_GT_S135_20261006_v2,s5,GF2,4,1023,3,261006503,153,09 LONGER BUDGET,ATL2_GF2_S5_R3_SS261006503_D02_F100K_v2,TEACHER_P0_W112_D123,CNN,NATIVE_LMS,BICUBIC_MS,0.001,1,2.0,STOPGRAD_NATIVE,NONE,MULTISCALE_GNCC_SQUARED,0,NATIVE,True,0.0001,1e-05,100000,FRESH,3,HQNR_MAX50,EXACT_FINAL,TEACHER_ONLY,P0,False,False,False,False,W100_COSINE_FULL_BUDGET,NONE,TA2-D02,09 LONGER BUDGET,M05 fresh100K; 처음부터 cosine100K,TA2-M05,PLANNED_NOT_RUN
PANDA_ALIGNER_TEACHER_LMS_GT_S135_20261006_v2,s5,GF2,4,1023,3,261006503,154,09 LONGER BUDGET,ATL2_GF2_S5_R3_SS261006503_D03_F100K_v2,TEACHER_P0_W112_D123,CNN,NATIVE_LMS,BICUBIC_MS,0.001,1,2.0,STOPGRAD_NATIVE,GT,MULTISCALE_GNCC_SQUARED,0.01,NATIVE,True,0.0001,1e-05,100000,FRESH,3,HQNR_MAX50,EXACT_FINAL,TEACHER_ONLY,P0,False,False,False,False,W100_COSINE_FULL_BUDGET,NONE,TA2-D03,09 LONGER BUDGET,M07 fresh100K; 처음부터 cosine100K,TA2-M07,PLANNED_NOT_RUN
PANDA_ALIGNER_TEACHER_LMS_GT_S135_20261006_v2,s5,GF2,4,1023,3,261006503,155,09 LONGER BUDGET,ATL2_GF2_S5_R3_SS261006503_D00_F100K_v2,TEACHER_P0_W112_D123,NONE,NA,BICUBIC_MS,0,1,2.0,STOPGRAD_NATIVE,NONE,MULTISCALE_GNCC_SQUARED,0,NATIVE,False,0.0001,0,100000,FRESH,3,HQNR_MAX50,EXACT_FINAL,TEACHER_ONLY,P0,False,False,False,False,W100_COSINE_FULL_BUDGET,NONE,TA2-D00,09 LONGER BUDGET,B00 fresh100K; 처음부터 cosine100K,TA2-B00,PLANNED_NOT_RUN
PANDA_ALIGNER_TEACHER_LMS_GT_S135_20261006_v2,s5,GF2,4,1023,3,261006503,156,09 LONGER BUDGET,ATL2_GF2_S5_R3_SS261006503_D01_F100K_v2,TEACHER_P0_W112_D123,PER_IMAGE_LMS_GRAD_FIXED,NATIVE_LMS,BICUBIC_MS,0,1,2.0,STOPGRAD_NATIVE,NONE,MULTISCALE_GNCC_SQUARED,0,NATIVE,False,0.0001,0,100000,FRESH,3,HQNR_MAX50,EXACT_FINAL,TEACHER_ONLY,P0,False,False,False,False,W100_COSINE_FULL_BUDGET,NONE,TA2-D01,09 LONGER BUDGET,B03 fresh100K; 처음부터 cosine100K,TA2-B03,PLANNED_NOT_RUN
