Dataset,Repeat,Case_ID,Run_ID,Selector,Selected_step,HQNR↑,D_s↓,D_lambda↓,ERGAS↓,SAM↓,PSNR↑,SCC↑,Q4/Q8↑,Teacher / reference,Seed,Checkpoint_SHA,Source_sheet,Source_row,Source_URL
WV3,P01,C00,ABLR2_WV3_s1_r000_P01_C00_SS791001_FRESH50,ABLR2 RR_VAL_SELECTED,50000,0.9507196769,0.02698642814,0.02293319734,2.054383727,2.780877629,37.94933168,0.9878072647,0.9215790965,NONE,791001,d73d670e4f3ade08d91fc7c6c95b6823d9ebb4cc8e66c9bf4b3cde8162e1710e,WV3-s1,108,https://docs.google.com/spreadsheets/d/1_-3KY2DbSk_AOAuExf_ENbe5jAbhFRxzXoyfaDZRoK0/edit#range='WV3-s1'!A108
WV3,P01,C01,ABLR2_WV3_s1_r000_P01_C01_SS791001_FRESH50,ABLR2 RR_VAL_SELECTED,50000,0.9511062668,0.03112693726,0.01836738217,2.044008677,2.774366394,37.99586886,0.9881082204,0.9217596104,NONE,791001,3acd6b22a1d04571b5f991a0b1d78f96a2aea2103bc56aa029d2b614eea9396f,WV3-s1,109,https://docs.google.com/spreadsheets/d/1_-3KY2DbSk_AOAuExf_ENbe5jAbhFRxzXoyfaDZRoK0/edit#range='WV3-s1'!A109
WV3,P01,C02,ABLR2_WV3_s1_r000_P01_C02_SS791001_FRESH50,ABLR2 RR_VAL_SELECTED,50000,0.9518475085,0.03078292614,0.017931363,2.049955236,2.776452483,37.97428093,0.9880043611,0.9214937433,NONE,791001,d2551ff07e9822e097e1d4ea2afc811bedfb7f43db5a6c0a24dacf5704433e5e,WV3-s1,110,https://docs.google.com/spreadsheets/d/1_-3KY2DbSk_AOAuExf_ENbe5jAbhFRxzXoyfaDZRoK0/edit#range='WV3-s1'!A110
WV3,P01,C03,ABLR2_WV3_s1_r000_P01_C03_SS791001_FRESH50,ABLR2 RR_VAL_SELECTED,50000,0.9544023774,0.02901138177,0.01709784092,2.050049746,2.780524015,37.96712059,0.9879451548,0.9210397211,TPLUS,791001,f8efc1a44bedc02a993d259c4b807702fa905354a5309ff59eddb5d20297e9e3,WV3-s1,111,https://docs.google.com/spreadsheets/d/1_-3KY2DbSk_AOAuExf_ENbe5jAbhFRxzXoyfaDZRoK0/edit#range='WV3-s1'!A111
WV3,P01,C04,ABLR2_WV3_s1_r000_P01_C04_SS791001_FRESH50,ABLR2 RR_VAL_SELECTED,50000,0.9536119616,0.02999968473,0.01691555373,2.045481815,2.770379096,37.99493399,0.9879974973,0.921848029,TPLUS,791001,33cbba5901da35fc6d4993c3b2c6362f7f7931dc9d6954758fec85436e15f3ad,WV3-s1,112,https://docs.google.com/spreadsheets/d/1_-3KY2DbSk_AOAuExf_ENbe5jAbhFRxzXoyfaDZRoK0/edit#range='WV3-s1'!A112
WV3,P01,C05,ABLR2_WV3_s1_r000_P01_C05_SS791001_FRESH50,ABLR2 RR_VAL_SELECTED,48480,0.9520138692,0.03174911752,0.01677808034,2.051804645,2.785978956,37.95839297,0.9879092374,0.9214385497,TPLUS,791001,ae7fa745ab4bc60f234dba5e8591c609c19ddae2dffcc7b90afd8d11c0e1d8d4,WV3-s1,113,https://docs.google.com/spreadsheets/d/1_-3KY2DbSk_AOAuExf_ENbe5jAbhFRxzXoyfaDZRoK0/edit#range='WV3-s1'!A113
WV3,P01,C06,ABLR2_WV3_s1_r000_P01_C06_SS791001_FRESH50,ABLR2 RR_VAL_SELECTED,50000,0.9510143843,0.0335892475,0.01594101979,2.053199897,2.786143021,37.9585254,0.9879211665,0.921748793,TPLUS,791001,43db772f7ef3677971d6c87cc2b82a3305e0b64efe0696d2c57c2724dc012298,WV3-s1,114,https://docs.google.com/spreadsheets/d/1_-3KY2DbSk_AOAuExf_ENbe5jAbhFRxzXoyfaDZRoK0/edit#range='WV3-s1'!A114
WV3,P01,C07,ABLR2_WV3_s1_r000_P01_C07_SS791001_FRESH50,ABLR2 RR_VAL_SELECTED,50000,0.9525994802,0.0303433493,0.01759560691,2.048131702,2.786503161,37.97189577,0.9880366427,0.921681969,TPLUS,791001,58278411789846f655a78905b753e62ede22cb23524fa1e2dfc6f11567c425c8,WV3-s1,115,https://docs.google.com/spreadsheets/d/1_-3KY2DbSk_AOAuExf_ENbe5jAbhFRxzXoyfaDZRoK0/edit#range='WV3-s1'!A115
WV3,P01,C08,ABLR2_WV3_s1_r000_P01_C08_SS791001_FRESH50,ABLR2 RR_VAL_SELECTED,50000,0.9469314104,0.0279579472,0.02587521682,2.051887633,2.786036342,37.95988807,0.9879618837,0.9212172706,TPLUS,791001,2e3ad407de58e2af1521003fd5c0acb2c7240a5dcc02997b8168c990aced3804,WV3-s1,116,https://docs.google.com/spreadsheets/d/1_-3KY2DbSk_AOAuExf_ENbe5jAbhFRxzXoyfaDZRoK0/edit#range='WV3-s1'!A116
WV3,P01,C09,ABLR2_WV3_s1_r000_P01_C09_SS791001_FRESH50,ABLR2 RR_VAL_SELECTED,50000,0.9546927157,0.02842044571,0.01738529263,2.047142153,2.779233338,37.98529498,0.9880737561,0.9218228605,TPLUS,791001,cbc372f5a83380540e0ae57a47acbf33d4ed574f8e443c83651db8a221697b14,WV3-s1,117,https://docs.google.com/spreadsheets/d/1_-3KY2DbSk_AOAuExf_ENbe5jAbhFRxzXoyfaDZRoK0/edit#range='WV3-s1'!A117
WV3,P01,C10,ABLR2_WV3_s1_r000_P01_C10_SS791001_FRESH50,ABLR2 RR_VAL_SELECTED,50000,0.9518525341,0.0312120323,0.01748855857,2.049636284,2.779093087,37.96960342,0.9879536436,0.9217289659,NONE,791001,2e2adee9dc138fc4b960aab899ebe2925935eb8f95a2da6c68adb1037a9c2cad,WV3-s1,118,https://docs.google.com/spreadsheets/d/1_-3KY2DbSk_AOAuExf_ENbe5jAbhFRxzXoyfaDZRoK0/edit#range='WV3-s1'!A118
WV3,P01,C11,ABLR2_WV3_s1_r000_P01_C11_SS791001_FRESH50,ABLR2 RR_VAL_SELECTED,49490,0.9544511982,0.02984543928,0.01618781063,2.048224508,2.784882631,37.97164758,0.9879580469,0.9214065136,TZERO,791001,ed5892010bb127ee1ce5d8e127c015b7745e8bf45c307cba033edaa4d8a9f11d,WV3-s1,119,https://docs.google.com/spreadsheets/d/1_-3KY2DbSk_AOAuExf_ENbe5jAbhFRxzXoyfaDZRoK0/edit#range='WV3-s1'!A119
WV3,P01,C12,ABLR2_WV3_s1_r000_P01_C12_SS791001_FRESH50,ABLR2 RR_VAL_SELECTED,50000,0.9554908483,0.02792264825,0.01707480141,2.04688391,2.781333451,37.97256222,0.987967469,0.9216490752,TPLUS,791001,ce19dc3663027a4b89d8c1cba36ebfbcb5b20e8c0868eee3f5e9a1143be9212a,WV3-s1,120,https://docs.google.com/spreadsheets/d/1_-3KY2DbSk_AOAuExf_ENbe5jAbhFRxzXoyfaDZRoK0/edit#range='WV3-s1'!A120
WV3,P01,C13,ABLR2_WV3_s1_r000_P01_C13_SS791001_FRESH50,ABLR2 RR_VAL_SELECTED,50000,0.9534559584,0.02988255782,0.0171815767,2.051389234,2.784330214,37.96572981,0.9879232603,0.9216215078,TPLUS,791001,483e28c7d070b38f2b8cd98e74941bdc97852812331f4ba186ea844c858979ea,WV3-s1,121,https://docs.google.com/spreadsheets/d/1_-3KY2DbSk_AOAuExf_ENbe5jAbhFRxzXoyfaDZRoK0/edit#range='WV3-s1'!A121
WV3,P01,C14,ABLR2_WV3_s1_r000_P01_C14_SS791001_FRESH50,ABLR2 RR_VAL_SELECTED,48480,0.9504867751,0.03260285812,0.01749750843,2.052113824,2.784545591,37.95968458,0.9879055717,0.9215436931,TPLUS,791001,b319cad6728e96be89fbe8d9fcadbca3569641d9c78dfe8b4946bc015632e4c2,WV3-s1,122,https://docs.google.com/spreadsheets/d/1_-3KY2DbSk_AOAuExf_ENbe5jAbhFRxzXoyfaDZRoK0/edit#range='WV3-s1'!A122
WV3,P01,C15,ABLR2_WV3_s1_r000_P01_C15_SS791001_FRESH50,ABLR2 RR_VAL_SELECTED,48480,0.9553732749,0.02856647502,0.01653966594,2.05429305,2.78645505,37.95119119,0.987875647,0.9211636954,TPLUS,791001,5faa6a595463f2c1357f369182e7894227a685a141b3ac3c96631739930f8f41,WV3-s1,123,https://docs.google.com/spreadsheets/d/1_-3KY2DbSk_AOAuExf_ENbe5jAbhFRxzXoyfaDZRoK0/edit#range='WV3-s1'!A123
WV3,P01,C16,ABLR2_WV3_s1_r000_P01_C16_SS791001_FRESH50,ABLR2 RR_VAL_SELECTED,50000,0.9537448901,0.03015979204,0.01659880827,2.050615713,2.785545297,37.9699842,0.988033126,0.921703154,TPLUS,791001,dbe47dae3ec540ef73b69616a0f24c5b01564242523ed161d8d8c1d08e8cc1e1,WV3-s1,124,https://docs.google.com/spreadsheets/d/1_-3KY2DbSk_AOAuExf_ENbe5jAbhFRxzXoyfaDZRoK0/edit#range='WV3-s1'!A124
WV3,P01,C17,ABLR2_WV3_s1_r000_P01_C17_SS791001_FRESH50,ABLR2 RR_VAL_SELECTED,50000,0.95584692,0.02800921558,0.01661645585,2.048546132,2.775666592,37.97358877,0.9879302093,0.9214326739,TZERO,791001,6b3c5060e2c5f9cab650425a1ad8a58b1aa6623db9e29de0b2ad455b307bf79c,WV3-s1,139,https://docs.google.com/spreadsheets/d/1_-3KY2DbSk_AOAuExf_ENbe5jAbhFRxzXoyfaDZRoK0/edit#range='WV3-s1'!A139
WV3,P01,TPLUS,ABLR2_WV3_s1_r000_P01_TPLUS_TS781001_FRESH50,ABLR2 RR_VAL_SELECTED,49490,0.9493053504,0.02577838376,0.02558151661,2.047293012,2.770707041,37.98187197,0.9880348181,0.9221307262,TPLUS,781001,6e5c94f774a4a46246312a40a049fe00487a8ab7f314397d336db28df852b28c,WV3-s1,106,https://docs.google.com/spreadsheets/d/1_-3KY2DbSk_AOAuExf_ENbe5jAbhFRxzXoyfaDZRoK0/edit#range='WV3-s1'!A106
WV3,P01,TZERO,ABLR2_WV3_s1_r000_P01_TZERO_TS781001_FRESH50,ABLR2 RR_VAL_SELECTED,50000,0.9502662989,0.02843850245,0.02193452688,2.044604315,2.765181528,37.9979018,0.9880603354,0.9220999043,TZERO,781001,e4c8d8fb60559d71b2a95d733775888fd0a0fc94eca22479320102b900ebe4d2,WV3-s1,107,https://docs.google.com/spreadsheets/d/1_-3KY2DbSk_AOAuExf_ENbe5jAbhFRxzXoyfaDZRoK0/edit#range='WV3-s1'!A107
WV3,P02,C00,ABLR2_WV3_s1_r000_P02_C00_SS791002_FRESH50,ABLR2 RR_VAL_SELECTED,50000,0.952719507,0.02316086395,0.02470377509,2.0518977,2.778647948,37.96174493,0.9879410626,0.9215409743,NONE,791002,32eb661900da4c0d283414b489e9c80ecb843295d4e0cf88aee223c169de1f79,WV3-s1,130,https://docs.google.com/spreadsheets/d/1_-3KY2DbSk_AOAuExf_ENbe5jAbhFRxzXoyfaDZRoK0/edit#range='WV3-s1'!A130
WV3,P02,C01,ABLR2_WV3_s1_r000_P02_C01_SS791002_FRESH50,ABLR2 RR_VAL_SELECTED,50000,0.9549903621,0.02883446201,0.01665623166,2.039414255,2.772735664,38.01048346,0.9881696475,0.9219865952,NONE,791002,990338e3f5d22a198982791e5e1de5a63950972b8a723d757e27581d0fb47c90,WV3-s1,129,https://docs.google.com/spreadsheets/d/1_-3KY2DbSk_AOAuExf_ENbe5jAbhFRxzXoyfaDZRoK0/edit#range='WV3-s1'!A129
WV3,P02,C02,ABLR2_WV3_s1_r000_P02_C02_SS791002_FRESH50,ABLR2 RR_VAL_SELECTED,50000,0.9558576183,0.02851659103,0.01608635756,2.043913551,2.772902294,37.9980108,0.9880699761,0.9215994588,NONE,791002,4555999d457d8f37ada64f81895ac4f5965714321f6d5d9e5e77d4414cfe6dd7,WV3-s1,128,https://docs.google.com/spreadsheets/d/1_-3KY2DbSk_AOAuExf_ENbe5jAbhFRxzXoyfaDZRoK0/edit#range='WV3-s1'!A128
WV3,P02,C03,ABLR2_WV3_s1_r000_P02_C03_SS791002_FRESH50,ABLR2 RR_VAL_SELECTED,49490,0.9572604318,0.02717274825,0.01601382597,2.044586099,2.770827843,37.99882967,0.9880787548,0.9219527065,TPLUS,791002,7923919219ab6601ed7bd61992d21e33bc4472c39ccc83a03dae8937f615b748,WV3-s1,127,https://docs.google.com/spreadsheets/d/1_-3KY2DbSk_AOAuExf_ENbe5jAbhFRxzXoyfaDZRoK0/edit#range='WV3-s1'!A127
WV3,P02,C04,ABLR2_WV3_s1_r000_P02_C04_SS791002_FRESH50,ABLR2 RR_VAL_SELECTED,50000,0.9564607872,0.02739135577,0.01660526039,2.043188921,2.769528735,38.00341618,0.9880682517,0.9217216606,TPLUS,791002,829191e3c4625b1caacfa3ff9538f3424fad53e975d72ed947e1eb7452a96025,WV3-s1,145,https://docs.google.com/spreadsheets/d/1_-3KY2DbSk_AOAuExf_ENbe5jAbhFRxzXoyfaDZRoK0/edit#range='WV3-s1'!A145
WV3,P02,C05,ABLR2_WV3_s1_r000_P02_C05_SS791002_FRESH50,ABLR2 RR_VAL_SELECTED,49490,0.9564700275,0.02818294992,0.01580128527,2.04590643,2.781137441,37.98150666,0.9880206541,0.9215271112,TPLUS,791002,3d3d1dba07b4a9b7f93799241560bd81b8c66f5a68dc889cca57c2876ac81ae5,WV3-s1,144,https://docs.google.com/spreadsheets/d/1_-3KY2DbSk_AOAuExf_ENbe5jAbhFRxzXoyfaDZRoK0/edit#range='WV3-s1'!A144
WV3,P02,C06,ABLR2_WV3_s1_r000_P02_C06_SS791002_FRESH50,ABLR2 RR_VAL_SELECTED,49490,0.9521581835,0.03175405145,0.01662077524,2.048621683,2.785556754,37.97269822,0.988000183,0.9215145463,TPLUS,791002,58466f78bf0d604809c03b3727d65d8287eff15dc68302271eb8253aafc26fe1,WV3-s1,143,https://docs.google.com/spreadsheets/d/1_-3KY2DbSk_AOAuExf_ENbe5jAbhFRxzXoyfaDZRoK0/edit#range='WV3-s1'!A143
WV3,P02,C07,ABLR2_WV3_s1_r000_P02_C07_SS791002_FRESH50,ABLR2 RR_VAL_SELECTED,50000,0.9542385563,0.03063812869,0.01560436058,2.046852344,2.783773219,37.98063582,0.9880511168,0.9213806779,TPLUS,791002,4ca93770c0f34e5d658f151c3de75741e8ce74583990d0d7aa4b024c68c4a91c,WV3-s1,142,https://docs.google.com/spreadsheets/d/1_-3KY2DbSk_AOAuExf_ENbe5jAbhFRxzXoyfaDZRoK0/edit#range='WV3-s1'!A142
WV3,P02,C08,ABLR2_WV3_s1_r000_P02_C08_SS791002_FRESH50,ABLR2 RR_VAL_SELECTED,50000,0.953897747,0.02426905523,0.02239108495,2.052527576,2.784606885,37.96090631,0.9879592917,0.9208555941,TPLUS,791002,df825dded50c715f0db16154a7ceaad768fb959595cc7cdb9bb79c3a9268fcc5,WV3-s1,141,https://docs.google.com/spreadsheets/d/1_-3KY2DbSk_AOAuExf_ENbe5jAbhFRxzXoyfaDZRoK0/edit#range='WV3-s1'!A141
WV3,P02,C09,ABLR2_WV3_s1_r000_P02_C09_SS791002_FRESH50,ABLR2 RR_VAL_SELECTED,50000,0.9542423498,0.0304324489,0.01581151137,2.046090071,2.778690482,37.98225422,0.9880106328,0.9220568634,TPLUS,791002,6faadf3f237917c0afa957869fda992ea77542431f3c74b2dd9405d2be9e57b7,WV3-s1,138,https://docs.google.com/spreadsheets/d/1_-3KY2DbSk_AOAuExf_ENbe5jAbhFRxzXoyfaDZRoK0/edit#range='WV3-s1'!A138
WV3,P02,C10,ABLR2_WV3_s1_r000_P02_C10_SS791002_FRESH50,ABLR2 RR_VAL_SELECTED,49490,0.9533506202,0.03109031027,0.01606655376,2.043126854,2.772893261,37.9967978,0.9881054664,0.9218298255,NONE,791002,f1e10adbeeff4c779e193ba4972a0aa4cb0e757a257bd5a4b07645b5751670bf,WV3-s1,137,https://docs.google.com/spreadsheets/d/1_-3KY2DbSk_AOAuExf_ENbe5jAbhFRxzXoyfaDZRoK0/edit#range='WV3-s1'!A137
WV3,P02,C11,ABLR2_WV3_s1_r000_P02_C11_SS791002_FRESH50,ABLR2 RR_VAL_SELECTED,50000,0.9550321104,0.03002257321,0.01541511857,2.04831398,2.781545427,37.97901997,0.9880194915,0.9217202223,TZERO,791002,e86ee050c9c3b4c9e6de61cc6352f9d680b38c152544d95b2a5cb99c59f1fef4,WV3-s1,136,https://docs.google.com/spreadsheets/d/1_-3KY2DbSk_AOAuExf_ENbe5jAbhFRxzXoyfaDZRoK0/edit#range='WV3-s1'!A136
WV3,P02,C12,ABLR2_WV3_s1_r000_P02_C12_SS791002_FRESH50,ABLR2 RR_VAL_SELECTED,49490,0.9558172799,0.02905276628,0.01558924417,2.043008006,2.773114899,37.99389887,0.988060511,0.9219892253,TPLUS,791002,47534a4340246bc243d7ca4c5187fbc7c85e3822a7b45df7482f4ba1bac96bc7,WV3-s1,135,https://docs.google.com/spreadsheets/d/1_-3KY2DbSk_AOAuExf_ENbe5jAbhFRxzXoyfaDZRoK0/edit#range='WV3-s1'!A135
WV3,P02,C13,ABLR2_WV3_s1_r000_P02_C13_SS791002_FRESH50,ABLR2 RR_VAL_SELECTED,49490,0.9531085316,0.0321748998,0.01521762731,2.050870277,2.78360115,37.97174392,0.9879773826,0.9215519908,TPLUS,791002,6279c616ae17b9ea27f23aa156321a35eea57e438c8155521a722477b5a39bfd,WV3-s1,134,https://docs.google.com/spreadsheets/d/1_-3KY2DbSk_AOAuExf_ENbe5jAbhFRxzXoyfaDZRoK0/edit#range='WV3-s1'!A134
WV3,P02,C14,ABLR2_WV3_s1_r000_P02_C14_SS791002_FRESH50,ABLR2 RR_VAL_SELECTED,49490,0.9509988217,0.03415126529,0.01538330539,2.0473814,2.782117063,37.9795945,0.9880325084,0.9217117276,TPLUS,791002,94daa07566eb0111dc03315e0c062b25089354525c2e75cfc226e025c97a9e2c,WV3-s1,133,https://docs.google.com/spreadsheets/d/1_-3KY2DbSk_AOAuExf_ENbe5jAbhFRxzXoyfaDZRoK0/edit#range='WV3-s1'!A133
WV3,P02,C15,ABLR2_WV3_s1_r000_P02_C15_SS791002_FRESH50,ABLR2 RR_VAL_SELECTED,49490,0.9554742155,0.02940702618,0.01558223404,2.048932706,2.783621896,37.97468569,0.9880143621,0.9216479666,TPLUS,791002,7b879aceb4df994fe7d85648e6e9294aee2ec76411a08951621dd20eb8111d12,WV3-s1,132,https://docs.google.com/spreadsheets/d/1_-3KY2DbSk_AOAuExf_ENbe5jAbhFRxzXoyfaDZRoK0/edit#range='WV3-s1'!A132
WV3,P02,C16,ABLR2_WV3_s1_r000_P02_C16_SS791002_FRESH50,ABLR2 RR_VAL_SELECTED,50000,0.9548689359,0.02979264488,0.01582525117,2.046725303,2.782447127,37.98243974,0.988031811,0.9215994795,TPLUS,791002,220abc898bedec48b5847a081345261a1cba96e836144b9684e08ac52f14f779,WV3-s1,131,https://docs.google.com/spreadsheets/d/1_-3KY2DbSk_AOAuExf_ENbe5jAbhFRxzXoyfaDZRoK0/edit#range='WV3-s1'!A131
WV3,P02,C17,ABLR2_WV3_s1_r000_P02_C17_SS791002_FRESH50,ABLR2 RR_VAL_SELECTED,50000,0.9581281082,0.02595579599,0.01635139421,2.046186791,2.776587567,37.98891802,0.9880306907,0.921941508,TZERO,791002,5ce7cd7abdac20badf46067e9444722f8d25884b4eac15a04e0b72f6ce2fa5a1,WV3-s1,140,https://docs.google.com/spreadsheets/d/1_-3KY2DbSk_AOAuExf_ENbe5jAbhFRxzXoyfaDZRoK0/edit#range='WV3-s1'!A140
WV3,P02,TPLUS,ABLR2_WV3_s1_r000_P02_TPLUS_TS781002_FRESH50,ABLR2 RR_VAL_SELECTED,49490,0.9497509692,0.02921445435,0.02168224314,2.040733791,2.767982152,38.00545875,0.988098284,0.9218920247,TPLUS,781002,091fa30f38c7243a7a5bd8be2a569f71ae3e76b5a7548ede85b2cb8cc1f92bf2,WV3-s1,126,https://docs.google.com/spreadsheets/d/1_-3KY2DbSk_AOAuExf_ENbe5jAbhFRxzXoyfaDZRoK0/edit#range='WV3-s1'!A126
WV3,P02,TZERO,ABLR2_WV3_s1_r000_P02_TZERO_TS781002_FRESH50,ABLR2 RR_VAL_SELECTED,49490,0.9502289916,0.02685728412,0.02357394992,2.042759241,2.768236325,38.00117897,0.9881083251,0.9220659227,TZERO,781002,e94d702b9b227e5de4d2d132a183e239ff143b8f27491cfcee1d91d66aaefd89,WV3-s1,125,https://docs.google.com/spreadsheets/d/1_-3KY2DbSk_AOAuExf_ENbe5jAbhFRxzXoyfaDZRoK0/edit#range='WV3-s1'!A125
WV3,P03,C00,ABLR2_WV3_s1_r000_P03_C00_SS791003_FRESH50,ABLR2 RR_VAL_SELECTED,49490,0.9513296511,0.02733131567,0.02196342957,2.055156553,2.779766517,37.95982548,0.9879158272,0.9211736791,NONE,791003,068066dd9fbd4debc288a2bdaff34921c9d569983f33b6571081bdf22218d2c5,WV3-s1,156,https://docs.google.com/spreadsheets/d/1_-3KY2DbSk_AOAuExf_ENbe5jAbhFRxzXoyfaDZRoK0/edit#range='WV3-s1'!A156
WV3,P03,C01,ABLR2_WV3_s1_r000_P03_C01_SS791003_FRESH50,ABLR2 RR_VAL_SELECTED,49490,0.9529976442,0.02893954615,0.01862096819,2.053168443,2.779690789,37.96040143,0.9878689188,0.9218560801,NONE,791003,0b03b3a4e0c5058e67ba1c8156c2f37adbcfb91ba6093c5c4581af38dc5c2153,WV3-s1,157,https://docs.google.com/spreadsheets/d/1_-3KY2DbSk_AOAuExf_ENbe5jAbhFRxzXoyfaDZRoK0/edit#range='WV3-s1'!A157
WV3,P03,C02,ABLR2_WV3_s1_r000_P03_C02_SS791003_FRESH50,ABLR2 RR_VAL_SELECTED,50000,0.9529501825,0.02910288474,0.0185069501,2.053523062,2.784023601,37.9610628,0.9879147287,0.9211154061,NONE,791003,fa52b7c4722562139dce843b3e53b7303567a1938ce4a0e316479fac5e132a69,WV3-s1,158,https://docs.google.com/spreadsheets/d/1_-3KY2DbSk_AOAuExf_ENbe5jAbhFRxzXoyfaDZRoK0/edit#range='WV3-s1'!A158
WV3,P03,C03,ABLR2_WV3_s1_r000_P03_C03_SS791003_FRESH50,ABLR2 RR_VAL_SELECTED,49490,0.9550551232,0.02848912828,0.01695435291,2.045234864,2.773727476,37.99163614,0.9880623738,0.9216233787,TPLUS,791003,61bd38107a098798daaa615282786050d1b00f600f49b58b826008b8f6bb6a79,WV3-s1,159,https://docs.google.com/spreadsheets/d/1_-3KY2DbSk_AOAuExf_ENbe5jAbhFRxzXoyfaDZRoK0/edit#range='WV3-s1'!A159
WV3,P03,C04,ABLR2_WV3_s1_r000_P03_C04_SS791003_FRESH50,ABLR2 RR_VAL_SELECTED,49490,0.952864725,0.02817868296,0.01953184566,2.046893897,2.771669352,37.99076689,0.9880230564,0.9217296588,TPLUS,791003,fce856cd34d6c71901d370cea8a84fc82fea0479455cceb9b05ad6e064a7e1a3,WV3-s1,161,https://docs.google.com/spreadsheets/d/1_-3KY2DbSk_AOAuExf_ENbe5jAbhFRxzXoyfaDZRoK0/edit#range='WV3-s1'!A161
WV3,P03,C05,ABLR2_WV3_s1_r000_P03_C05_SS791003_FRESH50,ABLR2 RR_VAL_SELECTED,49490,0.9515258369,0.03242914047,0.01658949814,2.049463841,2.778922152,37.97613943,0.9880198752,0.9213100271,TPLUS,791003,65c7bb7ee372542dab232de0c3060283fa2f117ee3847e40ececb15761dd176e,WV3-s1,162,https://docs.google.com/spreadsheets/d/1_-3KY2DbSk_AOAuExf_ENbe5jAbhFRxzXoyfaDZRoK0/edit#range='WV3-s1'!A162
WV3,P03,C06,ABLR2_WV3_s1_r000_P03_C06_SS791003_FRESH50,ABLR2 RR_VAL_SELECTED,49490,0.9493805672,0.03466181859,0.01653489343,2.049239226,2.779680413,37.97514647,0.9879766624,0.9219069847,TPLUS,791003,bb7262ca945bb91b27e0d4249c9ebaa28e1677f305f0516f337d8fa4a8bff201,WV3-s1,163,https://docs.google.com/spreadsheets/d/1_-3KY2DbSk_AOAuExf_ENbe5jAbhFRxzXoyfaDZRoK0/edit#range='WV3-s1'!A163
WV3,P03,C07,ABLR2_WV3_s1_r000_P03_C07_SS791003_FRESH50,ABLR2 RR_VAL_SELECTED,49490,0.9495014391,0.03379308284,0.01729386816,2.051705115,2.781312821,37.96198868,0.9878769522,0.9211962469,TPLUS,791003,547dac7effd63bbea2fd2bf83e6a7f8679824500023d0e94285e04797ab6f3fe,WV3-s1,164,https://docs.google.com/spreadsheets/d/1_-3KY2DbSk_AOAuExf_ENbe5jAbhFRxzXoyfaDZRoK0/edit#range='WV3-s1'!A164
WV3,P03,C08,ABLR2_WV3_s1_r000_P03_C08_SS791003_FRESH50,ABLR2 RR_VAL_SELECTED,49490,0.9514139625,0.02652192542,0.02268367397,2.056488904,2.786232918,37.94288955,0.9878251008,0.9209001037,TPLUS,791003,91d742bae87fe96e23fd8d25e2a6f355ae53df6278f040ab8bb569d18f53e076,WV3-s1,148,https://docs.google.com/spreadsheets/d/1_-3KY2DbSk_AOAuExf_ENbe5jAbhFRxzXoyfaDZRoK0/edit#range='WV3-s1'!A148
WV3,P03,C09,ABLR2_WV3_s1_r000_P03_C09_SS791003_FRESH50,ABLR2 RR_VAL_SELECTED,49490,0.9531194403,0.02941140835,0.01800844002,2.053070837,2.786210655,37.96175415,0.9879503941,0.9211686476,TPLUS,791003,c7a16005ff00c7185ac5e4a7fb48c32ad64ba074d3382c5049818835afbfbd63,WV3-s1,149,https://docs.google.com/spreadsheets/d/1_-3KY2DbSk_AOAuExf_ENbe5jAbhFRxzXoyfaDZRoK0/edit#range='WV3-s1'!A149
WV3,P03,C10,ABLR2_WV3_s1_r000_P03_C10_SS791003_FRESH50,ABLR2 RR_VAL_SELECTED,50000,0.9530130813,0.03070995202,0.01680479883,2.048125921,2.774790012,37.97818975,0.9879906779,0.921830546,NONE,791003,3b0f81a936b32c375efa2ff4ca12dbe2b7dd914b391e961f54bd69053cf7e626,WV3-s1,150,https://docs.google.com/spreadsheets/d/1_-3KY2DbSk_AOAuExf_ENbe5jAbhFRxzXoyfaDZRoK0/edit#range='WV3-s1'!A150
WV3,P03,C11,ABLR2_WV3_s1_r000_P03_C11_SS791003_FRESH50,ABLR2 RR_VAL_SELECTED,50000,0.9565700396,0.02812007868,0.01576258261,2.05019911,2.78071812,37.9742596,0.9879799758,0.9212058977,TZERO,791003,86c56d01a328c2530b327d7e8f99e9102de62e01c07edd145217380a42f1dc45,WV3-s1,151,https://docs.google.com/spreadsheets/d/1_-3KY2DbSk_AOAuExf_ENbe5jAbhFRxzXoyfaDZRoK0/edit#range='WV3-s1'!A151
WV3,P03,C12,ABLR2_WV3_s1_r000_P03_C12_SS791003_FRESH50,ABLR2 RR_VAL_SELECTED,50000,0.9484348562,0.03369078292,0.01851405363,2.04796683,2.776019278,37.97753835,0.9880060792,0.9217916051,TPLUS,791003,6f6c9b6a082897a6881323880ffde7366f462734cbf490985ab314231f73073a,WV3-s1,152,https://docs.google.com/spreadsheets/d/1_-3KY2DbSk_AOAuExf_ENbe5jAbhFRxzXoyfaDZRoK0/edit#range='WV3-s1'!A152
WV3,P03,C13,ABLR2_WV3_s1_r000_P03_C13_SS791003_FRESH50,ABLR2 RR_VAL_SELECTED,49490,0.9525917348,0.03239049045,0.01552497981,2.053812666,2.782232173,37.96151934,0.9879052279,0.921356234,TPLUS,791003,71f0337eca44485daad400dff712526cbcacfad30b659f428fb4a29b56b1448f,WV3-s1,153,https://docs.google.com/spreadsheets/d/1_-3KY2DbSk_AOAuExf_ENbe5jAbhFRxzXoyfaDZRoK0/edit#range='WV3-s1'!A153
WV3,P03,C15,ABLR2_WV3_s1_r000_P03_C15_SS791003_FRESH50,ABLR2 RR_VAL_SELECTED,49490,0.9538264436,0.0307941386,0.01587654162,2.050497759,2.784570252,37.96656418,0.9879636278,0.9210982217,TPLUS,791003,5dc451d96c74c7d266839d9c61d22447034e29909d9a6c8ba3b85634011bcc6d,WV3-s1,154,https://docs.google.com/spreadsheets/d/1_-3KY2DbSk_AOAuExf_ENbe5jAbhFRxzXoyfaDZRoK0/edit#range='WV3-s1'!A154
WV3,P03,C16,ABLR2_WV3_s1_r000_P03_C16_SS791003_FRESH50,ABLR2 RR_VAL_SELECTED,50000,0.9527166043,0.03107260585,0.01674081509,2.051549339,2.783774655,37.96594309,0.9879386532,0.9214334167,TPLUS,791003,bcc8c3df6eaec0a96a29df7e4ceefe4a6d16dfabba6ea322031515b9b0f43af3,WV3-s1,155,https://docs.google.com/spreadsheets/d/1_-3KY2DbSk_AOAuExf_ENbe5jAbhFRxzXoyfaDZRoK0/edit#range='WV3-s1'!A155
WV3,P03,C17,ABLR2_WV3_s1_r000_P03_C17_SS791003_FRESH50,ABLR2 RR_VAL_SELECTED,49490,0.9500868927,0.032578959,0.01793777484,2.046233338,2.772773603,37.98474614,0.9880037533,0.9216293699,TZERO,791003,19969f06727017f94acf4514dfa09d4372b4d4660366c43f294e2d0a56ee0a87,WV3-s1,160,https://docs.google.com/spreadsheets/d/1_-3KY2DbSk_AOAuExf_ENbe5jAbhFRxzXoyfaDZRoK0/edit#range='WV3-s1'!A160
WV3,P03,TPLUS,ABLR2_WV3_s1_r000_P03_TPLUS_TS781003_FRESH50,ABLR2 RR_VAL_SELECTED,50000,0.9495975651,0.02880327487,0.02225822975,2.04586409,2.77032465,37.98872013,0.988002232,0.9220661633,TPLUS,781003,f2605880ebbb6ecbd73047508ec81c2454846a73769bedbb791bf5b4fcb44c01,WV3-s1,146,https://docs.google.com/spreadsheets/d/1_-3KY2DbSk_AOAuExf_ENbe5jAbhFRxzXoyfaDZRoK0/edit#range='WV3-s1'!A146
WV3,P03,TZERO,ABLR2_WV3_s1_r000_P03_TZERO_TS781003_FRESH50,ABLR2 RR_VAL_SELECTED,50000,0.9508996022,0.02794905539,0.02177645794,2.045419416,2.770341217,37.98669014,0.9880335438,0.9217890322,TZERO,781003,116fdf81af60a8d723929c2c6de7455f73870600617ce439d58eab2a969352d8,WV3-s1,147,https://docs.google.com/spreadsheets/d/1_-3KY2DbSk_AOAuExf_ENbe5jAbhFRxzXoyfaDZRoK0/edit#range='WV3-s1'!A147
WV3,P04,C00,ABLR2_WV3_s1_r000_P04_C00_SS791004_FRESH50,ABLR2 RR_VAL_SELECTED,49490,0.9509109072,0.02601542342,0.02370441954,2.052790113,2.779256028,37.95411055,0.9878648397,0.9217768698,NONE,791004,6ccf607dd3d584900f9ad94f35c33793d62018c16cf466518df3986b95d35d60,WV3-s1,179,https://docs.google.com/spreadsheets/d/1_-3KY2DbSk_AOAuExf_ENbe5jAbhFRxzXoyfaDZRoK0/edit#range='WV3-s1'!A179
WV3,P04,C01,ABLR2_WV3_s1_r000_P04_C01_SS791004_FRESH50,ABLR2 RR_VAL_SELECTED,50000,0.9542082011,0.02870161368,0.01761592686,2.046778588,2.775986032,37.98563252,0.9879927209,0.9212632782,NONE,791004,c69b31cd544ec44e1efc992967609561773221c7c1ca524ccf4624b2ae25dd82,WV3-s1,178,https://docs.google.com/spreadsheets/d/1_-3KY2DbSk_AOAuExf_ENbe5jAbhFRxzXoyfaDZRoK0/edit#range='WV3-s1'!A178
WV3,P04,C02,ABLR2_WV3_s1_r000_P04_C02_SS791004_FRESH50,ABLR2 RR_VAL_SELECTED,50000,0.9532667092,0.02914682552,0.01812732967,2.042084588,2.771996997,38.0036833,0.9880905284,0.9216839647,NONE,791004,56052a0ec5958297ddefbff2ea940e6213622d9c950eb80ab6858c2c37e828e7,WV3-s1,177,https://docs.google.com/spreadsheets/d/1_-3KY2DbSk_AOAuExf_ENbe5jAbhFRxzXoyfaDZRoK0/edit#range='WV3-s1'!A177
WV3,P04,C03,ABLR2_WV3_s1_r000_P04_C03_SS791004_FRESH50,ABLR2 RR_VAL_SELECTED,50000,0.9556734379,0.02661589697,0.01820428533,2.049697662,2.776081335,37.97105691,0.9878972652,0.9217195329,TPLUS,791004,2b3e7bab137e73a0f6301130428a34f85311b0f571956675066d67e00f63567e,WV3-s1,175,https://docs.google.com/spreadsheets/d/1_-3KY2DbSk_AOAuExf_ENbe5jAbhFRxzXoyfaDZRoK0/edit#range='WV3-s1'!A175
WV3,P04,C04,ABLR2_WV3_s1_r000_P04_C04_SS791004_FRESH50,ABLR2 RR_VAL_SELECTED,50000,0.9573627037,0.02509581463,0.01801002398,2.045850361,2.768853417,37.99014001,0.9879557018,0.9217517536,TPLUS,791004,03ab66117864c2fee7bf4e132113d9d171b5a47d38c2de263698d8f5359b2f0b,WV3-s1,174,https://docs.google.com/spreadsheets/d/1_-3KY2DbSk_AOAuExf_ENbe5jAbhFRxzXoyfaDZRoK0/edit#range='WV3-s1'!A174
WV3,P04,C05,ABLR2_WV3_s1_r000_P04_C05_SS791004_FRESH50,ABLR2 RR_VAL_SELECTED,50000,0.9554085566,0.02893020531,0.01612935096,2.056030586,2.790060085,37.94266691,0.9878654353,0.9214659997,TPLUS,791004,a1d9c568650a46a5ec34cbe76185bda12cd6f64f41fb5f8fde7b69f673113a07,WV3-s1,173,https://docs.google.com/spreadsheets/d/1_-3KY2DbSk_AOAuExf_ENbe5jAbhFRxzXoyfaDZRoK0/edit#range='WV3-s1'!A173
WV3,P04,C06,ABLR2_WV3_s1_r000_P04_C06_SS791004_FRESH50,ABLR2 RR_VAL_SELECTED,50000,0.9534275443,0.03136613681,0.01570261352,2.051766243,2.786577553,37.96112375,0.9879611738,0.9213654327,TPLUS,791004,6cd952b9128db241142f55a1b1e6c1479cdbf983111c03b9b174cd492949b7d7,WV3-s1,172,https://docs.google.com/spreadsheets/d/1_-3KY2DbSk_AOAuExf_ENbe5jAbhFRxzXoyfaDZRoK0/edit#range='WV3-s1'!A172
WV3,P04,C07,ABLR2_WV3_s1_r000_P04_C07_SS791004_FRESH50,ABLR2 RR_VAL_SELECTED,50000,0.9560622333,0.02834507095,0.01604619083,2.051989567,2.787166485,37.95883317,0.9878798015,0.9214837535,TPLUS,791004,18fe0b1113b29ef36a7cf126d1176b0367251d3f69cc3abbb1b3785889fa4396,WV3-s1,171,https://docs.google.com/spreadsheets/d/1_-3KY2DbSk_AOAuExf_ENbe5jAbhFRxzXoyfaDZRoK0/edit#range='WV3-s1'!A171
WV3,P04,C08,ABLR2_WV3_s1_r000_P04_C08_SS791004_FRESH50,ABLR2 RR_VAL_SELECTED,50000,0.9526525615,0.02558853303,0.02234716444,2.054329352,2.787381406,37.95011827,0.9879130813,0.9215185267,TPLUS,791004,4fbfb761951682c2bd96d674d24a7b790e9f2601b8512b544429981b58f1a029,WV3-s1,170,https://docs.google.com/spreadsheets/d/1_-3KY2DbSk_AOAuExf_ENbe5jAbhFRxzXoyfaDZRoK0/edit#range='WV3-s1'!A170
WV3,P04,C09,ABLR2_WV3_s1_r000_P04_C09_SS791004_FRESH50,ABLR2 RR_VAL_SELECTED,50000,0.9515326263,0.0311311435,0.01790021666,2.047783199,2.78143318,37.98226165,0.9880369031,0.9214089967,TPLUS,791004,2e8e4089a71a0bc227e5374825eaf804ea77af98739744b0882cc86428f42ddb,WV3-s1,169,https://docs.google.com/spreadsheets/d/1_-3KY2DbSk_AOAuExf_ENbe5jAbhFRxzXoyfaDZRoK0/edit#range='WV3-s1'!A169
WV3,P04,C10,ABLR2_WV3_s1_r000_P04_C10_SS791004_FRESH50,ABLR2 RR_VAL_SELECTED,50000,0.9553185814,0.02759097231,0.01759212118,2.049992796,2.77459437,37.9727591,0.9879424163,0.9219745259,NONE,791004,693d088793b37c9b95ba7fd68726c0e3c4aaab63de1d3b4f8a3c65de5f523e3f,WV3-s1,168,https://docs.google.com/spreadsheets/d/1_-3KY2DbSk_AOAuExf_ENbe5jAbhFRxzXoyfaDZRoK0/edit#range='WV3-s1'!A168
WV3,P04,C11,ABLR2_WV3_s1_r000_P04_C11_SS791004_FRESH50,ABLR2 RR_VAL_SELECTED,50000,0.9539662569,0.0302529213,0.01626936099,2.050269349,2.784029997,37.97263749,0.9879885076,0.921404087,TZERO,791004,97d375667732d94de1d9b3add48c3c8ec84a915a47e67c3d8b60107f3624178d,WV3-s1,167,https://docs.google.com/spreadsheets/d/1_-3KY2DbSk_AOAuExf_ENbe5jAbhFRxzXoyfaDZRoK0/edit#range='WV3-s1'!A167
WV3,P04,C12,ABLR2_WV3_s1_r000_P04_C12_SS791004_FRESH50,ABLR2 RR_VAL_SELECTED,50000,0.9518937533,0.03137510588,0.017293127,2.046238074,2.772578417,37.98581138,0.9880150471,0.9216777214,TPLUS,791004,d4c6b856e5f03f8aca50b8568f3b70a6bfe9f4628ee2d9318c9f94f0053016c0,WV3-s1,184,https://docs.google.com/spreadsheets/d/1_-3KY2DbSk_AOAuExf_ENbe5jAbhFRxzXoyfaDZRoK0/edit#range='WV3-s1'!A184
WV3,P04,C13,ABLR2_WV3_s1_r000_P04_C13_SS791004_FRESH50,ABLR2 RR_VAL_SELECTED,48480,0.9536054186,0.03088507573,0.01601380022,2.049565536,2.783782008,37.97216036,0.9880064459,0.9217655809,TPLUS,791004,f8aa748f84704c7c7dcaa636c48f735ca64721b94a032463fce1f48264b2d537,WV3-s1,183,https://docs.google.com/spreadsheets/d/1_-3KY2DbSk_AOAuExf_ENbe5jAbhFRxzXoyfaDZRoK0/edit#range='WV3-s1'!A183
WV3,P04,C14,ABLR2_WV3_s1_r000_P04_C14_SS791004_FRESH50,ABLR2 RR_VAL_SELECTED,50000,0.9543563303,0.02960464208,0.01652891575,2.053737882,2.784508707,37.95083623,0.987861421,0.9215492099,TPLUS,791004,552cd10c191f1b691f8e839b9a816b945a40c0e1d0eda4d3bf81550028c644d0,WV3-s1,182,https://docs.google.com/spreadsheets/d/1_-3KY2DbSk_AOAuExf_ENbe5jAbhFRxzXoyfaDZRoK0/edit#range='WV3-s1'!A182
WV3,P04,C15,ABLR2_WV3_s1_r000_P04_C15_SS791004_FRESH50,ABLR2 RR_VAL_SELECTED,50000,0.9523337943,0.03269386699,0.01548184346,2.050445999,2.784017706,37.96966398,0.9879730549,0.9215709346,TPLUS,791004,b4fada16302a5bf9f51a71b127fba77664c78f58e8370abb1b818aab832dd450,WV3-s1,181,https://docs.google.com/spreadsheets/d/1_-3KY2DbSk_AOAuExf_ENbe5jAbhFRxzXoyfaDZRoK0/edit#range='WV3-s1'!A181
WV3,P04,C16,ABLR2_WV3_s1_r000_P04_C16_SS791004_FRESH50,ABLR2 RR_VAL_SELECTED,50000,0.9541641269,0.02926835137,0.01706967507,2.047637863,2.783362301,37.97764465,0.9880509751,0.9212843194,TPLUS,791004,76835edf915957e855ec56060b987f7f9bf83cdcbeef097709e77cc104223179,WV3-s1,180,https://docs.google.com/spreadsheets/d/1_-3KY2DbSk_AOAuExf_ENbe5jAbhFRxzXoyfaDZRoK0/edit#range='WV3-s1'!A180
WV3,P04,C17,ABLR2_WV3_s1_r000_P04_C17_SS791004_FRESH50,ABLR2 RR_VAL_SELECTED,50000,0.9565378152,0.02586299147,0.01808114746,2.045063904,2.771625957,37.99304534,0.9880491547,0.9215999731,TZERO,791004,3ae926f9fee8187c29a493c4735bb220313202d5870385619b2cd1b56009a560,WV3-s1,176,https://docs.google.com/spreadsheets/d/1_-3KY2DbSk_AOAuExf_ENbe5jAbhFRxzXoyfaDZRoK0/edit#range='WV3-s1'!A176
WV3,P04,TPLUS,ABLR2_WV3_s1_r000_P04_TPLUS_TS781004_FRESH50,ABLR2 RR_VAL_SELECTED,50000,0.9529150476,0.02687526376,0.02076926449,2.041189525,2.768465519,38.00310108,0.9881123717,0.9221219756,TPLUS,781004,0ecc94fa41cb575c8d8482cc94eb328cffb5a0d74e4e03de2a73c6907188570d,WV3-s1,166,https://docs.google.com/spreadsheets/d/1_-3KY2DbSk_AOAuExf_ENbe5jAbhFRxzXoyfaDZRoK0/edit#range='WV3-s1'!A166
WV3,P04,TZERO,ABLR2_WV3_s1_r000_P04_TZERO_TS781004_FRESH50,ABLR2 RR_VAL_SELECTED,50000,0.9536981538,0.02630714228,0.02054128187,2.041976622,2.768904384,38.00354596,0.9880807381,0.9219060769,TZERO,781004,987090405fe3312c0ddaba0fdde5fe7ac384d384d284b1c9ae7e8beb6325c021,WV3-s1,165,https://docs.google.com/spreadsheets/d/1_-3KY2DbSk_AOAuExf_ENbe5jAbhFRxzXoyfaDZRoK0/edit#range='WV3-s1'!A165
WV3,P05,C00,ABLR2_WV3_s1_r000_P05_C00_SS791005_FRESH50,ABLR2 RR_VAL_SELECTED,49490,0.9497647872,0.02852180843,0.02237722508,2.052549965,2.781637242,37.95664486,0.9878966391,0.9210090589,NONE,791005,20e44717323c10c9a7ddc5879bca401a9d13fbee2be88a737d046522249c50c7,WV3-s1,188,https://docs.google.com/spreadsheets/d/1_-3KY2DbSk_AOAuExf_ENbe5jAbhFRxzXoyfaDZRoK0/edit#range='WV3-s1'!A188
WV3,P05,C01,ABLR2_WV3_s1_r000_P05_C01_SS791005_FRESH50,ABLR2 RR_VAL_SELECTED,49490,0.955213514,0.02991673357,0.01533900071,2.045785915,2.769787163,37.98572167,0.988020158,0.9221454901,NONE,791005,008745251f6705d2dc4dc6e75e29791ed70511546e814cd2e124975e3780f4b3,WV3-s1,189,https://docs.google.com/spreadsheets/d/1_-3KY2DbSk_AOAuExf_ENbe5jAbhFRxzXoyfaDZRoK0/edit#range='WV3-s1'!A189
WV3,P05,C02,ABLR2_WV3_s1_r000_P05_C02_SS791005_FRESH50,ABLR2 RR_VAL_SELECTED,49490,0.9570925422,0.0273070569,0.01605206955,2.04755517,2.773934152,37.98689375,0.9880100808,0.9216996572,NONE,791005,c6281b5e4dc67be5beb1af84123a9fabbd2e1c16c2c1be52c3dd45dcab2c1c9f,WV3-s1,190,https://docs.google.com/spreadsheets/d/1_-3KY2DbSk_AOAuExf_ENbe5jAbhFRxzXoyfaDZRoK0/edit#range='WV3-s1'!A190
WV3,P05,C03,ABLR2_WV3_s1_r000_P05_C03_SS791005_FRESH50,ABLR2 RR_VAL_SELECTED,49490,0.955047117,0.02898419496,0.0164561596,2.046886948,2.777477871,37.97720661,0.987981744,0.9219285564,TPLUS,791005,ba76288bcc5aef2f6bb0565562c3b666ee7f66f40b1f21b2e3d13daa684b16bc,WV3-s1,191,https://docs.google.com/spreadsheets/d/1_-3KY2DbSk_AOAuExf_ENbe5jAbhFRxzXoyfaDZRoK0/edit#range='WV3-s1'!A191
WV3,P05,C04,ABLR2_WV3_s1_r000_P05_C04_SS791005_FRESH50,ABLR2 RR_VAL_SELECTED,49490,0.9541213418,0.02959361289,0.01680659434,2.042945047,2.768852493,38.0027978,0.9880613393,0.921903481,TPLUS,791005,7d7e3b4e9328e4e0f2d00eaef74c704db484ac1b9c5a4c6783c78817d57a6e6f,WV3-s1,193,https://docs.google.com/spreadsheets/d/1_-3KY2DbSk_AOAuExf_ENbe5jAbhFRxzXoyfaDZRoK0/edit#range='WV3-s1'!A193
WV3,P05,C05,ABLR2_WV3_s1_r000_P05_C05_SS791005_FRESH50,ABLR2 RR_VAL_SELECTED,49490,0.9542046603,0.03018173006,0.01610817087,2.053907304,2.784737479,37.95656505,0.9878840439,0.9215756525,TPLUS,791005,3df91d11a924afca085484c3965e6589d0e81ea5f98a5acade8b2e0607ec7d0f,WV3-s1,194,https://docs.google.com/spreadsheets/d/1_-3KY2DbSk_AOAuExf_ENbe5jAbhFRxzXoyfaDZRoK0/edit#range='WV3-s1'!A194
WV3,P05,C06,ABLR2_WV3_s1_r000_P05_C06_SS791005_FRESH50,ABLR2 RR_VAL_SELECTED,49490,0.9530877848,0.03153901969,0.01588745343,2.050367823,2.781758608,37.96466183,0.9879104652,0.9218069374,TPLUS,791005,fedfbddb1a7c99fff0e26ce484482419133822d2e1acb61301b8b3da0eabe0cd,WV3-s1,195,https://docs.google.com/spreadsheets/d/1_-3KY2DbSk_AOAuExf_ENbe5jAbhFRxzXoyfaDZRoK0/edit#range='WV3-s1'!A195
WV3,P05,C07,ABLR2_WV3_s1_r000_P05_C07_SS791005_FRESH50,ABLR2 RR_VAL_SELECTED,49490,0.9553475234,0.02939551182,0.01573521991,2.049055607,2.783026601,37.97084218,0.9879615873,0.9215448858,TPLUS,791005,377370dcbb935d149b50c2ef74dbdf24bade220736648e215f75c1ad02047066,WV3-s1,196,https://docs.google.com/spreadsheets/d/1_-3KY2DbSk_AOAuExf_ENbe5jAbhFRxzXoyfaDZRoK0/edit#range='WV3-s1'!A196
WV3,P05,C08,ABLR2_WV3_s1_r000_P05_C08_SS791005_FRESH50,ABLR2 RR_VAL_SELECTED,49490,0.9497867605,0.02928646921,0.02157795782,2.049084105,2.781256462,37.97191794,0.9879509144,0.9216304298,TPLUS,791005,eeb942dd08846c40f1e712dd906c409f98c6ec7fa4ad9afca5561c47c1b0f719,WV3-s1,197,https://docs.google.com/spreadsheets/d/1_-3KY2DbSk_AOAuExf_ENbe5jAbhFRxzXoyfaDZRoK0/edit#range='WV3-s1'!A197
WV3,P05,C09,ABLR2_WV3_s1_r000_P05_C09_SS791005_FRESH50,ABLR2 RR_VAL_SELECTED,50000,0.9539753383,0.02981637232,0.01671955043,2.051116742,2.78416053,37.96487804,0.9879380499,0.9216737476,TPLUS,791005,0a6d3cfc8c6745bc1311d4a15055d6b1eb0a24b70f616e9e3dd051888e93ad00,WV3-s1,198,https://docs.google.com/spreadsheets/d/1_-3KY2DbSk_AOAuExf_ENbe5jAbhFRxzXoyfaDZRoK0/edit#range='WV3-s1'!A198
WV3,P05,C16,ABLR2_WV3_s1_r000_P05_C16_SS791005_FRESH50,ABLR2 RR_VAL_SELECTED,49490,0.953742442,0.0307905384,0.01596818204,2.052381731,2.785421995,37.95937204,0.987906746,0.9215851499,TPLUS,791005,94f36eecd9a04dfae1e9cd6c3067518ecfea1c432c60be8f1a9f9813f71208a1,WV3-s1,187,https://docs.google.com/spreadsheets/d/1_-3KY2DbSk_AOAuExf_ENbe5jAbhFRxzXoyfaDZRoK0/edit#range='WV3-s1'!A187
WV3,P05,C17,ABLR2_WV3_s1_r000_P05_C17_SS791005_FRESH50,ABLR2 RR_VAL_SELECTED,49490,0.9545403259,0.02926406714,0.01668563446,2.04766096,2.776526034,37.98288884,0.9880078271,0.9218508825,TZERO,791005,ca0925e47afb1cf0b03718762b0a160418e8f03a880b9bb7c8dc525712ee220f,WV3-s1,192,https://docs.google.com/spreadsheets/d/1_-3KY2DbSk_AOAuExf_ENbe5jAbhFRxzXoyfaDZRoK0/edit#range='WV3-s1'!A192
WV3,P05,TPLUS,ABLR2_WV3_s1_r000_P05_TPLUS_TS781005_FRESH50,ABLR2 RR_VAL_SELECTED,50000,0.9523055002,0.02697095806,0.0213114284,2.047728678,2.769837852,37.9810426,0.9880069821,0.9219156395,TPLUS,781005,7d6db293fcaff9b1ae153dce10cbfa2a4076c2545f74dd38d62ed7405661b642,WV3-s1,185,https://docs.google.com/spreadsheets/d/1_-3KY2DbSk_AOAuExf_ENbe5jAbhFRxzXoyfaDZRoK0/edit#range='WV3-s1'!A185
WV3,P05,TZERO,ABLR2_WV3_s1_r000_P05_TZERO_TS781005_FRESH50,ABLR2 RR_VAL_SELECTED,50000,0.9539423418,0.02666906797,0.01993025082,2.043352442,2.766434175,37.9999235,0.9880563336,0.9220345108,TZERO,781005,7b3de25b2300b98845d6c3194a5297bdf2e69142bd44f2c520f729286edc5cd2,WV3-s1,186,https://docs.google.com/spreadsheets/d/1_-3KY2DbSk_AOAuExf_ENbe5jAbhFRxzXoyfaDZRoK0/edit#range='WV3-s1'!A186
QB,P01,C00,ABLR2_QB_s2_r000_P01_C00_SS891001_FRESH50,ABLR2 RR_VAL_SELECTED,45450,0.9124193922,0.0218995854,0.06739587458,3.596703417,4.405268108,38.24281889,0.9828992272,0.9359264924,NONE,891001,e058c78a4e2364d4949bddca26855dbe8552363fe5da7165b3140ebe065b6d3d,QB-s2,16,https://docs.google.com/spreadsheets/d/1_-3KY2DbSk_AOAuExf_ENbe5jAbhFRxzXoyfaDZRoK0/edit#range='QB-s2'!A16
QB,P01,C01,ABLR2_QB_s2_r000_P01_C01_SS891001_FRESH50,ABLR2 RR_VAL_SELECTED,50000,0.9302550896,0.0263399733,0.04472644083,3.560260923,4.381615523,38.32885149,0.9833992313,0.9368219632,NONE,891001,a7004cd6840e9878224005f5fcdacba0acafc7d4927968302085fcfc94c7a75f,QB-s2,17,https://docs.google.com/spreadsheets/d/1_-3KY2DbSk_AOAuExf_ENbe5jAbhFRxzXoyfaDZRoK0/edit#range='QB-s2'!A17
QB,P01,C02,ABLR2_QB_s2_r000_P01_C02_SS891001_FRESH50,ABLR2 RR_VAL_SELECTED,50000,0.925295776,0.03133223727,0.04483582893,3.559790006,4.377817247,38.32489496,0.9834341678,0.9371311648,NONE,891001,8fe68078ecae941c1a8d64f07111f174ff4edcb5e9c9eb84d8eab2cecd4df93b,QB-s2,18,https://docs.google.com/spreadsheets/d/1_-3KY2DbSk_AOAuExf_ENbe5jAbhFRxzXoyfaDZRoK0/edit#range='QB-s2'!A18
QB,P01,C03,ABLR2_QB_s2_r000_P01_C03_SS891001_FRESH50,ABLR2 RR_VAL_SELECTED,50000,0.9208538788,0.03468045335,0.04615840917,3.559646705,4.378084507,38.33134208,0.9834187197,0.9370342296,TPLUS,891001,c9b031ffb2d1da5bb923763df8e69d7e1e0797ac10498b9e988f3a4cefb79f35,QB-s2,19,https://docs.google.com/spreadsheets/d/1_-3KY2DbSk_AOAuExf_ENbe5jAbhFRxzXoyfaDZRoK0/edit#range='QB-s2'!A19
QB,P01,C04,ABLR2_QB_s2_r000_P01_C04_SS891001_FRESH50,ABLR2 RR_VAL_SELECTED,50000,0.9109336192,0.04003141072,0.05114437525,3.55864441,4.369007573,38.33703626,0.9833726761,0.9372056167,TPLUS,891001,f5e74f0b1d1844f5808d59de9783fa2ba2815f02459767dfcb139b908a42fe86,QB-s2,20,https://docs.google.com/spreadsheets/d/1_-3KY2DbSk_AOAuExf_ENbe5jAbhFRxzXoyfaDZRoK0/edit#range='QB-s2'!A20
QB,P01,C05,ABLR2_QB_s2_r000_P01_C05_SS891001_FRESH50,ABLR2 RR_VAL_SELECTED,49490,0.8994089446,0.06217546415,0.04089161722,3.573358987,4.388728213,38.30197904,0.9832634963,0.9371108632,TPLUS,891001,dbaecf48ba8145699ada69b2fd06759a3f5ae6bfd4ff3458222d18b77265aedf,QB-s2,21,https://docs.google.com/spreadsheets/d/1_-3KY2DbSk_AOAuExf_ENbe5jAbhFRxzXoyfaDZRoK0/edit#range='QB-s2'!A21
QB,P01,C06,ABLR2_QB_s2_r000_P01_C06_SS891001_FRESH50,ABLR2 RR_VAL_SELECTED,49490,0.8921687436,0.06267564369,0.04806868297,3.571700352,4.387015708,38.30747904,0.9832534171,0.9371374214,TPLUS,891001,e1dce4bbdb388ab15b5727fdf4887b75b1b0c1d208abe54c771fc18fc5ee2c17,QB-s2,22,https://docs.google.com/spreadsheets/d/1_-3KY2DbSk_AOAuExf_ENbe5jAbhFRxzXoyfaDZRoK0/edit#range='QB-s2'!A22
QB,P01,C07,ABLR2_QB_s2_r000_P01_C07_SS891001_FRESH50,ABLR2 RR_VAL_SELECTED,50000,0.9127812214,0.05083846763,0.03830393468,3.576102067,4.388340747,38.29054763,0.9833088137,0.9370649093,TPLUS,891001,e9d32b33edd58e189a34afaac89f8547687b2aab189462ef62c0c9644d16cd2b,QB-s2,23,https://docs.google.com/spreadsheets/d/1_-3KY2DbSk_AOAuExf_ENbe5jAbhFRxzXoyfaDZRoK0/edit#range='QB-s2'!A23
QB,P01,C08,ABLR2_QB_s2_r000_P01_C08_SS891001_FRESH50,ABLR2 RR_VAL_SELECTED,45450,0.9064427841,0.03875651125,0.0570976127,3.594890385,4.411406346,38.24796867,0.9829056276,0.9357391124,TPLUS,891001,227e32b3db4798d25b59fa5a0d415f2c9993bde7476021dd97cf83889b562997,QB-s2,24,https://docs.google.com/spreadsheets/d/1_-3KY2DbSk_AOAuExf_ENbe5jAbhFRxzXoyfaDZRoK0/edit#range='QB-s2'!A24
QB,P01,C09,ABLR2_QB_s2_r000_P01_C09_SS891001_FRESH50,ABLR2 RR_VAL_SELECTED,49490,0.9124266194,0.0513392418,0.03819918355,3.566296761,4.388560085,38.31410231,0.9834272934,0.9372526323,TPLUS,891001,d5166ca572189d89c6a97f37202012f9ac69c3faa0cbe7b612fc6ce10332400a,QB-s2,25,https://docs.google.com/spreadsheets/d/1_-3KY2DbSk_AOAuExf_ENbe5jAbhFRxzXoyfaDZRoK0/edit#range='QB-s2'!A25
QB,P01,C10,ABLR2_QB_s2_r000_P01_C10_SS891001_FRESH50,ABLR2 RR_VAL_SELECTED,47470,0.9104799787,0.0404371051,0.05118022715,3.564784724,4.37869864,38.31813052,0.9833643529,0.9368672879,NONE,891001,58afe47891087585dfba07984a9a21114449b59311d1bea392fa42992de3e6be,QB-s2,26,https://docs.google.com/spreadsheets/d/1_-3KY2DbSk_AOAuExf_ENbe5jAbhFRxzXoyfaDZRoK0/edit#range='QB-s2'!A26
QB,P01,C11,ABLR2_QB_s2_r000_P01_C11_SS891001_FRESH50,ABLR2 RR_VAL_SELECTED,50000,0.8919771956,0.06731865801,0.04342971033,3.563564966,4.383710188,38.31760526,0.9833841415,0.9369932413,TZERO,891001,af42c7d325f3122710a0180648b01e2e2c1001daaf5ae95d0d1a6131df1067ff,QB-s2,27,https://docs.google.com/spreadsheets/d/1_-3KY2DbSk_AOAuExf_ENbe5jAbhFRxzXoyfaDZRoK0/edit#range='QB-s2'!A27
QB,P01,C12,ABLR2_QB_s2_r000_P01_C12_SS891001_FRESH50,ABLR2 RR_VAL_SELECTED,49490,0.907508392,0.04998014704,0.04472893632,3.55006847,4.371567984,38.35090912,0.9835153575,0.936914123,TPLUS,891001,8dc0b2bfa5b9cdd94cc25913796bbfc80cebdc5ec918ac6d24363ad5a3525d9c,QB-s2,28,https://docs.google.com/spreadsheets/d/1_-3KY2DbSk_AOAuExf_ENbe5jAbhFRxzXoyfaDZRoK0/edit#range='QB-s2'!A28
QB,P01,C13,ABLR2_QB_s2_r000_P01_C13_SS891001_FRESH50,ABLR2 RR_VAL_SELECTED,50000,0.9031476715,0.05522555004,0.04397468395,3.559742525,4.382265023,38.32857543,0.9835263438,0.9368874989,TPLUS,891001,f872a097c1673c17bf1def7fc54075174ddb5708cf7e29469c1f137bc35701d5,QB-s2,29,https://docs.google.com/spreadsheets/d/1_-3KY2DbSk_AOAuExf_ENbe5jAbhFRxzXoyfaDZRoK0/edit#range='QB-s2'!A29
QB,P01,C14,ABLR2_QB_s2_r000_P01_C14_SS891001_FRESH50,ABLR2 RR_VAL_SELECTED,50000,0.9038681325,0.04790849899,0.05061654984,3.566014965,4.387875531,38.3111035,0.9834281769,0.9375089795,TPLUS,891001,cee0243f0dd85622c4a4f1b3033b1006138c3681a11eebcf97fa5550cca030c4,QB-s2,30,https://docs.google.com/spreadsheets/d/1_-3KY2DbSk_AOAuExf_ENbe5jAbhFRxzXoyfaDZRoK0/edit#range='QB-s2'!A30
QB,P01,C15,ABLR2_QB_s2_r000_P01_C15_SS891001_FRESH50,ABLR2 RR_VAL_SELECTED,50000,0.8948962766,0.06891177823,0.03877821832,3.571212533,4.381851381,38.30403494,0.9832663805,0.9369404685,TPLUS,891001,96a869a81a76c4db2ee407fb32893fe0f1e4fbd02dbd48c2fbd5493acb5e4bca,QB-s2,31,https://docs.google.com/spreadsheets/d/1_-3KY2DbSk_AOAuExf_ENbe5jAbhFRxzXoyfaDZRoK0/edit#range='QB-s2'!A31
QB,P01,C16,ABLR2_QB_s2_r000_P01_C16_SS891001_FRESH50,ABLR2 RR_VAL_SELECTED,50000,0.9127988959,0.05024501625,0.03888397902,3.571184567,4.387210828,38.30627151,0.9833461623,0.9370732107,TPLUS,891001,b651995b9cbbfd99247f7b941153be064fc9ae2a8ccddff69856519529ad1528,QB-s2,32,https://docs.google.com/spreadsheets/d/1_-3KY2DbSk_AOAuExf_ENbe5jAbhFRxzXoyfaDZRoK0/edit#range='QB-s2'!A32
QB,P01,C17,ABLR2_QB_s2_r000_P01_C17_SS891001_FRESH50,ABLR2 RR_VAL_SELECTED,50000,0.9065353857,0.04219452572,0.05356287385,3.565184856,4.374638502,38.31764443,0.983319712,0.9369171062,TZERO,891001,f8b3e6353311c87aa0c0dfd194cab0ea26820cd567bc654961d75103ec23ef30,QB-s2,47,https://docs.google.com/spreadsheets/d/1_-3KY2DbSk_AOAuExf_ENbe5jAbhFRxzXoyfaDZRoK0/edit#range='QB-s2'!A47
QB,P01,TPLUS,ABLR2_QB_s2_r000_P01_TPLUS_TS881001_FRESH50,ABLR2 RR_VAL_SELECTED,45450,0.9207035123,0.02517880905,0.05568931021,3.580646533,4.382425245,38.29164501,0.98306351,0.9365258826,TPLUS,881001,48ef83eb3a5e42321f55a68d72b4a354fee0a9681457434bb4705ba63d0eae86,QB-s2,14,https://docs.google.com/spreadsheets/d/1_-3KY2DbSk_AOAuExf_ENbe5jAbhFRxzXoyfaDZRoK0/edit#range='QB-s2'!A14
QB,P01,TZERO,ABLR2_QB_s2_r000_P01_TZERO_TS881001_FRESH50,ABLR2 RR_VAL_SELECTED,48480,0.9153619768,0.02931545691,0.05719900911,3.57533617,4.382994251,38.29587411,0.9831421225,0.9365285519,TZERO,881001,d8b68c891aacc74641b969271d354ccecdf4e45f63e938b7d544bf738e36751c,QB-s2,15,https://docs.google.com/spreadsheets/d/1_-3KY2DbSk_AOAuExf_ENbe5jAbhFRxzXoyfaDZRoK0/edit#range='QB-s2'!A15
QB,P02,C00,ABLR2_QB_s2_r000_P02_C00_SS891002_FRESH50,ABLR2 RR_VAL_SELECTED,44440,0.9135340265,0.02321211596,0.06496075023,3.599779484,4.401207536,38.23970364,0.9828353721,0.9358867061,NONE,891002,adbad5f303e0fb8c9aacc9cf54d3bee88fdaeabd1cc5f682423974fa1e6cf1ea,QB-s2,38,https://docs.google.com/spreadsheets/d/1_-3KY2DbSk_AOAuExf_ENbe5jAbhFRxzXoyfaDZRoK0/edit#range='QB-s2'!A38
QB,P02,C01,ABLR2_QB_s2_r000_P02_C01_SS891002_FRESH50,ABLR2 RR_VAL_SELECTED,48480,0.8977721505,0.06572403504,0.0389578181,3.565139744,4.376278251,38.31912696,0.9834055389,0.9373358114,NONE,891002,6e981523294cd43daf50987b2069df210ba94f8b044576b396173255516bf6e7,QB-s2,37,https://docs.google.com/spreadsheets/d/1_-3KY2DbSk_AOAuExf_ENbe5jAbhFRxzXoyfaDZRoK0/edit#range='QB-s2'!A37
QB,P02,C02,ABLR2_QB_s2_r000_P02_C02_SS891002_FRESH50,ABLR2 RR_VAL_SELECTED,48480,0.9108141202,0.04549086961,0.04578411128,3.565844914,4.379181229,38.31279962,0.9834636037,0.9374419438,NONE,891002,c8f690617318f0e1a18db0b6002b630963e25caa7114b20d77ea13f0a088357e,QB-s2,36,https://docs.google.com/spreadsheets/d/1_-3KY2DbSk_AOAuExf_ENbe5jAbhFRxzXoyfaDZRoK0/edit#range='QB-s2'!A36
QB,P02,C03,ABLR2_QB_s2_r000_P02_C03_SS891002_FRESH50,ABLR2 RR_VAL_SELECTED,49490,0.9007611421,0.05629526055,0.04539261286,3.564468753,4.372715799,38.32202933,0.9834179118,0.9370715382,TPLUS,891002,c2ed1f5e45d0e8b3f0c5dcdde8ec54dbb44146a9a349bf67dbacaa102179e2ef,QB-s2,35,https://docs.google.com/spreadsheets/d/1_-3KY2DbSk_AOAuExf_ENbe5jAbhFRxzXoyfaDZRoK0/edit#range='QB-s2'!A35
QB,P02,C04,ABLR2_QB_s2_r000_P02_C04_SS891002_FRESH50,ABLR2 RR_VAL_SELECTED,48480,0.9161264702,0.04355346934,0.04221697441,3.552087618,4.361483665,38.35172232,0.9834811084,0.9370613134,TPLUS,891002,5891d1d86991cefedb0d3060bc9c3e9e0b98524c6ede3ddcbe1a73d863e8cff7,QB-s2,53,https://docs.google.com/spreadsheets/d/1_-3KY2DbSk_AOAuExf_ENbe5jAbhFRxzXoyfaDZRoK0/edit#range='QB-s2'!A53
QB,P02,C05,ABLR2_QB_s2_r000_P02_C05_SS891002_FRESH50,ABLR2 RR_VAL_SELECTED,48480,0.9030306603,0.05268844379,0.04671457077,3.569366958,4.386289777,38.30814392,0.9833814802,0.9370874911,TPLUS,891002,2bbf01bc1ec0d8d10759eb9e8ee3f41a23a22298a8e947ef73f5123cded95fda,QB-s2,52,https://docs.google.com/spreadsheets/d/1_-3KY2DbSk_AOAuExf_ENbe5jAbhFRxzXoyfaDZRoK0/edit#range='QB-s2'!A52
QB,P02,C06,ABLR2_QB_s2_r000_P02_C06_SS891002_FRESH50,ABLR2 RR_VAL_SELECTED,48480,0.9142194691,0.04417928813,0.04348003262,3.571909012,4.384161117,38.30007715,0.9833072158,0.936851264,TPLUS,891002,c7dfdedaad63f6e4edf7e4a1b9e9ff28edc0a9adfbe77d27dd51a74cb641c778,QB-s2,51,https://docs.google.com/spreadsheets/d/1_-3KY2DbSk_AOAuExf_ENbe5jAbhFRxzXoyfaDZRoK0/edit#range='QB-s2'!A51
QB,P02,C07,ABLR2_QB_s2_r000_P02_C07_SS891002_FRESH50,ABLR2 RR_VAL_SELECTED,48480,0.9078497816,0.0530229025,0.04130621879,3.571832634,4.391306604,38.2971064,0.9833708523,0.9373569221,TPLUS,891002,43ca7890c8ac379b671110e172003af81f9617af813e2c4e9261de04a31c0670,QB-s2,50,https://docs.google.com/spreadsheets/d/1_-3KY2DbSk_AOAuExf_ENbe5jAbhFRxzXoyfaDZRoK0/edit#range='QB-s2'!A50
QB,P02,C08,ABLR2_QB_s2_r000_P02_C08_SS891002_FRESH50,ABLR2 RR_VAL_SELECTED,44440,0.9014102497,0.03539868313,0.06561733383,3.591718919,4.406134002,38.25850193,0.9829480987,0.9357525808,TPLUS,891002,7f038b2f2a532e1dfa725d5856e19401a7b1a7b17627a81c85ee2167664cc461,QB-s2,49,https://docs.google.com/spreadsheets/d/1_-3KY2DbSk_AOAuExf_ENbe5jAbhFRxzXoyfaDZRoK0/edit#range='QB-s2'!A49
QB,P02,C09,ABLR2_QB_s2_r000_P02_C09_SS891002_FRESH50,ABLR2 RR_VAL_SELECTED,48480,0.9100168483,0.04984257685,0.04221415585,3.570856106,4.387807071,38.30567829,0.9833028545,0.937028017,TPLUS,891002,b4c137d806cc3784b23a07ff93145799676d757a4a5c6d1beb0b764a10305e40,QB-s2,46,https://docs.google.com/spreadsheets/d/1_-3KY2DbSk_AOAuExf_ENbe5jAbhFRxzXoyfaDZRoK0/edit#range='QB-s2'!A46
QB,P02,C10,ABLR2_QB_s2_r000_P02_C10_SS891002_FRESH50,ABLR2 RR_VAL_SELECTED,48480,0.9122176331,0.04418870503,0.04560793284,3.569198839,4.378794556,38.30786486,0.9833104664,0.9368002752,NONE,891002,b3f756ca63c2025885d09135e239b6b77d741b36b0ca66d6e2793412f26bdd61,QB-s2,45,https://docs.google.com/spreadsheets/d/1_-3KY2DbSk_AOAuExf_ENbe5jAbhFRxzXoyfaDZRoK0/edit#range='QB-s2'!A45
QB,P02,C11,ABLR2_QB_s2_r000_P02_C11_SS891002_FRESH50,ABLR2 RR_VAL_SELECTED,46460,0.9130763169,0.04276460822,0.04613945379,3.57380117,4.390636648,38.29447427,0.9832584154,0.9367507755,TZERO,891002,140409ee3ae27d32b7037a3ecf16bb814b15b9810505c16367f920249c77d773,QB-s2,44,https://docs.google.com/spreadsheets/d/1_-3KY2DbSk_AOAuExf_ENbe5jAbhFRxzXoyfaDZRoK0/edit#range='QB-s2'!A44
QB,P02,C12,ABLR2_QB_s2_r000_P02_C12_SS891002_FRESH50,ABLR2 RR_VAL_SELECTED,48480,0.9038523386,0.05099883602,0.04754090066,3.561152078,4.374452055,38.32339326,0.9834707401,0.9375643411,TPLUS,891002,fe9fad6a663e2c3b72923f65ca304833ff174f82c5f54ad519678bcd5545142c,QB-s2,43,https://docs.google.com/spreadsheets/d/1_-3KY2DbSk_AOAuExf_ENbe5jAbhFRxzXoyfaDZRoK0/edit#range='QB-s2'!A43
QB,P02,C13,ABLR2_QB_s2_r000_P02_C13_SS891002_FRESH50,ABLR2 RR_VAL_SELECTED,48480,0.9116700143,0.04479662819,0.04554459948,3.567530247,4.390049889,38.30881147,0.9833862243,0.9370098829,TPLUS,891002,310d86ddf8143e7247b9800e9ebcb70ba72c466fb7f0a084eda57ef5c4c12b86,QB-s2,42,https://docs.google.com/spreadsheets/d/1_-3KY2DbSk_AOAuExf_ENbe5jAbhFRxzXoyfaDZRoK0/edit#range='QB-s2'!A42
QB,P02,C14,ABLR2_QB_s2_r000_P02_C14_SS891002_FRESH50,ABLR2 RR_VAL_SELECTED,48480,0.8862715812,0.06522010778,0.05175234484,3.565257481,4.385676619,38.3145495,0.9834122326,0.9367885789,TPLUS,891002,44939f6cb442a7168a47ad494e215617354715c5533ca9bfc35f6081fa26041b,QB-s2,41,https://docs.google.com/spreadsheets/d/1_-3KY2DbSk_AOAuExf_ENbe5jAbhFRxzXoyfaDZRoK0/edit#range='QB-s2'!A41
QB,P02,C15,ABLR2_QB_s2_r000_P02_C15_SS891002_FRESH50,ABLR2 RR_VAL_SELECTED,48480,0.904389045,0.0467727763,0.05118372647,3.571460172,4.388877752,38.29876712,0.9834150684,0.9373459265,TPLUS,891002,0fbfe9016c787bf12327edf816986625494d5a798b3fc6c347661d48c9107872,QB-s2,40,https://docs.google.com/spreadsheets/d/1_-3KY2DbSk_AOAuExf_ENbe5jAbhFRxzXoyfaDZRoK0/edit#range='QB-s2'!A40
QB,P02,C16,ABLR2_QB_s2_r000_P02_C16_SS891002_FRESH50,ABLR2 RR_VAL_SELECTED,48480,0.910641369,0.04912654748,0.04226610178,3.572677296,4.388118944,38.29859031,0.9833334714,0.9369151484,TPLUS,891002,53d16086014361595ba1d76fbd48aa0263af1c8f6ad1e0c71cdbb07b0082b7f6,QB-s2,39,https://docs.google.com/spreadsheets/d/1_-3KY2DbSk_AOAuExf_ENbe5jAbhFRxzXoyfaDZRoK0/edit#range='QB-s2'!A39
QB,P02,C17,ABLR2_QB_s2_r000_P02_C17_SS891002_FRESH50,ABLR2 RR_VAL_SELECTED,48480,0.9066103358,0.04620470992,0.04942170893,3.562713629,4.37926945,38.31842504,0.9834285725,0.9370902873,TZERO,891002,62e188ecd3d605327bbe739ca69fab570cf6d2325c685d2d59f1df68f35009c9,QB-s2,48,https://docs.google.com/spreadsheets/d/1_-3KY2DbSk_AOAuExf_ENbe5jAbhFRxzXoyfaDZRoK0/edit#range='QB-s2'!A48
QB,P02,TPLUS,ABLR2_QB_s2_r000_P02_TPLUS_TS881002_FRESH50,ABLR2 RR_VAL_SELECTED,48480,0.9203539276,0.02543879469,0.05581195888,3.580461019,4.383432282,38.28901305,0.9830211936,0.9361600708,TPLUS,881002,59683e362494a29303471f41d0141724cf28930cadf7e96e5c588602c11920fb,QB-s2,34,https://docs.google.com/spreadsheets/d/1_-3KY2DbSk_AOAuExf_ENbe5jAbhFRxzXoyfaDZRoK0/edit#range='QB-s2'!A34
QB,P02,TZERO,ABLR2_QB_s2_r000_P02_TZERO_TS881002_FRESH50,ABLR2 RR_VAL_SELECTED,48480,0.9102194816,0.02282613385,0.06879984734,3.564447916,4.380014395,38.32034187,0.9833011517,0.9364801395,TZERO,881002,b24371e13684226d65cdbbe9144bcc55a84c7f41a974c12a035272fad432b348,QB-s2,33,https://docs.google.com/spreadsheets/d/1_-3KY2DbSk_AOAuExf_ENbe5jAbhFRxzXoyfaDZRoK0/edit#range='QB-s2'!A33
QB,P03,C00,ABLR2_QB_s2_r000_P03_C00_SS891003_FRESH50,ABLR2 RR_VAL_SELECTED,46460,0.924118482,0.02075932491,0.05654244986,3.597833251,4.400707474,38.24076903,0.9828720564,0.9362456396,NONE,891003,db21c1d28dfcabc551039347867efa8c03155ce26c74e878a741a3e78cb93bb1,QB-s2,64,https://docs.google.com/spreadsheets/d/1_-3KY2DbSk_AOAuExf_ENbe5jAbhFRxzXoyfaDZRoK0/edit#range='QB-s2'!A64
QB,P03,C01,ABLR2_QB_s2_r000_P03_C01_SS891003_FRESH50,ABLR2 RR_VAL_SELECTED,46460,0.9095625071,0.04663238123,0.04593805287,3.567703913,4.37837772,38.31244546,0.9833887997,0.9372160923,NONE,891003,aab425c529bf440d447da12f80a413306d631ffdbe0b05a05d04b5753531219c,QB-s2,65,https://docs.google.com/spreadsheets/d/1_-3KY2DbSk_AOAuExf_ENbe5jAbhFRxzXoyfaDZRoK0/edit#range='QB-s2'!A65
QB,P03,C02,ABLR2_QB_s2_r000_P03_C02_SS891003_FRESH50,ABLR2 RR_VAL_SELECTED,46460,0.8952974882,0.06031700249,0.04716749172,3.581280516,4.381615021,38.28018618,0.9831739272,0.9369037373,NONE,891003,8464e5600ec0a92f6643eef2ba6bebe9f9cef51adf9339ce84d1c76456ac0834,QB-s2,66,https://docs.google.com/spreadsheets/d/1_-3KY2DbSk_AOAuExf_ENbe5jAbhFRxzXoyfaDZRoK0/edit#range='QB-s2'!A66
QB,P03,C03,ABLR2_QB_s2_r000_P03_C03_SS891003_FRESH50,ABLR2 RR_VAL_SELECTED,49490,0.9082044799,0.05306790843,0.04086068241,3.568832682,4.380915353,38.31056952,0.9834103881,0.9373468342,TPLUS,891003,ac96bd3b6ae5af862ff50656bf2976341e4774039932e6170891fafa7facc3c5,QB-s2,67,https://docs.google.com/spreadsheets/d/1_-3KY2DbSk_AOAuExf_ENbe5jAbhFRxzXoyfaDZRoK0/edit#range='QB-s2'!A67
QB,P03,C04,ABLR2_QB_s2_r000_P03_C04_SS891003_FRESH50,ABLR2 RR_VAL_SELECTED,50000,0.903798472,0.04989150464,0.0486722173,3.547394796,4.358802866,38.36223077,0.9835438531,0.9375045049,TPLUS,891003,fd6e0f4b59db288ad3ed23eb2b95395f55bd85b095808023178049403f6e696a,QB-s2,69,https://docs.google.com/spreadsheets/d/1_-3KY2DbSk_AOAuExf_ENbe5jAbhFRxzXoyfaDZRoK0/edit#range='QB-s2'!A69
QB,P03,C05,ABLR2_QB_s2_r000_P03_C05_SS891003_FRESH50,ABLR2 RR_VAL_SELECTED,48480,0.8939544806,0.05841691434,0.0505523324,3.571250036,4.385762003,38.30148748,0.983444848,0.9375078955,TPLUS,891003,50a6fae1418c6b7a6bec58220bd1016f380bff14b66309744b1035efab707659,QB-s2,70,https://docs.google.com/spreadsheets/d/1_-3KY2DbSk_AOAuExf_ENbe5jAbhFRxzXoyfaDZRoK0/edit#range='QB-s2'!A70
QB,P03,C06,ABLR2_QB_s2_r000_P03_C06_SS891003_FRESH50,ABLR2 RR_VAL_SELECTED,49490,0.9081850826,0.04764927142,0.04633815596,3.56697109,4.38759221,38.30602918,0.9834426427,0.9373336945,TPLUS,891003,c129c79d37ad0dc0a5204ced9a8021d8e01dc284463aba1e0b418f45de214c05,QB-s2,71,https://docs.google.com/spreadsheets/d/1_-3KY2DbSk_AOAuExf_ENbe5jAbhFRxzXoyfaDZRoK0/edit#range='QB-s2'!A71
QB,P03,C07,ABLR2_QB_s2_r000_P03_C07_SS891003_FRESH50,ABLR2 RR_VAL_SELECTED,46460,0.9145619066,0.0422052929,0.04521817705,3.577480985,4.390887208,38.28288559,0.983269697,0.9372982543,TPLUS,891003,a65617d8d3ff1d34390678329831d737c117babb4c59cc0b67cc9c56ccc2bffe,QB-s2,72,https://docs.google.com/spreadsheets/d/1_-3KY2DbSk_AOAuExf_ENbe5jAbhFRxzXoyfaDZRoK0/edit#range='QB-s2'!A72
QB,P03,C08,ABLR2_QB_s2_r000_P03_C08_SS891003_FRESH50,ABLR2 RR_VAL_SELECTED,46460,0.9159480471,0.02516974615,0.06069386197,3.578993072,4.397092978,38.28313356,0.9831020231,0.9359906688,TPLUS,891003,787988bd437b55702b851826b60c23a3e998b42499e94af23a846f28b1d94bba,QB-s2,56,https://docs.google.com/spreadsheets/d/1_-3KY2DbSk_AOAuExf_ENbe5jAbhFRxzXoyfaDZRoK0/edit#range='QB-s2'!A56
QB,P03,C09,ABLR2_QB_s2_r000_P03_C09_SS891003_FRESH50,ABLR2 RR_VAL_SELECTED,50000,0.9108382483,0.04384364022,0.04739264418,3.583433659,4.393454621,38.27324406,0.9832298232,0.9368722064,TPLUS,891003,d64b8f10cd10d29948c5cf87256083745b8d31a4d1135a11254712e71aa5be76,QB-s2,57,https://docs.google.com/spreadsheets/d/1_-3KY2DbSk_AOAuExf_ENbe5jAbhFRxzXoyfaDZRoK0/edit#range='QB-s2'!A57
QB,P03,C10,ABLR2_QB_s2_r000_P03_C10_SS891003_FRESH50,ABLR2 RR_VAL_SELECTED,46460,0.9106544708,0.04693630076,0.04454866829,3.585472074,4.381809933,38.27614561,0.9830887542,0.93685791,NONE,891003,85103d6b9ffe60ee7f9d1c4d6f8d2c4e877d174f8d166de36adc6913cac20d0a,QB-s2,58,https://docs.google.com/spreadsheets/d/1_-3KY2DbSk_AOAuExf_ENbe5jAbhFRxzXoyfaDZRoK0/edit#range='QB-s2'!A58
QB,P03,C11,ABLR2_QB_s2_r000_P03_C11_SS891003_FRESH50,ABLR2 RR_VAL_SELECTED,50000,0.9138924082,0.04216004842,0.04590153826,3.572681973,4.387869278,38.29593235,0.9833639807,0.9374459277,TZERO,891003,d3170e6449f90b8776fb2eb91a5a1886bfc286310dfe868c951ef550bc0de7f6,QB-s2,59,https://docs.google.com/spreadsheets/d/1_-3KY2DbSk_AOAuExf_ENbe5jAbhFRxzXoyfaDZRoK0/edit#range='QB-s2'!A59
QB,P03,C12,ABLR2_QB_s2_r000_P03_C12_SS891003_FRESH50,ABLR2 RR_VAL_SELECTED,46460,0.8950293442,0.06601396079,0.04161333165,3.574163132,4.378507396,38.2974826,0.9832251995,0.9372307759,TPLUS,891003,2e337b2672515523574c834621564c9b8cd997c307eaedab515afa7fdddf3700,QB-s2,60,https://docs.google.com/spreadsheets/d/1_-3KY2DbSk_AOAuExf_ENbe5jAbhFRxzXoyfaDZRoK0/edit#range='QB-s2'!A60
QB,P03,C13,ABLR2_QB_s2_r000_P03_C13_SS891003_FRESH50,ABLR2 RR_VAL_SELECTED,48480,0.9110496767,0.04710258256,0.04394263154,3.565134815,4.383845374,38.31167788,0.9834663048,0.9374725213,TPLUS,891003,508d03986a258387aaafd5018f64c2b0372242bfbda86f1a0b91515d1a3f7909,QB-s2,85,https://docs.google.com/spreadsheets/d/1_-3KY2DbSk_AOAuExf_ENbe5jAbhFRxzXoyfaDZRoK0/edit#range='QB-s2'!A85
QB,P03,C14,ABLR2_QB_s2_r000_P03_C14_SS891003_FRESH50,ABLR2 RR_VAL_SELECTED,48480,0.917700425,0.03727444705,0.04681030163,3.578471014,4.389479269,38.2867606,0.9832832604,0.9371784515,TPLUS,891003,43b98e3801305e69b821ae1565ba72a081f2b268c3e8e97a4278f4ee517e7127,QB-s2,61,https://docs.google.com/spreadsheets/d/1_-3KY2DbSk_AOAuExf_ENbe5jAbhFRxzXoyfaDZRoK0/edit#range='QB-s2'!A61
QB,P03,C15,ABLR2_QB_s2_r000_P03_C15_SS891003_FRESH50,ABLR2 RR_VAL_SELECTED,49490,0.9107871052,0.05111303723,0.04014348655,3.569140317,4.386626691,38.30494505,0.9834208348,0.9370689552,TPLUS,891003,fc4c3d8cc4ec5581dcf6c2c3feea6b05ad819e30e2e17f94f507946458d00e45,QB-s2,62,https://docs.google.com/spreadsheets/d/1_-3KY2DbSk_AOAuExf_ENbe5jAbhFRxzXoyfaDZRoK0/edit#range='QB-s2'!A62
QB,P03,C16,ABLR2_QB_s2_r000_P03_C16_SS891003_FRESH50,ABLR2 RR_VAL_SELECTED,50000,0.9055000805,0.05439779249,0.04238689702,3.567055943,4.383071335,38.31117253,0.9834189599,0.9372573602,TPLUS,891003,41df0d03ae8c27530d391a48b8d49641b6448f7327269ab16a1c7a3914d2d9e8,QB-s2,63,https://docs.google.com/spreadsheets/d/1_-3KY2DbSk_AOAuExf_ENbe5jAbhFRxzXoyfaDZRoK0/edit#range='QB-s2'!A63
QB,P03,C17,ABLR2_QB_s2_r000_P03_C17_SS891003_FRESH50,ABLR2 RR_VAL_SELECTED,50000,0.9043817235,0.05472969332,0.04320303605,3.576971451,4.37896933,38.29217257,0.9832022854,0.937364725,TZERO,891003,b128aec4fe6b80949b082ad6f182514c28019603da29c16ba9c5d662b390ddfb,QB-s2,68,https://docs.google.com/spreadsheets/d/1_-3KY2DbSk_AOAuExf_ENbe5jAbhFRxzXoyfaDZRoK0/edit#range='QB-s2'!A68
QB,P03,TPLUS,ABLR2_QB_s2_r000_P03_TPLUS_TS881003_FRESH50,ABLR2 RR_VAL_SELECTED,44440,0.9102107334,0.0328241034,0.05894794057,3.562017105,4.377729724,38.32858288,0.9832924729,0.9360906375,TPLUS,881003,5fda846d2f571ca39baba8622a0880228d37e358b78bb5536626f54a4b8f6e6f,QB-s2,54,https://docs.google.com/spreadsheets/d/1_-3KY2DbSk_AOAuExf_ENbe5jAbhFRxzXoyfaDZRoK0/edit#range='QB-s2'!A54
QB,P03,TZERO,ABLR2_QB_s2_r000_P03_TZERO_TS881003_FRESH50,ABLR2 RR_VAL_SELECTED,48480,0.8915060164,0.0435272392,0.0679421221,3.560500846,4.377482572,38.33335933,0.9834004182,0.9372672252,TZERO,881003,d3bb0d76005822b00a8910b5859c2bbfc38d02d56e072ae6ee5d7913e0b3f888,QB-s2,55,https://docs.google.com/spreadsheets/d/1_-3KY2DbSk_AOAuExf_ENbe5jAbhFRxzXoyfaDZRoK0/edit#range='QB-s2'!A55
QB,P04,C00,ABLR2_QB_s2_r000_P04_C00_SS891004_FRESH50,ABLR2 RR_VAL_SELECTED,45450,0.9169126161,0.03284486352,0.05211137439,3.581879035,4.399484232,38.27593981,0.983094791,0.9362265813,NONE,891004,e35f2d17713ec90ff7345a7501e8115af924d9dbd81e50c183c4fc4eaf172fb7,QB-s2,88,https://docs.google.com/spreadsheets/d/1_-3KY2DbSk_AOAuExf_ENbe5jAbhFRxzXoyfaDZRoK0/edit#range='QB-s2'!A88
QB,P04,C01,ABLR2_QB_s2_r000_P04_C01_SS891004_FRESH50,ABLR2 RR_VAL_SELECTED,49490,0.9079122718,0.05285447526,0.04141340826,3.564185279,4.380045437,38.31746433,0.9833826064,0.9371748719,NONE,891004,a6057b405034899a2d2ccd51ef31de0536886abe89b018c93855ee10c60f36b6,QB-s2,87,https://docs.google.com/spreadsheets/d/1_-3KY2DbSk_AOAuExf_ENbe5jAbhFRxzXoyfaDZRoK0/edit#range='QB-s2'!A87
QB,P04,C02,ABLR2_QB_s2_r000_P04_C02_SS891004_FRESH50,ABLR2 RR_VAL_SELECTED,50000,0.910689751,0.04926991287,0.04217711716,3.560316984,4.374156154,38.33049162,0.9835225964,0.9376124218,NONE,891004,e4c14d4d97860165767b7181c40e9d0c63f34e49b6c9b21758cd1c7b19127213,QB-s2,84,https://docs.google.com/spreadsheets/d/1_-3KY2DbSk_AOAuExf_ENbe5jAbhFRxzXoyfaDZRoK0/edit#range='QB-s2'!A84
QB,P04,C03,ABLR2_QB_s2_r000_P04_C03_SS891004_FRESH50,ABLR2 RR_VAL_SELECTED,50000,0.89392115,0.06724567472,0.04150087429,3.565916367,4.375811786,38.31786234,0.9834606431,0.9377054602,TPLUS,891004,aae7a8c61c6b286200c9d6a07a17267586ea847ebd3b1089ecdabac3054d528d,QB-s2,82,https://docs.google.com/spreadsheets/d/1_-3KY2DbSk_AOAuExf_ENbe5jAbhFRxzXoyfaDZRoK0/edit#range='QB-s2'!A82
QB,P04,C04,ABLR2_QB_s2_r000_P04_C04_SS891004_FRESH50,ABLR2 RR_VAL_SELECTED,46460,0.9077625215,0.04752756027,0.04693516569,3.559379954,4.364044517,38.33243961,0.9834046056,0.9371189589,TPLUS,891004,703086fcb960cd2d64634c3d43611e8f15c2080ad24c627316e065aa74744838,QB-s2,81,https://docs.google.com/spreadsheets/d/1_-3KY2DbSk_AOAuExf_ENbe5jAbhFRxzXoyfaDZRoK0/edit#range='QB-s2'!A81
QB,P04,C05,ABLR2_QB_s2_r000_P04_C05_SS891004_FRESH50,ABLR2 RR_VAL_SELECTED,50000,0.8986053418,0.06083157974,0.04310418933,3.575024503,4.38292099,38.29394455,0.9832520639,0.9372818864,TPLUS,891004,6204a6ac3f0badf0e9e90c4326e5b3d13d3b35678fa90e62bf853463e9d6e9e3,QB-s2,80,https://docs.google.com/spreadsheets/d/1_-3KY2DbSk_AOAuExf_ENbe5jAbhFRxzXoyfaDZRoK0/edit#range='QB-s2'!A80
QB,P04,C06,ABLR2_QB_s2_r000_P04_C06_SS891004_FRESH50,ABLR2 RR_VAL_SELECTED,50000,0.8907116333,0.07295147839,0.03911990699,3.581491023,4.392986548,38.27754381,0.9831653267,0.936804592,TPLUS,891004,d568f185186c9f7e02f60cf5d973e79a3d116d306e4c7da31cdfb8984471f223,QB-s2,79,https://docs.google.com/spreadsheets/d/1_-3KY2DbSk_AOAuExf_ENbe5jAbhFRxzXoyfaDZRoK0/edit#range='QB-s2'!A79
QB,P04,C07,ABLR2_QB_s2_r000_P04_C07_SS891004_FRESH50,ABLR2 RR_VAL_SELECTED,45450,0.8833823124,0.07611977002,0.04367736086,3.57532339,4.389170942,38.293384,0.9832731999,0.9369696277,TPLUS,891004,1f43b6f3d10bb8864cd6169ce571dbef91a9532471a1ccdda5df9978dee78b42,QB-s2,78,https://docs.google.com/spreadsheets/d/1_-3KY2DbSk_AOAuExf_ENbe5jAbhFRxzXoyfaDZRoK0/edit#range='QB-s2'!A78
QB,P04,C08,ABLR2_QB_s2_r000_P04_C08_SS891004_FRESH50,ABLR2 RR_VAL_SELECTED,44440,0.9132935569,0.02818232186,0.06042510873,3.579479694,4.396555748,38.28487865,0.9831172829,0.9364747109,TPLUS,891004,b13ce2719419898f9055b0e9ac8ef659987cb0a48dd849dc294966c06541b15e,QB-s2,77,https://docs.google.com/spreadsheets/d/1_-3KY2DbSk_AOAuExf_ENbe5jAbhFRxzXoyfaDZRoK0/edit#range='QB-s2'!A77
QB,P04,C09,ABLR2_QB_s2_r000_P04_C09_SS891004_FRESH50,ABLR2 RR_VAL_SELECTED,49490,0.9014345225,0.06466266155,0.03617650906,3.576834187,4.391687186,38.29340008,0.983224983,0.9366776213,TPLUS,891004,a4e0d516c692517a13d508de4b227f71b9e5a018099c02b3b7f49c803b9274b1,QB-s2,76,https://docs.google.com/spreadsheets/d/1_-3KY2DbSk_AOAuExf_ENbe5jAbhFRxzXoyfaDZRoK0/edit#range='QB-s2'!A76
QB,P04,C10,ABLR2_QB_s2_r000_P04_C10_SS891004_FRESH50,ABLR2 RR_VAL_SELECTED,50000,0.9178103157,0.03751813163,0.04656785177,3.561945356,4.378545601,38.32465912,0.9833485581,0.9369135295,NONE,891004,6564db5df4222c6014d8f15a8b022af7306d763c620b282e6932e665e1f56906,QB-s2,75,https://docs.google.com/spreadsheets/d/1_-3KY2DbSk_AOAuExf_ENbe5jAbhFRxzXoyfaDZRoK0/edit#range='QB-s2'!A75
QB,P04,C11,ABLR2_QB_s2_r000_P04_C11_SS891004_FRESH50,ABLR2 RR_VAL_SELECTED,50000,0.9011083925,0.05815326671,0.04317667914,3.581852874,4.395354166,38.27795963,0.9831912274,0.9369961387,TZERO,891004,248a2179a4c39b58574c635642c6bc04a1eb7cc6b2b851053e92d93847d4c77d,QB-s2,74,https://docs.google.com/spreadsheets/d/1_-3KY2DbSk_AOAuExf_ENbe5jAbhFRxzXoyfaDZRoK0/edit#range='QB-s2'!A74
QB,P04,C12,ABLR2_QB_s2_r000_P04_C12_SS891004_FRESH50,ABLR2 RR_VAL_SELECTED,50000,0.8977705615,0.05224970876,0.05268094424,3.563180205,4.373099905,38.32185759,0.9834302905,0.9372665838,TPLUS,891004,fc4e9f442568621f54420f8b72eee4132865aa748013aaa0cf2742ba9bd269a5,QB-s2,93,https://docs.google.com/spreadsheets/d/1_-3KY2DbSk_AOAuExf_ENbe5jAbhFRxzXoyfaDZRoK0/edit#range='QB-s2'!A93
QB,P04,C13,ABLR2_QB_s2_r000_P04_C13_SS891004_FRESH50,ABLR2 RR_VAL_SELECTED,49490,0.9008092495,0.06148435481,0.04018389002,3.575989836,4.390275285,38.29494687,0.9832661272,0.937345308,TPLUS,891004,ad1718f63b7c1a21cb50b803bc81b1fdfad77c7618d5c735dd6cdaf7475ef07c,QB-s2,92,https://docs.google.com/spreadsheets/d/1_-3KY2DbSk_AOAuExf_ENbe5jAbhFRxzXoyfaDZRoK0/edit#range='QB-s2'!A92
QB,P04,C14,ABLR2_QB_s2_r000_P04_C14_SS891004_FRESH50,ABLR2 RR_VAL_SELECTED,46460,0.9068766284,0.05714069708,0.03812042866,3.582764962,4.387172774,38.27812041,0.9831419858,0.9370977877,TPLUS,891004,76c8ecf8e2a5709868c5f8d93008ecc828beffd36c165a742be0ed58352da9ac,QB-s2,91,https://docs.google.com/spreadsheets/d/1_-3KY2DbSk_AOAuExf_ENbe5jAbhFRxzXoyfaDZRoK0/edit#range='QB-s2'!A91
QB,P04,C15,ABLR2_QB_s2_r000_P04_C15_SS891004_FRESH50,ABLR2 RR_VAL_SELECTED,49490,0.9174769241,0.04149843162,0.04285887103,3.573397451,4.38810709,38.29497456,0.9833507637,0.9374582143,TPLUS,891004,6edc5bc7f4346a9e44366335eb9072106c2468eb459547350700b567ab193eac,QB-s2,90,https://docs.google.com/spreadsheets/d/1_-3KY2DbSk_AOAuExf_ENbe5jAbhFRxzXoyfaDZRoK0/edit#range='QB-s2'!A90
QB,P04,C16,ABLR2_QB_s2_r000_P04_C16_SS891004_FRESH50,ABLR2 RR_VAL_SELECTED,50000,0.9192697776,0.04311749736,0.03932287554,3.569722602,4.387797108,38.3030723,0.9833823854,0.9374075675,TPLUS,891004,2d21292b1ce2b597cbffaf08ccd15bbd9dbaf3630cfd50af7f25d00647877f57,QB-s2,89,https://docs.google.com/spreadsheets/d/1_-3KY2DbSk_AOAuExf_ENbe5jAbhFRxzXoyfaDZRoK0/edit#range='QB-s2'!A89
QB,P04,C17,ABLR2_QB_s2_r000_P04_C17_SS891004_FRESH50,ABLR2 RR_VAL_SELECTED,45450,0.9152853239,0.04226621266,0.04439430938,3.564888256,4.373142171,38.31947201,0.9833033289,0.9372459928,TZERO,891004,0efe56236cfe51314c4e78ad6e3b5aafeb9da2fa6f7136eda2ac77ae063eb132,QB-s2,83,https://docs.google.com/spreadsheets/d/1_-3KY2DbSk_AOAuExf_ENbe5jAbhFRxzXoyfaDZRoK0/edit#range='QB-s2'!A83
QB,P04,TPLUS,ABLR2_QB_s2_r000_P04_TPLUS_TS881004_FRESH50,ABLR2 RR_VAL_SELECTED,46460,0.9153802099,0.03561369653,0.0508329661,3.563366841,4.388773176,38.32389908,0.9832954203,0.9361757351,TPLUS,881004,a107a35839c3149c9c6afcd9ba0c3a091b8ab451158e7a231d6c604dd08c31ff,QB-s2,73,https://docs.google.com/spreadsheets/d/1_-3KY2DbSk_AOAuExf_ENbe5jAbhFRxzXoyfaDZRoK0/edit#range='QB-s2'!A73
QB,P04,TZERO,ABLR2_QB_s2_r000_P04_TZERO_TS881004_FRESH50,ABLR2 RR_VAL_SELECTED,46460,0.9171289265,0.03017742797,0.05449034241,3.570553471,4.38279949,38.30992278,0.9832391821,0.9365255598,TZERO,881004,5f298e7847751a00c362e577ad207ab46dcf71c624c1c72ef8c7ecd240b39e96,QB-s2,86,https://docs.google.com/spreadsheets/d/1_-3KY2DbSk_AOAuExf_ENbe5jAbhFRxzXoyfaDZRoK0/edit#range='QB-s2'!A86
QB,P05,C00,ABLR2_QB_s2_r000_P05_C00_SS891005_FRESH50,ABLR2 RR_VAL_SELECTED,48480,0.9192876515,0.02326873546,0.05906690571,3.592510214,4.397805075,38.25456751,0.9829816486,0.9362556108,NONE,891005,d0cf2949f000f6b4d0486a3b1658997b3700cb549f1141ac4f8f4714266ec3a8,QB-s2,97,https://docs.google.com/spreadsheets/d/1_-3KY2DbSk_AOAuExf_ENbe5jAbhFRxzXoyfaDZRoK0/edit#range='QB-s2'!A97
QB,P05,C01,ABLR2_QB_s2_r000_P05_C01_SS891005_FRESH50,ABLR2 RR_VAL_SELECTED,50000,0.9110089255,0.0528825573,0.03804439372,3.570700754,4.378094146,38.30599167,0.9833665178,0.9368415391,NONE,891005,8db0fbc4ac102cc39e0337f201135826b2143940105c15f97f6eddde6873fb47,QB-s2,98,https://docs.google.com/spreadsheets/d/1_-3KY2DbSk_AOAuExf_ENbe5jAbhFRxzXoyfaDZRoK0/edit#range='QB-s2'!A98
QB,P05,C02,ABLR2_QB_s2_r000_P05_C02_SS891005_FRESH50,ABLR2 RR_VAL_SELECTED,48480,0.9146668176,0.04461476721,0.04259770838,3.562582111,4.37802221,38.32194209,0.983386684,0.9373039363,NONE,891005,2b9e895f099797b3d1d0980dc2c94344538ed819a1efcd370b081fad93f503c7,QB-s2,99,https://docs.google.com/spreadsheets/d/1_-3KY2DbSk_AOAuExf_ENbe5jAbhFRxzXoyfaDZRoK0/edit#range='QB-s2'!A99
QB,P05,C03,ABLR2_QB_s2_r000_P05_C03_SS891005_FRESH50,ABLR2 RR_VAL_SELECTED,48480,0.9081159217,0.04644532357,0.04764063254,3.563396382,4.377852372,38.32282561,0.9834812735,0.9372013026,TPLUS,891005,86f4af66f11cd2b1994c0c8fba19f781d8b41d77aa57fe6510d2e5b47b694102,QB-s2,100,https://docs.google.com/spreadsheets/d/1_-3KY2DbSk_AOAuExf_ENbe5jAbhFRxzXoyfaDZRoK0/edit#range='QB-s2'!A100
QB,P05,C04,ABLR2_QB_s2_r000_P05_C04_SS891005_FRESH50,ABLR2 RR_VAL_SELECTED,48480,0.8997714811,0.05470786765,0.04812631646,3.551012228,4.36265962,38.35219024,0.9835068056,0.9370280544,TPLUS,891005,f5ce0f483bff6fa91a48c289d99922df96722e9f748618b7fdd111a74dedd5cc,QB-s2,102,https://docs.google.com/spreadsheets/d/1_-3KY2DbSk_AOAuExf_ENbe5jAbhFRxzXoyfaDZRoK0/edit#range='QB-s2'!A102
QB,P05,C05,ABLR2_QB_s2_r000_P05_C05_SS891005_FRESH50,ABLR2 RR_VAL_SELECTED,48480,0.904726008,0.05832919988,0.03915773016,3.573247625,4.385592028,38.29680028,0.9832607334,0.9370703371,TPLUS,891005,ed0530d338ed0f4bca014c407f0a10b6dd1b0aacc451b993473f8d5c385f9fe4,QB-s2,103,https://docs.google.com/spreadsheets/d/1_-3KY2DbSk_AOAuExf_ENbe5jAbhFRxzXoyfaDZRoK0/edit#range='QB-s2'!A103
QB,P05,C06,ABLR2_QB_s2_r000_P05_C06_SS891005_FRESH50,ABLR2 RR_VAL_SELECTED,48480,0.9062517841,0.05771618764,0.03816256885,3.574768504,4.385314361,38.29626517,0.9833461845,0.9369477997,TPLUS,891005,e0a70b90a053e939e00dd3a67829804524e6389dc4537f5ad256f7441396ba6d,QB-s2,104,https://docs.google.com/spreadsheets/d/1_-3KY2DbSk_AOAuExf_ENbe5jAbhFRxzXoyfaDZRoK0/edit#range='QB-s2'!A104
QB,P05,C16,ABLR2_QB_s2_r000_P05_C16_SS891005_FRESH50,ABLR2 RR_VAL_SELECTED,48480,0.9063830286,0.05734781486,0.03837351851,3.568920324,4.385637447,38.30550215,0.9833894076,0.9367037354,TPLUS,891005,15be4dbcc5458734d1e8da1bfb8c59daa95ddb3aec00538c98e484256519b60a,QB-s2,96,https://docs.google.com/spreadsheets/d/1_-3KY2DbSk_AOAuExf_ENbe5jAbhFRxzXoyfaDZRoK0/edit#range='QB-s2'!A96
QB,P05,C17,ABLR2_QB_s2_r000_P05_C17_SS891005_FRESH50,ABLR2 RR_VAL_SELECTED,49490,0.9178367013,0.04018073063,0.04379361071,3.557283753,4.375935242,38.33148235,0.9835617841,0.9375227621,TZERO,891005,a4ea29e82f43c42780d024766fed36888e404d7780a42a7ddcf739fa368ba23c,QB-s2,101,https://docs.google.com/spreadsheets/d/1_-3KY2DbSk_AOAuExf_ENbe5jAbhFRxzXoyfaDZRoK0/edit#range='QB-s2'!A101
QB,P05,TPLUS,ABLR2_QB_s2_r000_P05_TPLUS_TS881005_FRESH50,ABLR2 RR_VAL_SELECTED,46460,0.9107685915,0.02441897668,0.06680459721,3.573005265,4.382203371,38.30068638,0.9832944498,0.9365638666,TPLUS,881005,7e49b209f17125723625e48fa372a1c0fd25612d5520f11d186da120bf2ad82e,QB-s2,94,https://docs.google.com/spreadsheets/d/1_-3KY2DbSk_AOAuExf_ENbe5jAbhFRxzXoyfaDZRoK0/edit#range='QB-s2'!A94
QB,P05,TZERO,ABLR2_QB_s2_r000_P05_TZERO_TS881005_FRESH50,ABLR2 RR_VAL_SELECTED,46460,0.9240941369,0.02336999047,0.0540356946,3.564902278,4.3750838,38.32216043,0.9832978228,0.9369111344,TZERO,881005,01ee34db464e938700a2ab5c288098eff4793c34bc7f1f00dec812a4d8b011bd,QB-s2,95,https://docs.google.com/spreadsheets/d/1_-3KY2DbSk_AOAuExf_ENbe5jAbhFRxzXoyfaDZRoK0/edit#range='QB-s2'!A95
GF2,P01,C00,ABLR2_GF2_s3_r000_P01_C00_SS991001_FRESH50,ABLR2 RR_VAL_SELECTED,49490,0.9308964328,0.04387152538,0.02637211848,0.5992646653,0.6703788683,43.8450179,0.9924416161,0.9839345434,NONE,991001,cf12e675aa44a4688ff9912e3c8d364fd76865cdbb4c24fada15eb6a5e0185cb,GF2-s3(5090),44,https://docs.google.com/spreadsheets/d/1_-3KY2DbSk_AOAuExf_ENbe5jAbhFRxzXoyfaDZRoK0/edit#range='GF2-s3(5090)'!A44
GF2,P01,C01,ABLR2_GF2_s3_r000_P01_C01_SS991001_FRESH50,ABLR2 RR_VAL_SELECTED,50000,0.9557118176,0.02494351687,0.01982023146,0.575380366,0.6557542516,44.18740156,0.9930092006,0.9847167245,NONE,991001,4e06430d07fa8a4e5d978a8839c72ab5577065e38606d7a7006c2d34bbce0958,GF2-s3(5090),45,https://docs.google.com/spreadsheets/d/1_-3KY2DbSk_AOAuExf_ENbe5jAbhFRxzXoyfaDZRoK0/edit#range='GF2-s3(5090)'!A45
GF2,P01,C02,ABLR2_GF2_s3_r000_P01_C02_SS991001_FRESH50,ABLR2 RR_VAL_SELECTED,49490,0.9521409771,0.02802350898,0.02038689245,0.5703031132,0.6494884968,44.26510821,0.9931690007,0.9849926413,NONE,991001,90dd17c96d45db8576c6798bad80aede828e98ff05c7f8299454a6fbd89ee6d6,GF2-s3(5090),46,https://docs.google.com/spreadsheets/d/1_-3KY2DbSk_AOAuExf_ENbe5jAbhFRxzXoyfaDZRoK0/edit#range='GF2-s3(5090)'!A46
GF2,P01,C03,ABLR2_GF2_s3_r000_P01_C03_SS991001_FRESH50,ABLR2 RR_VAL_SELECTED,49490,0.9516279085,0.02875878145,0.02017226591,0.559628451,0.6337020438,44.39079094,0.9933866882,0.9853654425,PANDA_ABL_GF2_S3_ADAPTIVE_LOOP_20260923_v1_GF2_s3_TS981001_TPLUS_END50000,991001,61b9312b5077b4a17b2013350584cd43ec996ebd40675c1c944668b81de3c0a4,GF2-s3(5090),47,https://docs.google.com/spreadsheets/d/1_-3KY2DbSk_AOAuExf_ENbe5jAbhFRxzXoyfaDZRoK0/edit#range='GF2-s3(5090)'!A47
GF2,P01,C04,ABLR2_GF2_s3_r000_P01_C04_SS991001_FRESH50,ABLR2 RR_VAL_SELECTED,49490,0.9493166252,0.03059401616,0.02070538376,0.5579564026,0.6344092523,44.4037833,0.9934056426,0.9854365829,PANDA_ABL_GF2_S3_ADAPTIVE_LOOP_20260923_v1_GF2_s3_TS981001_TPLUS_END50000,991001,2640e8b0d69b20b05f5a0e7e63eb582d17b16c7460850a510ecadf74a71b482c,GF2-s3(5090),49,https://docs.google.com/spreadsheets/d/1_-3KY2DbSk_AOAuExf_ENbe5jAbhFRxzXoyfaDZRoK0/edit#range='GF2-s3(5090)'!A49
GF2,P01,C05,ABLR2_GF2_s3_r000_P01_C05_SS991001_FRESH50,ABLR2 RR_VAL_SELECTED,50000,0.9483815867,0.03083671452,0.02141759557,0.5602355245,0.6377753557,44.37671291,0.9933638444,0.9853447752,PANDA_ABL_GF2_S3_ADAPTIVE_LOOP_20260923_v1_GF2_s3_TS981001_TPLUS_END50000,991001,44eba193c046c73db35eb4f580acaab9ea1aa0debb76312655bd9272d52a3762,GF2-s3(5090),50,https://docs.google.com/spreadsheets/d/1_-3KY2DbSk_AOAuExf_ENbe5jAbhFRxzXoyfaDZRoK0/edit#range='GF2-s3(5090)'!A50
GF2,P01,C06,ABLR2_GF2_s3_r000_P01_C06_SS991001_FRESH50,ABLR2 RR_VAL_SELECTED,49490,0.945755897,0.03417205205,0.02075624245,0.5593065321,0.637613189,44.39788633,0.9933971251,0.9853270275,PANDA_ABL_GF2_S3_ADAPTIVE_LOOP_20260923_v1_GF2_s3_TS981001_TPLUS_END50000,991001,e475ded705e4776a78c9a8158c7b9f29dfa590a5e769cb02e7b860201783bc59,GF2-s3(5090),51,https://docs.google.com/spreadsheets/d/1_-3KY2DbSk_AOAuExf_ENbe5jAbhFRxzXoyfaDZRoK0/edit#range='GF2-s3(5090)'!A51
GF2,P01,C07,ABLR2_GF2_s3_r000_P01_C07_SS991001_FRESH50,ABLR2 RR_VAL_SELECTED,49490,0.9385915351,0.04095964414,0.02130971153,0.5566220556,0.6347180384,44.4300362,0.9934723486,0.9854254688,PANDA_ABL_GF2_S3_ADAPTIVE_LOOP_20260923_v1_GF2_s3_TS981001_TPLUS_END50000,991001,2f33d767cefdc62f0bfcb9f5df17397ef6fa8baf5d4a73025ef67d6fa9a5c48c,GF2-s3(5090),52,https://docs.google.com/spreadsheets/d/1_-3KY2DbSk_AOAuExf_ENbe5jAbhFRxzXoyfaDZRoK0/edit#range='GF2-s3(5090)'!A52
GF2,P01,C08,ABLR2_GF2_s3_r000_P01_C08_SS991001_FRESH50,ABLR2 RR_VAL_SELECTED,50000,0.9389475875,0.03530272655,0.02668850184,0.5950060842,0.6543440714,43.95200964,0.9926930004,0.9846212971,PANDA_ABL_GF2_S3_ADAPTIVE_LOOP_20260923_v1_GF2_s3_TS981001_TPLUS_END50000,991001,2e2be5a1e395c3597553ebe698507ce8bbbd305eb0857399fbc5d4d38f77f907,GF2-s3(5090),53,https://docs.google.com/spreadsheets/d/1_-3KY2DbSk_AOAuExf_ENbe5jAbhFRxzXoyfaDZRoK0/edit#range='GF2-s3(5090)'!A53
GF2,P01,C09,ABLR2_GF2_s3_r000_P01_C09_SS991001_FRESH50,ABLR2 RR_VAL_SELECTED,49490,0.94892501,0.03079476469,0.02089784652,0.5735422166,0.6512605313,44.21126213,0.9930706159,0.9847409813,PANDA_ABL_GF2_S3_ADAPTIVE_LOOP_20260923_v1_GF2_s3_TS981001_TPLUS_END50000,991001,817a63b094aceec31b5a1f5c9a036245366f4db9308c314d5fb775b3133363e8,GF2-s3(5090),54,https://docs.google.com/spreadsheets/d/1_-3KY2DbSk_AOAuExf_ENbe5jAbhFRxzXoyfaDZRoK0/edit#range='GF2-s3(5090)'!A54
GF2,P01,C10,ABLR2_GF2_s3_r000_P01_C10_SS991001_FRESH50,ABLR2 RR_VAL_SELECTED,49490,0.9520028882,0.02793089638,0.02061648369,0.5717766397,0.6490090475,44.23094169,0.9931027351,0.984882678,NONE,991001,f9e8771718a84a766aa3c1507cf0f93de7f8a18c77de5f837803c7fa4fe0ea67,GF2-s3(5090),55,https://docs.google.com/spreadsheets/d/1_-3KY2DbSk_AOAuExf_ENbe5jAbhFRxzXoyfaDZRoK0/edit#range='GF2-s3(5090)'!A55
GF2,P01,C11,ABLR2_GF2_s3_r000_P01_C11_SS991001_FRESH50,ABLR2 RR_VAL_SELECTED,50000,0.9480711417,0.0314905748,0.02108167671,0.5623264365,0.6397647074,44.34729322,0.9933104384,0.9851705291,PANDA_ABL_GF2_S3_ADAPTIVE_LOOP_20260923_v1_GF2_s3_TS981001_TZERO_END50000,991001,778870cb1dba508f17a40d88a02d04fddf309b033c7104283494d6e24c753842,GF2-s3(5090),56,https://docs.google.com/spreadsheets/d/1_-3KY2DbSk_AOAuExf_ENbe5jAbhFRxzXoyfaDZRoK0/edit#range='GF2-s3(5090)'!A56
GF2,P01,C12,ABLR2_GF2_s3_r000_P01_C12_SS991001_FRESH50,ABLR2 RR_VAL_SELECTED,50000,0.9500398355,0.02980224093,0.02076205707,0.5616299293,0.6369906317,44.35785147,0.9933164109,0.9852914037,PANDA_ABL_GF2_S3_ADAPTIVE_LOOP_20260923_v1_GF2_s3_TS981001_TPLUS_END50000,991001,f6618608e683bf6e275dc3bbccb20351a380bd58bf2f999575b22eb7081d9603,GF2-s3(5090),57,https://docs.google.com/spreadsheets/d/1_-3KY2DbSk_AOAuExf_ENbe5jAbhFRxzXoyfaDZRoK0/edit#range='GF2-s3(5090)'!A57
GF2,P01,C13,ABLR2_GF2_s3_r000_P01_C13_SS991001_FRESH50,ABLR2 RR_VAL_SELECTED,50000,0.9465354871,0.03374271734,0.02039367933,0.558483058,0.6362742478,44.40447468,0.9934026197,0.9854081571,PANDA_ABL_GF2_S3_ADAPTIVE_LOOP_20260923_v1_GF2_s3_TS981001_TPLUS_END50000,991001,bc8a61fcc05cafdf6288d00732c7a682c26c18cd1e7b1f805c32fe6adb8cafa3,GF2-s3(5090),58,https://docs.google.com/spreadsheets/d/1_-3KY2DbSk_AOAuExf_ENbe5jAbhFRxzXoyfaDZRoK0/edit#range='GF2-s3(5090)'!A58
GF2,P01,C14,ABLR2_GF2_s3_r000_P01_C14_SS991001_FRESH50,ABLR2 RR_VAL_SELECTED,50000,0.9500676898,0.02886527654,0.02167239626,0.5590869595,0.6365700698,44.39625931,0.9934069727,0.9853191697,PANDA_ABL_GF2_S3_ADAPTIVE_LOOP_20260923_v1_GF2_s3_TS981001_TPLUS_END50000,991001,3bd68139003b73d239148263c7df0a8850ae8c01af4ad9dd9f188220e67e9d6e,GF2-s3(5090),59,https://docs.google.com/spreadsheets/d/1_-3KY2DbSk_AOAuExf_ENbe5jAbhFRxzXoyfaDZRoK0/edit#range='GF2-s3(5090)'!A59
GF2,P01,C15,ABLR2_GF2_s3_r000_P01_C15_SS991001_FRESH50,ABLR2 RR_VAL_SELECTED,50000,0.9488199419,0.03102191575,0.02077875323,0.556852145,0.6351289338,44.41926356,0.9934284788,0.9854092902,PANDA_ABL_GF2_S3_ADAPTIVE_LOOP_20260923_v1_GF2_s3_TS981001_TPLUS_END50000,991001,9edc4e207f84e95b04bbae1be98413f3ab06a3f36497fa15d5a50c71cb17ce47,GF2-s3(5090),60,https://docs.google.com/spreadsheets/d/1_-3KY2DbSk_AOAuExf_ENbe5jAbhFRxzXoyfaDZRoK0/edit#range='GF2-s3(5090)'!A60
GF2,P01,C16,ABLR2_GF2_s3_r000_P01_C16_SS991001_FRESH50,ABLR2 RR_VAL_SELECTED,50000,0.9495535223,0.03047148211,0.02057234141,0.5634354661,0.6426124131,44.33642618,0.9932842245,0.9851371942,PANDA_ABL_GF2_S3_ADAPTIVE_LOOP_20260923_v1_GF2_s3_TS981001_TPLUS_END50000,991001,380f98f73400c4649aed3596d0d419dc3650c05fc63ebec12aa817b863115e50,GF2-s3(5090),61,https://docs.google.com/spreadsheets/d/1_-3KY2DbSk_AOAuExf_ENbe5jAbhFRxzXoyfaDZRoK0/edit#range='GF2-s3(5090)'!A61
GF2,P01,C17,ABLR2_GF2_s3_r000_P01_C17_SS991001_FRESH50,ABLR2 RR_VAL_SELECTED,49490,0.9448252078,0.03424922499,0.02164373297,0.5592289363,0.6344910267,44.39120291,0.9933889423,0.9854571452,PANDA_ABL_GF2_S3_ADAPTIVE_LOOP_20260923_v1_GF2_s3_TS981001_TZERO_END50000,991001,9b9384b8354ff86855f14b5692ee0ec1b1214ac3f14c140697c1f75bfb0bcfe7,GF2-s3(5090),48,https://docs.google.com/spreadsheets/d/1_-3KY2DbSk_AOAuExf_ENbe5jAbhFRxzXoyfaDZRoK0/edit#range='GF2-s3(5090)'!A48
GF2,P01,TPLUS,ABLR2_GF2_s3_r000_P01_TPLUS_TS981001_FRESH50,ABLR2 RR_VAL_SELECTED,50000,0.9449134013,0.03014999187,0.0257074227,0.5731906939,0.6447559704,44.21751582,0.9930913795,0.9849954519,PANDA_ABL_GF2_S3_ADAPTIVE_LOOP_20260923_v1_GF2_s3_TS981001_TPLUS_END50000,981001,1b27e56392daa7733c830be549197bf241be3f3dd8db2261afb550707f711973,GF2-s3(5090),42,https://docs.google.com/spreadsheets/d/1_-3KY2DbSk_AOAuExf_ENbe5jAbhFRxzXoyfaDZRoK0/edit#range='GF2-s3(5090)'!A42
GF2,P01,TZERO,ABLR2_GF2_s3_r000_P01_TZERO_TS981001_FRESH50,ABLR2 RR_VAL_SELECTED,48480,0.9355376038,0.03893564286,0.02655325372,0.5773510518,0.6468017474,44.1609521,0.9929974599,0.984984315,PANDA_ABL_GF2_S3_ADAPTIVE_LOOP_20260923_v1_GF2_s3_TS981001_TZERO_END50000,981001,da4bd32c341b40bad51e08242883bcd1e3bbd30cf7c437aae232457621835a45,GF2-s3(5090),43,https://docs.google.com/spreadsheets/d/1_-3KY2DbSk_AOAuExf_ENbe5jAbhFRxzXoyfaDZRoK0/edit#range='GF2-s3(5090)'!A43
GF2,P02,C00,ABLR2_GF2_s3_r000_P02_C00_SS991002_FRESH50,ABLR2 RR_VAL_SELECTED,50000,0.9371053258,0.0399145317,0.02392616207,0.5997362684,0.670780272,43.85614553,0.9924439205,0.983898703,NONE,991002,cfddec9ea12872e8c2d8bad45c628a1300f0cbdae79620a1d8adc25605a0cd00,GF2-s3(5090),68,https://docs.google.com/spreadsheets/d/1_-3KY2DbSk_AOAuExf_ENbe5jAbhFRxzXoyfaDZRoK0/edit#range='GF2-s3(5090)'!A68
GF2,P02,C01,ABLR2_GF2_s3_r000_P02_C01_SS991002_FRESH50,ABLR2 RR_VAL_SELECTED,50000,0.959453265,0.02045936371,0.02049315644,0.573744352,0.6526953218,44.21367517,0.9930537772,0.9847495295,NONE,991002,12464537cfb9d08dbeec4bf2f81a693dcbb788112019b1e6529d0c1fa02c1133,GF2-s3(5090),67,https://docs.google.com/spreadsheets/d/1_-3KY2DbSk_AOAuExf_ENbe5jAbhFRxzXoyfaDZRoK0/edit#range='GF2-s3(5090)'!A67
GF2,P02,C02,ABLR2_GF2_s3_r000_P02_C02_SS991002_FRESH50,ABLR2 RR_VAL_SELECTED,50000,0.9582510544,0.02248506272,0.01968919971,0.573913972,0.6485609221,44.20248425,0.9930346756,0.9847889721,NONE,991002,be7fc1de8419714942c0a9896718649b892199ec71f4ece69be8fec7be5a88bf,GF2-s3(5090),66,https://docs.google.com/spreadsheets/d/1_-3KY2DbSk_AOAuExf_ENbe5jAbhFRxzXoyfaDZRoK0/edit#range='GF2-s3(5090)'!A66
GF2,P02,C03,ABLR2_GF2_s3_r000_P02_C03_SS991002_FRESH50,ABLR2 RR_VAL_SELECTED,47470,0.9547951977,0.02342543344,0.02226966458,0.5585050027,0.6328913052,44.41073581,0.993426243,0.9854644604,PANDA_ABL_GF2_S3_ADAPTIVE_LOOP_20260923_v1_GF2_s3_TS981002_TPLUS_END50000,991002,2c635906a90871536a145295a8eabb301a59470e3c22a34eb19d54f1a4f0ba85,GF2-s3(5090),64,https://docs.google.com/spreadsheets/d/1_-3KY2DbSk_AOAuExf_ENbe5jAbhFRxzXoyfaDZRoK0/edit#range='GF2-s3(5090)'!A64
GF2,P02,C04,ABLR2_GF2_s3_r000_P02_C04_SS991002_FRESH50,ABLR2 RR_VAL_SELECTED,50000,0.9511686806,0.02824170648,0.02116140465,0.5585329316,0.634786541,44.41193369,0.9934140876,0.9854377444,PANDA_ABL_GF2_S3_ADAPTIVE_LOOP_20260923_v1_GF2_s3_TS981002_TPLUS_END50000,991002,a0e84a59c57c38b8398f326ca63b6048a83df8860d63ad54f6d18776a4d569fc,GF2-s3(5090),80,https://docs.google.com/spreadsheets/d/1_-3KY2DbSk_AOAuExf_ENbe5jAbhFRxzXoyfaDZRoK0/edit#range='GF2-s3(5090)'!A80
GF2,P02,C05,ABLR2_GF2_s3_r000_P02_C05_SS991002_FRESH50,ABLR2 RR_VAL_SELECTED,50000,0.9543367515,0.0262345441,0.01992340698,0.5632968292,0.6407409273,44.33593221,0.9933123456,0.9850610556,PANDA_ABL_GF2_S3_ADAPTIVE_LOOP_20260923_v1_GF2_s3_TS981002_TPLUS_END50000,991002,698c48f5b445357137bb1267614dfbb0a6861c4b2626f75266050e730295de72,GF2-s3(5090),79,https://docs.google.com/spreadsheets/d/1_-3KY2DbSk_AOAuExf_ENbe5jAbhFRxzXoyfaDZRoK0/edit#range='GF2-s3(5090)'!A79
GF2,P02,C06,ABLR2_GF2_s3_r000_P02_C06_SS991002_FRESH50,ABLR2 RR_VAL_SELECTED,50000,0.952036652,0.02836216224,0.02014449814,0.5611684967,0.6382571454,44.35469466,0.9933209738,0.9851940049,PANDA_ABL_GF2_S3_ADAPTIVE_LOOP_20260923_v1_GF2_s3_TS981002_TPLUS_END50000,991002,50bdb66c226f543abd9b8d1b76832bad916ebb32e006f20e923a31b0f61dc654,GF2-s3(5090),78,https://docs.google.com/spreadsheets/d/1_-3KY2DbSk_AOAuExf_ENbe5jAbhFRxzXoyfaDZRoK0/edit#range='GF2-s3(5090)'!A78
GF2,P02,C07,ABLR2_GF2_s3_r000_P02_C07_SS991002_FRESH50,ABLR2 RR_VAL_SELECTED,50000,0.9611484704,0.01918795634,0.02002394839,0.5630447459,0.6385305883,44.33161489,0.9933118392,0.9851719631,PANDA_ABL_GF2_S3_ADAPTIVE_LOOP_20260923_v1_GF2_s3_TS981002_TPLUS_END50000,991002,94a6d8656614c76174668ed6046dd987b02cfdcc3e35b4cc7aa48ed6726fe573,GF2-s3(5090),77,https://docs.google.com/spreadsheets/d/1_-3KY2DbSk_AOAuExf_ENbe5jAbhFRxzXoyfaDZRoK0/edit#range='GF2-s3(5090)'!A77
GF2,P02,C08,ABLR2_GF2_s3_r000_P02_C08_SS991002_FRESH50,ABLR2 RR_VAL_SELECTED,50000,0.9431246324,0.03268230594,0.02500063441,0.5753621666,0.6479571652,44.16127419,0.99307498,0.984843249,PANDA_ABL_GF2_S3_ADAPTIVE_LOOP_20260923_v1_GF2_s3_TS981002_TPLUS_END50000,991002,a20a54739f482dc605e43b592323904f9af104c203de46222f3a5e88e8583eeb,GF2-s3(5090),76,https://docs.google.com/spreadsheets/d/1_-3KY2DbSk_AOAuExf_ENbe5jAbhFRxzXoyfaDZRoK0/edit#range='GF2-s3(5090)'!A76
GF2,P02,C09,ABLR2_GF2_s3_r000_P02_C09_SS991002_FRESH50,ABLR2 RR_VAL_SELECTED,50000,0.9513161242,0.02888641487,0.0203691355,0.5786901851,0.6574499524,44.13827795,0.9929762459,0.9845669175,PANDA_ABL_GF2_S3_ADAPTIVE_LOOP_20260923_v1_GF2_s3_TS981002_TPLUS_END50000,991002,fbb3b4e040a53588df7b9852eab3163302cb12291d2b13c6cb92b45ccd640215,GF2-s3(5090),75,https://docs.google.com/spreadsheets/d/1_-3KY2DbSk_AOAuExf_ENbe5jAbhFRxzXoyfaDZRoK0/edit#range='GF2-s3(5090)'!A75
GF2,P02,C10,ABLR2_GF2_s3_r000_P02_C10_SS991002_FRESH50,ABLR2 RR_VAL_SELECTED,50000,0.9565453493,0.02363328398,0.02027733556,0.5705881685,0.6479047849,44.25415935,0.9931401942,0.9849358078,NONE,991002,afbbb397234921f6f322c6f34ffbb614c59526715c2efd9b7b07d9ad4c0178c0,GF2-s3(5090),74,https://docs.google.com/spreadsheets/d/1_-3KY2DbSk_AOAuExf_ENbe5jAbhFRxzXoyfaDZRoK0/edit#range='GF2-s3(5090)'!A74
GF2,P02,C11,ABLR2_GF2_s3_r000_P02_C11_SS991002_FRESH50,ABLR2 RR_VAL_SELECTED,47470,0.9505107433,0.029271121,0.02080229674,0.5610890751,0.6375987578,44.37199039,0.9933771547,0.9851773736,PANDA_ABL_GF2_S3_ADAPTIVE_LOOP_20260923_v1_GF2_s3_TS981002_TZERO_END50000,991002,8bc9ee75d01052739fc158f5528ee2797ef11f43ae78e9f286fd521b570e12e6,GF2-s3(5090),73,https://docs.google.com/spreadsheets/d/1_-3KY2DbSk_AOAuExf_ENbe5jAbhFRxzXoyfaDZRoK0/edit#range='GF2-s3(5090)'!A73
GF2,P02,C12,ABLR2_GF2_s3_r000_P02_C12_SS991002_FRESH50,ABLR2 RR_VAL_SELECTED,50000,0.9562538457,0.02445454538,0.01974905553,0.5614406481,0.6360587149,44.37222628,0.9933707699,0.9853790457,PANDA_ABL_GF2_S3_ADAPTIVE_LOOP_20260923_v1_GF2_s3_TS981002_TPLUS_END50000,991002,ebffa7dd26e1477a61df064cbb0ef67cfc5d8abb53460e6c98c8a0fd2c2e679f,GF2-s3(5090),72,https://docs.google.com/spreadsheets/d/1_-3KY2DbSk_AOAuExf_ENbe5jAbhFRxzXoyfaDZRoK0/edit#range='GF2-s3(5090)'!A72
GF2,P02,C13,ABLR2_GF2_s3_r000_P02_C13_SS991002_FRESH50,ABLR2 RR_VAL_SELECTED,50000,0.9578409247,0.02278565622,0.01979657766,0.5602890945,0.638059525,44.38556291,0.9934111417,0.9852823749,PANDA_ABL_GF2_S3_ADAPTIVE_LOOP_20260923_v1_GF2_s3_TS981002_TPLUS_END50000,991002,8a0c964460373647e0b754e10894638bc0dd37994d0a5e529d1064d859b2ca95,GF2-s3(5090),71,https://docs.google.com/spreadsheets/d/1_-3KY2DbSk_AOAuExf_ENbe5jAbhFRxzXoyfaDZRoK0/edit#range='GF2-s3(5090)'!A71
GF2,P02,C14,ABLR2_GF2_s3_r000_P02_C14_SS991002_FRESH50,ABLR2 RR_VAL_SELECTED,47470,0.9564095992,0.02431626202,0.01972436817,0.5626963355,0.6390873625,44.3417771,0.9933139195,0.985202614,PANDA_ABL_GF2_S3_ADAPTIVE_LOOP_20260923_v1_GF2_s3_TS981002_TPLUS_END50000,991002,86cfc715a5cc674d45cd194040f90fd125c54dc461be84e669c6125f9ecaa78c,GF2-s3(5090),70,https://docs.google.com/spreadsheets/d/1_-3KY2DbSk_AOAuExf_ENbe5jAbhFRxzXoyfaDZRoK0/edit#range='GF2-s3(5090)'!A70
GF2,P02,C15,ABLR2_GF2_s3_r000_P02_C15_SS991002_FRESH50,ABLR2 RR_VAL_SELECTED,50000,0.9536505967,0.02614230924,0.02071627184,0.560745178,0.6381427172,44.37126991,0.9933736844,0.985268223,PANDA_ABL_GF2_S3_ADAPTIVE_LOOP_20260923_v1_GF2_s3_TS981002_TPLUS_END50000,991002,5b7c9c6fabd432e2b9cff15431394a0181abbac5c3757068aa1791cda9bf05ee,GF2-s3(5090),69,https://docs.google.com/spreadsheets/d/1_-3KY2DbSk_AOAuExf_ENbe5jAbhFRxzXoyfaDZRoK0/edit#range='GF2-s3(5090)'!A69
GF2,P02,C16,ABLR2_GF2_s3_r000_P02_C16_SS991002_FRESH50,ABLR2 RR_VAL_SELECTED,50000,0.9582281933,0.02264156238,0.01954478488,0.5615161594,0.6400268349,44.36656349,0.993359592,0.9852286885,PANDA_ABL_GF2_S3_ADAPTIVE_LOOP_20260923_v1_GF2_s3_TS981002_TPLUS_END50000,991002,784363ca41a2b370cf16672f850312b3ff20a94445bbff5fa29816d6f681694b,GF2-s3(5090),141,https://docs.google.com/spreadsheets/d/1_-3KY2DbSk_AOAuExf_ENbe5jAbhFRxzXoyfaDZRoK0/edit#range='GF2-s3(5090)'!A141
GF2,P02,C17,ABLR2_GF2_s3_r000_P02_C17_SS991002_FRESH50,ABLR2 RR_VAL_SELECTED,50000,0.9594149727,0.02001295262,0.02095907541,0.5601415441,0.6369244649,44.37719411,0.993359709,0.9852809694,PANDA_ABL_GF2_S3_ADAPTIVE_LOOP_20260923_v1_GF2_s3_TS981002_TZERO_END50000,991002,f08590b28f1f40f43a8f7d19a65fccdb8f1ff2c8e8d8cf7223ddc71849ace21f,GF2-s3(5090),65,https://docs.google.com/spreadsheets/d/1_-3KY2DbSk_AOAuExf_ENbe5jAbhFRxzXoyfaDZRoK0/edit#range='GF2-s3(5090)'!A65
GF2,P02,TPLUS,ABLR2_GF2_s3_r000_P02_TPLUS_TS981002_FRESH50,ABLR2 RR_VAL_SELECTED,49490,0.9391779112,0.03516447768,0.02657862962,0.5646544162,0.6360874855,44.34101167,0.9933360532,0.9853431335,PANDA_ABL_GF2_S3_ADAPTIVE_LOOP_20260923_v1_GF2_s3_TS981002_TPLUS_END50000,981002,41de268d543f96c1f8ca38520eb8daff5783075e89735147e1355bc3262b8c3b,GF2-s3(5090),63,https://docs.google.com/spreadsheets/d/1_-3KY2DbSk_AOAuExf_ENbe5jAbhFRxzXoyfaDZRoK0/edit#range='GF2-s3(5090)'!A63
GF2,P02,TZERO,ABLR2_GF2_s3_r000_P02_TZERO_TS981002_FRESH50,ABLR2 RR_VAL_SELECTED,49490,0.9390593165,0.0366417822,0.02521152286,0.5598298057,0.6332364325,44.38235807,0.9934105843,0.985440119,PANDA_ABL_GF2_S3_ADAPTIVE_LOOP_20260923_v1_GF2_s3_TS981002_TZERO_END50000,981002,7048984cfaf501d80d5d9dc1b014f8ee0eceb9cc8d8d9c848046573c987ae671,GF2-s3(5090),62,https://docs.google.com/spreadsheets/d/1_-3KY2DbSk_AOAuExf_ENbe5jAbhFRxzXoyfaDZRoK0/edit#range='GF2-s3(5090)'!A62
GF2,P03,C00,ABLR2_GF2_s3_r000_P03_C00_SS991003_FRESH50,ABLR2 RR_VAL_SELECTED,50000,0.933259081,0.04274951391,0.02505420674,0.6034205206,0.6750303203,43.79987072,0.9923417115,0.9838340352,NONE,991003,e2568ee64b0ea1dc600efc4460828db10ea73cdf200f431ac489a7e0a951e472,GF2-s3(5090),92,https://docs.google.com/spreadsheets/d/1_-3KY2DbSk_AOAuExf_ENbe5jAbhFRxzXoyfaDZRoK0/edit#range='GF2-s3(5090)'!A92
GF2,P03,C01,ABLR2_GF2_s3_r000_P03_C01_SS991003_FRESH50,ABLR2 RR_VAL_SELECTED,50000,0.9523049117,0.02699046073,0.02125613128,0.5744255449,0.653326849,44.19675037,0.9930147324,0.9847554934,NONE,991003,af422aecf4858b912d9aa1015026e9475bb57808c10b79e701d7e838185a841f,GF2-s3(5090),93,https://docs.google.com/spreadsheets/d/1_-3KY2DbSk_AOAuExf_ENbe5jAbhFRxzXoyfaDZRoK0/edit#range='GF2-s3(5090)'!A93
GF2,P03,C02,ABLR2_GF2_s3_r000_P03_C02_SS991003_FRESH50,ABLR2 RR_VAL_SELECTED,50000,0.9492030507,0.03007960477,0.02133618189,0.5713834859,0.6491518801,44.24357121,0.9930953572,0.9848596794,NONE,991003,f99cc9315ac4746071ad9e5c9c1a4db7e3a1c680493ac972d6d480f749b0d9ca,GF2-s3(5090),94,https://docs.google.com/spreadsheets/d/1_-3KY2DbSk_AOAuExf_ENbe5jAbhFRxzXoyfaDZRoK0/edit#range='GF2-s3(5090)'!A94
GF2,P03,C03,ABLR2_GF2_s3_r000_P03_C03_SS991003_FRESH50,ABLR2 RR_VAL_SELECTED,50000,0.9496716256,0.03057442219,0.02035201422,0.5564528908,0.6334213539,44.43987712,0.9934726741,0.9854618959,PANDA_ABL_GF2_S3_ADAPTIVE_LOOP_20260923_v1_GF2_s3_TS981003_TPLUS_END50000,991003,1796d218282c4cd284391cf5e73330ba1e78b9eaea9d9cdb14045bea045c3100,GF2-s3(5090),95,https://docs.google.com/spreadsheets/d/1_-3KY2DbSk_AOAuExf_ENbe5jAbhFRxzXoyfaDZRoK0/edit#range='GF2-s3(5090)'!A95
GF2,P03,C04,ABLR2_GF2_s3_r000_P03_C04_SS991003_FRESH50,ABLR2 RR_VAL_SELECTED,50000,0.9514464475,0.02933845343,0.01976590708,0.5561966745,0.6326157376,44.44470622,0.9934524207,0.9854708512,PANDA_ABL_GF2_S3_ADAPTIVE_LOOP_20260923_v1_GF2_s3_TS981003_TPLUS_END50000,991003,07f2023757396d9d15795bd3dc044bf73fdd21f4c78f08e546ad59a0cc36c3e4,GF2-s3(5090),97,https://docs.google.com/spreadsheets/d/1_-3KY2DbSk_AOAuExf_ENbe5jAbhFRxzXoyfaDZRoK0/edit#range='GF2-s3(5090)'!A97
GF2,P03,C05,ABLR2_GF2_s3_r000_P03_C05_SS991003_FRESH50,ABLR2 RR_VAL_SELECTED,50000,0.9502667931,0.02984155123,0.02048361198,0.5620320751,0.6381422174,44.35202471,0.9933459674,0.9852595551,PANDA_ABL_GF2_S3_ADAPTIVE_LOOP_20260923_v1_GF2_s3_TS981003_TPLUS_END50000,991003,6703fcbd93bbf9bf4defa1b4fc0faed5e081d8c7d4a00f44f0d041d3cfaf0597,GF2-s3(5090),98,https://docs.google.com/spreadsheets/d/1_-3KY2DbSk_AOAuExf_ENbe5jAbhFRxzXoyfaDZRoK0/edit#range='GF2-s3(5090)'!A98
GF2,P03,C06,ABLR2_GF2_s3_r000_P03_C06_SS991003_FRESH50,ABLR2 RR_VAL_SELECTED,50000,0.9532040271,0.02705080342,0.02026951887,0.5598836124,0.6387186871,44.3950067,0.9933853966,0.9852802519,PANDA_ABL_GF2_S3_ADAPTIVE_LOOP_20260923_v1_GF2_s3_TS981003_TPLUS_END50000,991003,f1a62b6c39e769dc572ee8a8a838dde3af864ffaf29ba950e01484bfbeae3897,GF2-s3(5090),99,https://docs.google.com/spreadsheets/d/1_-3KY2DbSk_AOAuExf_ENbe5jAbhFRxzXoyfaDZRoK0/edit#range='GF2-s3(5090)'!A99
GF2,P03,C07,ABLR2_GF2_s3_r000_P03_C07_SS991003_FRESH50,ABLR2 RR_VAL_SELECTED,50000,0.9471315801,0.03350900391,0.019998359,0.5576599429,0.6361883125,44.41894137,0.9934331648,0.9853348368,PANDA_ABL_GF2_S3_ADAPTIVE_LOOP_20260923_v1_GF2_s3_TS981003_TPLUS_END50000,991003,3997007d1c6aa6c49b68dc4a70b873c8fa8c4aeb9ab89145268f18d2053439c1,GF2-s3(5090),100,https://docs.google.com/spreadsheets/d/1_-3KY2DbSk_AOAuExf_ENbe5jAbhFRxzXoyfaDZRoK0/edit#range='GF2-s3(5090)'!A100
GF2,P03,C08,ABLR2_GF2_s3_r000_P03_C08_SS991003_FRESH50,ABLR2 RR_VAL_SELECTED,50000,0.9390051943,0.03784219615,0.02404935712,0.5880491489,0.6540583767,44.02327419,0.9928047542,0.9845749475,PANDA_ABL_GF2_S3_ADAPTIVE_LOOP_20260923_v1_GF2_s3_TS981003_TPLUS_END50000,991003,65802b373330e0a67cf915bf589ce049831ba82ecb13132e77d9c0ba67996acf,GF2-s3(5090),83,https://docs.google.com/spreadsheets/d/1_-3KY2DbSk_AOAuExf_ENbe5jAbhFRxzXoyfaDZRoK0/edit#range='GF2-s3(5090)'!A83
GF2,P03,C09,ABLR2_GF2_s3_r000_P03_C09_SS991003_FRESH50,ABLR2 RR_VAL_SELECTED,50000,0.9479153025,0.03112260517,0.02161294091,0.5814295621,0.6599184353,44.10385007,0.9928917513,0.9845677358,PANDA_ABL_GF2_S3_ADAPTIVE_LOOP_20260923_v1_GF2_s3_TS981003_TPLUS_END50000,991003,241aff5b20c053ba4a286fbfbb90f28e246def5a271c7026202d1196b5c76066,GF2-s3(5090),84,https://docs.google.com/spreadsheets/d/1_-3KY2DbSk_AOAuExf_ENbe5jAbhFRxzXoyfaDZRoK0/edit#range='GF2-s3(5090)'!A84
GF2,P03,C10,ABLR2_GF2_s3_r000_P03_C10_SS991003_FRESH50,ABLR2 RR_VAL_SELECTED,49490,0.9468757339,0.03299756662,0.02080033761,0.5712436241,0.6484233655,44.24193372,0.9931143337,0.9848492717,NONE,991003,8acf27821fdbbf66a1a1c9171b34f5171d4152186fb8dc2c36b9912f87688657,GF2-s3(5090),85,https://docs.google.com/spreadsheets/d/1_-3KY2DbSk_AOAuExf_ENbe5jAbhFRxzXoyfaDZRoK0/edit#range='GF2-s3(5090)'!A85
GF2,P03,C11,ABLR2_GF2_s3_r000_P03_C11_SS991003_FRESH50,ABLR2 RR_VAL_SELECTED,50000,0.9455654232,0.03382807383,0.02130185749,0.5611420922,0.638948128,44.36581172,0.9933680447,0.9852458789,PANDA_ABL_GF2_S3_ADAPTIVE_LOOP_20260923_v1_GF2_s3_TS981003_TZERO_END50000,991003,c057c30e8f3ad3a6aff0b1d5c170d88850e5728bba63ea60c41d4668908d02b1,GF2-s3(5090),86,https://docs.google.com/spreadsheets/d/1_-3KY2DbSk_AOAuExf_ENbe5jAbhFRxzXoyfaDZRoK0/edit#range='GF2-s3(5090)'!A86
GF2,P03,C12,ABLR2_GF2_s3_r000_P03_C12_SS991003_FRESH50,ABLR2 RR_VAL_SELECTED,50000,0.9523298315,0.02837829294,0.01982338658,0.5567092497,0.6344551919,44.43752907,0.9934685237,0.9854486118,PANDA_ABL_GF2_S3_ADAPTIVE_LOOP_20260923_v1_GF2_s3_TS981003_TPLUS_END50000,991003,5eb6b0fd534acaf76660316eb13a8769e9afdabb5f847a340973bdcd7d66f738,GF2-s3(5090),87,https://docs.google.com/spreadsheets/d/1_-3KY2DbSk_AOAuExf_ENbe5jAbhFRxzXoyfaDZRoK0/edit#range='GF2-s3(5090)'!A87
GF2,P03,C13,ABLR2_GF2_s3_r000_P03_C13_SS991003_FRESH50,ABLR2 RR_VAL_SELECTED,50000,0.9526281677,0.02767178836,0.02022783303,0.5592369724,0.6367438785,44.40507992,0.9934294507,0.9853740556,PANDA_ABL_GF2_S3_ADAPTIVE_LOOP_20260923_v1_GF2_s3_TS981003_TPLUS_END50000,991003,0725572d34d8355600fc6399fbaec0e3532aaa7006eaad41a218e419954588e4,GF2-s3(5090),88,https://docs.google.com/spreadsheets/d/1_-3KY2DbSk_AOAuExf_ENbe5jAbhFRxzXoyfaDZRoK0/edit#range='GF2-s3(5090)'!A88
GF2,P03,C14,ABLR2_GF2_s3_r000_P03_C14_SS991003_FRESH50,ABLR2 RR_VAL_SELECTED,50000,0.9508524828,0.03019751932,0.0195141949,0.5603429765,0.6366724757,44.38102156,0.9933952679,0.9853326299,PANDA_ABL_GF2_S3_ADAPTIVE_LOOP_20260923_v1_GF2_s3_TS981003_TPLUS_END50000,991003,6493d25b2eae87054dd3b559a0235b9eff60592625a2149535bfa26e95a79e90,GF2-s3(5090),89,https://docs.google.com/spreadsheets/d/1_-3KY2DbSk_AOAuExf_ENbe5jAbhFRxzXoyfaDZRoK0/edit#range='GF2-s3(5090)'!A89
GF2,P03,C15,ABLR2_GF2_s3_r000_P03_C15_SS991003_FRESH50,ABLR2 RR_VAL_SELECTED,50000,0.9521935436,0.02790229733,0.02045222263,0.5600236436,0.6380958857,44.39536917,0.9934006679,0.9853016539,PANDA_ABL_GF2_S3_ADAPTIVE_LOOP_20260923_v1_GF2_s3_TS981003_TPLUS_END50000,991003,ed1cc9a95fe7626832f7214874506866a79000c5842205254066e81c80a15d54,GF2-s3(5090),90,https://docs.google.com/spreadsheets/d/1_-3KY2DbSk_AOAuExf_ENbe5jAbhFRxzXoyfaDZRoK0/edit#range='GF2-s3(5090)'!A90
GF2,P03,C16,ABLR2_GF2_s3_r000_P03_C16_SS991003_FRESH50,ABLR2 RR_VAL_SELECTED,50000,0.9528245297,0.02823425374,0.01946745945,0.5585389401,0.6376112762,44.41735207,0.9934445323,0.9852767327,PANDA_ABL_GF2_S3_ADAPTIVE_LOOP_20260923_v1_GF2_s3_TS981003_TPLUS_END50000,991003,4e58506bd14e25ffceed81c7e8c330117b041b196b29d043cacd376cc24a047d,GF2-s3(5090),91,https://docs.google.com/spreadsheets/d/1_-3KY2DbSk_AOAuExf_ENbe5jAbhFRxzXoyfaDZRoK0/edit#range='GF2-s3(5090)'!A91
GF2,P03,C17,ABLR2_GF2_s3_r000_P03_C17_SS991003_FRESH50,ABLR2 RR_VAL_SELECTED,50000,0.954775099,0.02576245144,0.01994420266,0.5576268589,0.6350158036,44.43132934,0.9934656395,0.9854576274,PANDA_ABL_GF2_S3_ADAPTIVE_LOOP_20260923_v1_GF2_s3_TS981003_TZERO_END50000,991003,149f686d92edaa476a1ad2d63ab4ccdb06594c8acddb2208804f4b396ed39770,GF2-s3(5090),96,https://docs.google.com/spreadsheets/d/1_-3KY2DbSk_AOAuExf_ENbe5jAbhFRxzXoyfaDZRoK0/edit#range='GF2-s3(5090)'!A96
GF2,P03,TPLUS,ABLR2_GF2_s3_r000_P03_TPLUS_TS981003_FRESH50,ABLR2 RR_VAL_SELECTED,49490,0.9341561462,0.04067471931,0.02622879589,0.5669186329,0.638601928,44.30944261,0.9932618998,0.9851739014,PANDA_ABL_GF2_S3_ADAPTIVE_LOOP_20260923_v1_GF2_s3_TS981003_TPLUS_END50000,981003,a84c0e7daa149131605f437ec5b8dd038ff3134a3e6b076c8cfa723ae77e1121,GF2-s3(5090),81,https://docs.google.com/spreadsheets/d/1_-3KY2DbSk_AOAuExf_ENbe5jAbhFRxzXoyfaDZRoK0/edit#range='GF2-s3(5090)'!A81
GF2,P03,TZERO,ABLR2_GF2_s3_r000_P03_TZERO_TS981003_FRESH50,ABLR2 RR_VAL_SELECTED,47470,0.9362224722,0.03784833432,0.02693795395,0.5653605916,0.6380710015,44.32366803,0.9932841795,0.9852956504,PANDA_ABL_GF2_S3_ADAPTIVE_LOOP_20260923_v1_GF2_s3_TS981003_TZERO_END50000,981003,2de25af4de9bb91026923c405a91431f0f0c878aefe95a2e6a16a5292d2b290e,GF2-s3(5090),82,https://docs.google.com/spreadsheets/d/1_-3KY2DbSk_AOAuExf_ENbe5jAbhFRxzXoyfaDZRoK0/edit#range='GF2-s3(5090)'!A82
GF2,P04,C00,ABLR2_GF2_s3_r000_P04_C00_SS991004_FRESH50,ABLR2 RR_VAL_SELECTED,49490,0.9325051947,0.04380538759,0.024760488,0.5957237896,0.6674916274,43.88787019,0.992478751,0.9840058976,NONE,991004,4a1cbf6c61512c68ad8d42b276cd99099e404a037fec96f625e9d8905b64eea0,GF2-s3(5090),115,https://docs.google.com/spreadsheets/d/1_-3KY2DbSk_AOAuExf_ENbe5jAbhFRxzXoyfaDZRoK0/edit#range='GF2-s3(5090)'!A115
GF2,P04,C01,ABLR2_GF2_s3_r000_P04_C01_SS991004_FRESH50,ABLR2 RR_VAL_SELECTED,49490,0.9563069055,0.02363745804,0.02052093057,0.5702808426,0.6476296464,44.24417624,0.9931219427,0.9848955794,NONE,991004,92eec54304c8a7b635a32fe1caa5de4e13453ceb2af30e02ae96d8d4eb3f8261,GF2-s3(5090),114,https://docs.google.com/spreadsheets/d/1_-3KY2DbSk_AOAuExf_ENbe5jAbhFRxzXoyfaDZRoK0/edit#range='GF2-s3(5090)'!A114
GF2,P04,C02,ABLR2_GF2_s3_r000_P04_C02_SS991004_FRESH50,ABLR2 RR_VAL_SELECTED,49490,0.9587693402,0.02193595082,0.01971013748,0.5665377664,0.6439538949,44.29523247,0.9931789702,0.9849434317,NONE,991004,f59babb58fbf360679d8c13b49e1568153f1b7ba08e40391e32347b8e8fcbb2d,GF2-s3(5090),113,https://docs.google.com/spreadsheets/d/1_-3KY2DbSk_AOAuExf_ENbe5jAbhFRxzXoyfaDZRoK0/edit#range='GF2-s3(5090)'!A113
GF2,P04,C03,ABLR2_GF2_s3_r000_P04_C03_SS991004_FRESH50,ABLR2 RR_VAL_SELECTED,49490,0.9500265611,0.03103584359,0.01952336309,0.5598332505,0.636817036,44.38768783,0.9934047103,0.9853328397,PANDA_ABL_GF2_S3_ADAPTIVE_LOOP_20260923_v1_GF2_s3_TS981004_TPLUS_END50000,991004,8ce2e12a8c76810b05fcd9610671a58b56e73818a38c6d33f081253c33b45759,GF2-s3(5090),111,https://docs.google.com/spreadsheets/d/1_-3KY2DbSk_AOAuExf_ENbe5jAbhFRxzXoyfaDZRoK0/edit#range='GF2-s3(5090)'!A111
GF2,P04,C04,ABLR2_GF2_s3_r000_P04_C04_SS991004_FRESH50,ABLR2 RR_VAL_SELECTED,48480,0.9486369832,0.03087583027,0.02112388902,0.5551434318,0.6323074508,44.46302216,0.9935106709,0.9855445779,PANDA_ABL_GF2_S3_ADAPTIVE_LOOP_20260923_v1_GF2_s3_TS981004_TPLUS_END50000,991004,7d82ddb75112f53d380c5d62a6e88e0df03e9ce113f7acbe12d5fb3e109bfe1b,GF2-s3(5090),110,https://docs.google.com/spreadsheets/d/1_-3KY2DbSk_AOAuExf_ENbe5jAbhFRxzXoyfaDZRoK0/edit#range='GF2-s3(5090)'!A110
GF2,P04,C05,ABLR2_GF2_s3_r000_P04_C05_SS991004_FRESH50,ABLR2 RR_VAL_SELECTED,49490,0.9514272464,0.02935877017,0.0197720672,0.5598080984,0.6377002175,44.39678137,0.9934197769,0.9852901538,PANDA_ABL_GF2_S3_ADAPTIVE_LOOP_20260923_v1_GF2_s3_TS981004_TPLUS_END50000,991004,f5ab64648e174bf78dd51f1b5fc8c655ddab4b2a52b4c94eb1b59a682c3eaa8d,GF2-s3(5090),109,https://docs.google.com/spreadsheets/d/1_-3KY2DbSk_AOAuExf_ENbe5jAbhFRxzXoyfaDZRoK0/edit#range='GF2-s3(5090)'!A109
GF2,P04,C06,ABLR2_GF2_s3_r000_P04_C06_SS991004_FRESH50,ABLR2 RR_VAL_SELECTED,48480,0.9478244807,0.03183588439,0.02098705813,0.5610640931,0.6407606489,44.38228466,0.9934062544,0.9853278003,PANDA_ABL_GF2_S3_ADAPTIVE_LOOP_20260923_v1_GF2_s3_TS981004_TPLUS_END50000,991004,c3adf7f1ae24a7c4a3b0194d7de8886b70f4e8d689a46fb75ce2100fb0cdbe92,GF2-s3(5090),108,https://docs.google.com/spreadsheets/d/1_-3KY2DbSk_AOAuExf_ENbe5jAbhFRxzXoyfaDZRoK0/edit#range='GF2-s3(5090)'!A108
GF2,P04,C07,ABLR2_GF2_s3_r000_P04_C07_SS991004_FRESH50,ABLR2 RR_VAL_SELECTED,49490,0.9474248535,0.03189460854,0.02134263696,0.5606646097,0.6396381642,44.39171945,0.9933997329,0.9853531056,PANDA_ABL_GF2_S3_ADAPTIVE_LOOP_20260923_v1_GF2_s3_TS981004_TPLUS_END50000,991004,32837b91cdd0d42dd086dfba2e02b6f021f71b19f525e7aed0d5ef296c9fb4e6,GF2-s3(5090),107,https://docs.google.com/spreadsheets/d/1_-3KY2DbSk_AOAuExf_ENbe5jAbhFRxzXoyfaDZRoK0/edit#range='GF2-s3(5090)'!A107
GF2,P04,C08,ABLR2_GF2_s3_r000_P04_C08_SS991004_FRESH50,ABLR2 RR_VAL_SELECTED,49490,0.9327364141,0.04191757062,0.02643936084,0.5733077364,0.6485456212,44.20929291,0.9931188057,0.9849188964,PANDA_ABL_GF2_S3_ADAPTIVE_LOOP_20260923_v1_GF2_s3_TS981004_TPLUS_END50000,991004,891ffefa11c380fa1a285dd1bfb33b8dd397aca1f41a3de4063b43f5ef6ea8be,GF2-s3(5090),106,https://docs.google.com/spreadsheets/d/1_-3KY2DbSk_AOAuExf_ENbe5jAbhFRxzXoyfaDZRoK0/edit#range='GF2-s3(5090)'!A106
GF2,P04,C09,ABLR2_GF2_s3_r000_P04_C09_SS991004_FRESH50,ABLR2 RR_VAL_SELECTED,49490,0.9520231125,0.02858612143,0.01994460218,0.5710299702,0.6492285684,44.2273197,0.9930544459,0.984824833,PANDA_ABL_GF2_S3_ADAPTIVE_LOOP_20260923_v1_GF2_s3_TS981004_TPLUS_END50000,991004,4ebb32bd8c48c1debdf0d45294049e770b644b4598a5fbde389384db49c87353,GF2-s3(5090),105,https://docs.google.com/spreadsheets/d/1_-3KY2DbSk_AOAuExf_ENbe5jAbhFRxzXoyfaDZRoK0/edit#range='GF2-s3(5090)'!A105
GF2,P04,C10,ABLR2_GF2_s3_r000_P04_C10_SS991004_FRESH50,ABLR2 RR_VAL_SELECTED,48480,0.9513972405,0.02956588168,0.01958817895,0.5651630917,0.6419681309,44.31905671,0.9932229776,0.9850585141,NONE,991004,74baccd1a24df30d7caf2c0aa417ee48ec92630aac94959caae8bb13d75464b6,GF2-s3(5090),104,https://docs.google.com/spreadsheets/d/1_-3KY2DbSk_AOAuExf_ENbe5jAbhFRxzXoyfaDZRoK0/edit#range='GF2-s3(5090)'!A104
GF2,P04,C11,ABLR2_GF2_s3_r000_P04_C11_SS991004_FRESH50,ABLR2 RR_VAL_SELECTED,49490,0.9508375598,0.02936105938,0.02037616313,0.5592272929,0.6388720267,44.40570142,0.9934234241,0.9853260627,PANDA_ABL_GF2_S3_ADAPTIVE_LOOP_20260923_v1_GF2_s3_TS981004_TZERO_END50000,991004,776c57ca52b19dc2f4f4002f3454bd3a1737c462813ac016b7357065f278fc6e,GF2-s3(5090),103,https://docs.google.com/spreadsheets/d/1_-3KY2DbSk_AOAuExf_ENbe5jAbhFRxzXoyfaDZRoK0/edit#range='GF2-s3(5090)'!A103
GF2,P04,C12,ABLR2_GF2_s3_r000_P04_C12_SS991004_FRESH50,ABLR2 RR_VAL_SELECTED,48480,0.9462206553,0.03368906028,0.02076849666,0.5586223745,0.6355900709,44.40729718,0.9933894018,0.985437805,PANDA_ABL_GF2_S3_ADAPTIVE_LOOP_20260923_v1_GF2_s3_TS981004_TPLUS_END50000,991004,3eeabf0da18764b30da8776241e8038af4a964612a5a2b9369d2beb0fb1f50b5,GF2-s3(5090),120,https://docs.google.com/spreadsheets/d/1_-3KY2DbSk_AOAuExf_ENbe5jAbhFRxzXoyfaDZRoK0/edit#range='GF2-s3(5090)'!A120
GF2,P04,C13,ABLR2_GF2_s3_r000_P04_C13_SS991004_FRESH50,ABLR2 RR_VAL_SELECTED,48480,0.9444097915,0.03570124783,0.02060679789,0.5587700927,0.6376110941,44.41148066,0.9934568663,0.98539551,PANDA_ABL_GF2_S3_ADAPTIVE_LOOP_20260923_v1_GF2_s3_TS981004_TPLUS_END50000,991004,bec190ce5b8e949a0df91e6a82d1012a2e2c8ba6822b4404ab1e2d5d7059eac3,GF2-s3(5090),119,https://docs.google.com/spreadsheets/d/1_-3KY2DbSk_AOAuExf_ENbe5jAbhFRxzXoyfaDZRoK0/edit#range='GF2-s3(5090)'!A119
GF2,P04,C14,ABLR2_GF2_s3_r000_P04_C14_SS991004_FRESH50,ABLR2 RR_VAL_SELECTED,49490,0.952565974,0.02802118459,0.01995712477,0.5605959491,0.6380712682,44.38817205,0.9933893078,0.9853355763,PANDA_ABL_GF2_S3_ADAPTIVE_LOOP_20260923_v1_GF2_s3_TS981004_TPLUS_END50000,991004,2424f72691a2dab761923949897c747cd463728cd171c7e538cae6618e05438b,GF2-s3(5090),118,https://docs.google.com/spreadsheets/d/1_-3KY2DbSk_AOAuExf_ENbe5jAbhFRxzXoyfaDZRoK0/edit#range='GF2-s3(5090)'!A118
GF2,P04,C15,ABLR2_GF2_s3_r000_P04_C15_SS991004_FRESH50,ABLR2 RR_VAL_SELECTED,49490,0.9493410849,0.03168715068,0.01957957097,0.5575919348,0.6379229664,44.42799387,0.9934576246,0.9853335935,PANDA_ABL_GF2_S3_ADAPTIVE_LOOP_20260923_v1_GF2_s3_TS981004_TPLUS_END50000,991004,b4fe8a5f3fcf3b1fc276026f49e25ce956d902963a4162727a28cd7da7cd3849,GF2-s3(5090),117,https://docs.google.com/spreadsheets/d/1_-3KY2DbSk_AOAuExf_ENbe5jAbhFRxzXoyfaDZRoK0/edit#range='GF2-s3(5090)'!A117
GF2,P04,C16,ABLR2_GF2_s3_r000_P04_C16_SS991004_FRESH50,ABLR2 RR_VAL_SELECTED,49490,0.9454698831,0.03413980714,0.02109547925,0.5603440387,0.6380388125,44.38290532,0.9933723942,0.9853108762,PANDA_ABL_GF2_S3_ADAPTIVE_LOOP_20260923_v1_GF2_s3_TS981004_TPLUS_END50000,991004,c55427adeaa37286687fc15bd479150f737f54c2220fd0342b54102aa88cce6e,GF2-s3(5090),116,https://docs.google.com/spreadsheets/d/1_-3KY2DbSk_AOAuExf_ENbe5jAbhFRxzXoyfaDZRoK0/edit#range='GF2-s3(5090)'!A116
GF2,P04,C17,ABLR2_GF2_s3_r000_P04_C17_SS991004_FRESH50,ABLR2 RR_VAL_SELECTED,49490,0.9512710771,0.0296314252,0.01965723372,0.5586677927,0.6358673947,44.40900846,0.9934235552,0.9853497813,PANDA_ABL_GF2_S3_ADAPTIVE_LOOP_20260923_v1_GF2_s3_TS981004_TZERO_END50000,991004,0438e44226e0cbde231cc360aa596b0038052db14ced77681c748f99af10002b,GF2-s3(5090),112,https://docs.google.com/spreadsheets/d/1_-3KY2DbSk_AOAuExf_ENbe5jAbhFRxzXoyfaDZRoK0/edit#range='GF2-s3(5090)'!A112
GF2,P04,TPLUS,ABLR2_GF2_s3_r000_P04_TPLUS_TS981004_FRESH50,ABLR2 RR_VAL_SELECTED,49490,0.9457674134,0.02912504044,0.02585033741,0.5672957454,0.6395428379,44.29034333,0.993234899,0.9851301833,PANDA_ABL_GF2_S3_ADAPTIVE_LOOP_20260923_v1_GF2_s3_TS981004_TPLUS_END50000,981004,16804895ed2fc16a9d8144111036f865fbb65b433b57e8a2234d328feb189219,GF2-s3(5090),102,https://docs.google.com/spreadsheets/d/1_-3KY2DbSk_AOAuExf_ENbe5jAbhFRxzXoyfaDZRoK0/edit#range='GF2-s3(5090)'!A102
GF2,P04,TZERO,ABLR2_GF2_s3_r000_P04_TZERO_TS981004_FRESH50,ABLR2 RR_VAL_SELECTED,49490,0.9400604754,0.03413331865,0.02670696936,0.5690431065,0.6412398509,44.26120162,0.9931751839,0.9850432771,PANDA_ABL_GF2_S3_ADAPTIVE_LOOP_20260923_v1_GF2_s3_TS981004_TZERO_END50000,981004,b8c5dc2b5673ea9cf798f1c3cd430aa68bed47fefd9e4e9d60b5c2c06fc29167,GF2-s3(5090),101,https://docs.google.com/spreadsheets/d/1_-3KY2DbSk_AOAuExf_ENbe5jAbhFRxzXoyfaDZRoK0/edit#range='GF2-s3(5090)'!A101
GF2,P05,C00,ABLR2_GF2_s3_r000_P05_C00_SS991005_FRESH50,ABLR2 RR_VAL_SELECTED,49490,0.9333876525,0.04220545984,0.02547442296,0.5979625059,0.6683379762,43.86107492,0.9924643529,0.9839700844,NONE,991005,e61cd8d75057030573259d0a344dbf373604010b2817167f031e3041bd1dfb7e,GF2-s3(5090),124,https://docs.google.com/spreadsheets/d/1_-3KY2DbSk_AOAuExf_ENbe5jAbhFRxzXoyfaDZRoK0/edit#range='GF2-s3(5090)'!A124
GF2,P05,C01,ABLR2_GF2_s3_r000_P05_C01_SS991005_FRESH50,ABLR2 RR_VAL_SELECTED,49490,0.9530418547,0.02393854134,0.02356492739,0.5745101896,0.6513271909,44.19459353,0.9930335659,0.9847604128,NONE,991005,c0ebe6f638250664de26d6bda8ede66119f69c665f16b8eae04134587cc9b2c7,GF2-s3(5090),125,https://docs.google.com/spreadsheets/d/1_-3KY2DbSk_AOAuExf_ENbe5jAbhFRxzXoyfaDZRoK0/edit#range='GF2-s3(5090)'!A125
GF2,P05,C02,ABLR2_GF2_s3_r000_P05_C02_SS991005_FRESH50,ABLR2 RR_VAL_SELECTED,49490,0.9501818529,0.02969493582,0.02071299651,0.5704913124,0.647918739,44.25190543,0.9931246419,0.9848515958,NONE,991005,923e478aa35a068e69f7c3adb3122b32313fb0379d52ca99b59cca4b07cce6a6,GF2-s3(5090),126,https://docs.google.com/spreadsheets/d/1_-3KY2DbSk_AOAuExf_ENbe5jAbhFRxzXoyfaDZRoK0/edit#range='GF2-s3(5090)'!A126
GF2,P05,C03,ABLR2_GF2_s3_r000_P05_C03_SS991005_FRESH50,ABLR2 RR_VAL_SELECTED,49490,0.9423869633,0.03548170026,0.02292560867,0.5547105245,0.6321643928,44.47211337,0.9935064264,0.9855310126,PANDA_ABL_GF2_S3_ADAPTIVE_LOOP_20260923_v1_GF2_s3_TS981005_TPLUS_END50000,991005,97a6d6253fec74b915663bdede21e9f4ea2be217e902f1626784291845d4376c,GF2-s3(5090),127,https://docs.google.com/spreadsheets/d/1_-3KY2DbSk_AOAuExf_ENbe5jAbhFRxzXoyfaDZRoK0/edit#range='GF2-s3(5090)'!A127
GF2,P05,C04,ABLR2_GF2_s3_r000_P05_C04_SS991005_FRESH50,ABLR2 RR_VAL_SELECTED,49490,0.9482268611,0.03169823612,0.02070677749,0.5541336426,0.6321913106,44.47301176,0.9934867329,0.9855537846,PANDA_ABL_GF2_S3_ADAPTIVE_LOOP_20260923_v1_GF2_s3_TS981005_TPLUS_END50000,991005,329ee213afab84319ada7fa5726f7d04d281922be86077763101b957365e7cb1,GF2-s3(5090),129,https://docs.google.com/spreadsheets/d/1_-3KY2DbSk_AOAuExf_ENbe5jAbhFRxzXoyfaDZRoK0/edit#range='GF2-s3(5090)'!A129
GF2,P05,C05,ABLR2_GF2_s3_r000_P05_C05_SS991005_FRESH50,ABLR2 RR_VAL_SELECTED,49490,0.9449809999,0.03499809819,0.02072586976,0.5614006565,0.6394991882,44.37101202,0.9933862438,0.9853139577,PANDA_ABL_GF2_S3_ADAPTIVE_LOOP_20260923_v1_GF2_s3_TS981005_TPLUS_END50000,991005,b8304768c079d8ca1fa77f73eb75568e7f17f826898e6b9524b10bc25d0dacc9,GF2-s3(5090),130,https://docs.google.com/spreadsheets/d/1_-3KY2DbSk_AOAuExf_ENbe5jAbhFRxzXoyfaDZRoK0/edit#range='GF2-s3(5090)'!A130
GF2,P05,C06,ABLR2_GF2_s3_r000_P05_C06_SS991005_FRESH50,ABLR2 RR_VAL_SELECTED,49490,0.946575535,0.03272698091,0.02137334441,0.5598165105,0.6370940522,44.39573451,0.9934056425,0.9853631989,PANDA_ABL_GF2_S3_ADAPTIVE_LOOP_20260923_v1_GF2_s3_TS981005_TPLUS_END50000,991005,6ed222979457fed65d7466340485a90a367f6c65caf6708027e25acdd0075758,GF2-s3(5090),131,https://docs.google.com/spreadsheets/d/1_-3KY2DbSk_AOAuExf_ENbe5jAbhFRxzXoyfaDZRoK0/edit#range='GF2-s3(5090)'!A131
GF2,P05,C07,ABLR2_GF2_s3_r000_P05_C07_SS991005_FRESH50,ABLR2 RR_VAL_SELECTED,49490,0.951566164,0.02893587274,0.02005048284,0.5605046829,0.6378173548,44.38260243,0.9933716635,0.9853002012,PANDA_ABL_GF2_S3_ADAPTIVE_LOOP_20260923_v1_GF2_s3_TS981005_TPLUS_END50000,991005,6e02feb1df8f3d09cce244be83930200d0be6aef9f7503a9bcb09e74747cd692,GF2-s3(5090),132,https://docs.google.com/spreadsheets/d/1_-3KY2DbSk_AOAuExf_ENbe5jAbhFRxzXoyfaDZRoK0/edit#range='GF2-s3(5090)'!A132
GF2,P05,C08,ABLR2_GF2_s3_r000_P05_C08_SS991005_FRESH50,ABLR2 RR_VAL_SELECTED,49490,0.9353042862,0.03874674934,0.02698288505,0.5769487744,0.6487272003,44.14029928,0.9930398348,0.9848367955,PANDA_ABL_GF2_S3_ADAPTIVE_LOOP_20260923_v1_GF2_s3_TS981005_TPLUS_END50000,991005,4d442dad7c5d02fce5993434cd963a6c4bc2387c8a01291b77d401ea4b88d7a1,GF2-s3(5090),133,https://docs.google.com/spreadsheets/d/1_-3KY2DbSk_AOAuExf_ENbe5jAbhFRxzXoyfaDZRoK0/edit#range='GF2-s3(5090)'!A133
GF2,P05,C09,ABLR2_GF2_s3_r000_P05_C09_SS991005_FRESH50,ABLR2 RR_VAL_SELECTED,49490,0.9545265364,0.02528048635,0.02069420309,0.5790803958,0.6549310268,44.13970191,0.9929274787,0.9845731588,PANDA_ABL_GF2_S3_ADAPTIVE_LOOP_20260923_v1_GF2_s3_TS981005_TPLUS_END50000,991005,5a47d7cec5cbe109f13211e8f7dc70d1af2aa35bc360cbcc2dd6e93d0d5254f7,GF2-s3(5090),134,https://docs.google.com/spreadsheets/d/1_-3KY2DbSk_AOAuExf_ENbe5jAbhFRxzXoyfaDZRoK0/edit#range='GF2-s3(5090)'!A134
GF2,P05,C10,ABLR2_GF2_s3_r000_P05_C10_SS991005_FRESH50,ABLR2 RR_VAL_SELECTED,49490,0.9512968354,0.02779460653,0.02149277133,0.5743847875,0.6505525667,44.20127383,0.9930412136,0.9848210022,NONE,991005,56e8daa96a0bcba45b67597fcec49eb046eb0878bdd4d2d578e9638ca17bb9c1,GF2-s3(5090),135,https://docs.google.com/spreadsheets/d/1_-3KY2DbSk_AOAuExf_ENbe5jAbhFRxzXoyfaDZRoK0/edit#range='GF2-s3(5090)'!A135
GF2,P05,C11,ABLR2_GF2_s3_r000_P05_C11_SS991005_FRESH50,ABLR2 RR_VAL_SELECTED,49490,0.9428445792,0.0365095357,0.02139858478,0.5587884098,0.6364947475,44.41093276,0.9934361436,0.9853644392,PANDA_ABL_GF2_S3_ADAPTIVE_LOOP_20260923_v1_GF2_s3_TS981005_TZERO_END50000,991005,e0662ce4f20f9a09af30be9e2c946e658baec1caac7555007dca80d1ef77aff8,GF2-s3(5090),136,https://docs.google.com/spreadsheets/d/1_-3KY2DbSk_AOAuExf_ENbe5jAbhFRxzXoyfaDZRoK0/edit#range='GF2-s3(5090)'!A136
GF2,P05,C12,ABLR2_GF2_s3_r000_P05_C12_SS991005_FRESH50,ABLR2 RR_VAL_SELECTED,49490,0.9533293068,0.02653232631,0.02066831969,0.5556069851,0.6332285257,44.46701559,0.9935191756,0.9854691524,PANDA_ABL_GF2_S3_ADAPTIVE_LOOP_20260923_v1_GF2_s3_TS981005_TPLUS_END50000,991005,a5462a99447fb7c91651aadac8d876b190fdf21b0af56a5524e3a54de1a51688,GF2-s3(5090),137,https://docs.google.com/spreadsheets/d/1_-3KY2DbSk_AOAuExf_ENbe5jAbhFRxzXoyfaDZRoK0/edit#range='GF2-s3(5090)'!A137
GF2,P05,C13,ABLR2_GF2_s3_r000_P05_C13_SS991005_FRESH50,ABLR2 RR_VAL_SELECTED,49490,0.9413861986,0.037176945,0.02223026927,0.5598749916,0.6377467674,44.38652024,0.9934152432,0.9852524761,PANDA_ABL_GF2_S3_ADAPTIVE_LOOP_20260923_v1_GF2_s3_TS981005_TPLUS_END50000,991005,6107a73126970d96d98e22fc8bba0c82cc3ace427fcb00969eb16a3416ab5473,GF2-s3(5090),138,https://docs.google.com/spreadsheets/d/1_-3KY2DbSk_AOAuExf_ENbe5jAbhFRxzXoyfaDZRoK0/edit#range='GF2-s3(5090)'!A138
GF2,P05,C14,ABLR2_GF2_s3_r000_P05_C14_SS991005_FRESH50,ABLR2 RR_VAL_SELECTED,49490,0.9496959984,0.03004831051,0.02086460539,0.5588012823,0.636830362,44.41118661,0.9934526715,0.9852856293,PANDA_ABL_GF2_S3_ADAPTIVE_LOOP_20260923_v1_GF2_s3_TS981005_TPLUS_END50000,991005,aede36fedf31d9f0b121eb546603c5a5f19eb9410dbee514fc8a56f93fb624e8,GF2-s3(5090),139,https://docs.google.com/spreadsheets/d/1_-3KY2DbSk_AOAuExf_ENbe5jAbhFRxzXoyfaDZRoK0/edit#range='GF2-s3(5090)'!A139
GF2,P05,C15,ABLR2_GF2_s3_r000_P05_C15_SS991005_FRESH50,ABLR2 RR_VAL_SELECTED,49490,0.9487089785,0.03120914405,0.02070418012,0.5590975934,0.6365897448,44.40850331,0.9934515444,0.9852724989,PANDA_ABL_GF2_S3_ADAPTIVE_LOOP_20260923_v1_GF2_s3_TS981005_TPLUS_END50000,991005,f556704aac444a563d9ab43cd75aa27456adac766043b51a4407acd4876a3dc0,GF2-s3(5090),140,https://docs.google.com/spreadsheets/d/1_-3KY2DbSk_AOAuExf_ENbe5jAbhFRxzXoyfaDZRoK0/edit#range='GF2-s3(5090)'!A140
GF2,P05,C16,ABLR2_GF2_s3_r000_P05_C16_SS991005_FRESH50,ABLR2 RR_VAL_SELECTED,49490,0.9431652405,0.03630043909,0.02128682322,0.5562939965,0.6354595171,44.45492587,0.9935203079,0.9854179172,PANDA_ABL_GF2_S3_ADAPTIVE_LOOP_20260923_v1_GF2_s3_TS981005_TPLUS_END50000,991005,d48907deb6df5f88b9716496202578d81bde2f0aaca3d9b632b72dc58aeac5cb,GF2-s3(5090),123,https://docs.google.com/spreadsheets/d/1_-3KY2DbSk_AOAuExf_ENbe5jAbhFRxzXoyfaDZRoK0/edit#range='GF2-s3(5090)'!A123
GF2,P05,C17,ABLR2_GF2_s3_r000_P05_C17_SS991005_FRESH50,ABLR2 RR_VAL_SELECTED,49490,0.9468094122,0.03212454671,0.02175210419,0.558328361,0.635986147,44.42594927,0.9934383239,0.9853994223,PANDA_ABL_GF2_S3_ADAPTIVE_LOOP_20260923_v1_GF2_s3_TS981005_TZERO_END50000,991005,4654c9b9bf62f447048d3301d007e5965c1c2c2057dd32969ff9dd94beb75c7b,GF2-s3(5090),128,https://docs.google.com/spreadsheets/d/1_-3KY2DbSk_AOAuExf_ENbe5jAbhFRxzXoyfaDZRoK0/edit#range='GF2-s3(5090)'!A128
GF2,P05,TPLUS,ABLR2_GF2_s3_r000_P05_TPLUS_TS981005_FRESH50,ABLR2 RR_VAL_SELECTED,50000,0.9385523288,0.03576292913,0.02661983317,0.5757967912,0.6427385697,44.18302006,0.993063513,0.9850003702,PANDA_ABL_GF2_S3_ADAPTIVE_LOOP_20260923_v1_GF2_s3_TS981005_TPLUS_END50000,981005,5a8ac0a334b2bf9a48be3a5d786f71b5030b71d55099155c52508d8dd871d2a2,GF2-s3(5090),121,https://docs.google.com/spreadsheets/d/1_-3KY2DbSk_AOAuExf_ENbe5jAbhFRxzXoyfaDZRoK0/edit#range='GF2-s3(5090)'!A121
GF2,P05,TZERO,ABLR2_GF2_s3_r000_P05_TZERO_TS981005_FRESH50,ABLR2 RR_VAL_SELECTED,50000,0.9304246491,0.0434394444,0.02729775172,0.5642454475,0.6361923141,44.33537694,0.9933103151,0.9852446186,PANDA_ABL_GF2_S3_ADAPTIVE_LOOP_20260923_v1_GF2_s3_TS981005_TZERO_END50000,981005,0c035040100ea2e139d4a3a32f12d3e18451c6e37db4bb04645bf5591b5993ef,GF2-s3(5090),122,https://docs.google.com/spreadsheets/d/1_-3KY2DbSk_AOAuExf_ENbe5jAbhFRxzXoyfaDZRoK0/edit#range='GF2-s3(5090)'!A122
