step,epoch,scene,view,roi_scope,pan_reference,d_lambda,d_s,hqnr,fscc,dy_hr,dx_hr,delta_norm_hr,selection_eligible,invalid_reason,roi_hash
1010,5,0,raw_original,original,P,0.04019826921806491,0.05905823387004253,0.903117535696544,0.9472924478358848,0.2037854939699173,-0.3130558729171753,0.3735404908657074,True,,b5979ef01aa92480
1010,5,0,raw_valid,selection_fixed_V,P,0.0365003392504859,0.06058194180727341,0.9051289803706594,0.9461802859661509,0.2037854939699173,-0.3130558729171753,0.3735404908657074,True,,b5979ef01aa92480
1010,5,0,aligned_valid,selection_fixed_V,P_aligned,0.0365003392504859,0.06162604553478786,0.9041229867834119,0.9683197752998107,0.2037854939699173,-0.3130558729171753,0.3735404908657074,True,,b5979ef01aa92480
1010,5,0,aligned_fixed_v64,selection_fixed_V,P_aligned_fixed_donor,0.0365003392504859,0.05373596372075453,0.911725077934519,0.9641094741439564,0.4259839653968811,-0.24677230417728424,0.49229961292308294,True,,b5979ef01aa92480
1010,5,1,raw_original,original,P,0.05275161971272302,0.07678638780079952,0.874512598814859,0.9459136233425411,0.21985025703907013,-0.3166278600692749,0.38547027111053467,True,,b5979ef01aa92480
1010,5,1,raw_valid,selection_fixed_V,P,0.0475558766640245,0.08698627133274546,0.8695945603941934,0.9418138337401066,0.21985025703907013,-0.3166278600692749,0.38547027111053467,True,,b5979ef01aa92480
1010,5,1,aligned_valid,selection_fixed_V,P_aligned,0.0475558766640245,0.08721191672238734,0.8693796457688712,0.9638363312502642,0.21985025703907013,-0.3166278600692749,0.38547027111053467,True,,b5979ef01aa92480
1010,5,1,aligned_fixed_v64,selection_fixed_V,P_aligned_fixed_donor,0.0475558766640245,0.07605557826167234,0.8800054347737264,0.9586514806040242,0.4320302903652191,-0.22259701788425446,0.4860037079735284,True,,b5979ef01aa92480
1010,5,2,raw_original,original,P,0.0530375750212666,0.09748955279622883,0.8546434816527243,0.966630371048407,0.2471342533826828,-0.2988806664943695,0.3878208100795746,True,,b5979ef01aa92480
1010,5,2,raw_valid,selection_fixed_V,P,0.048915932236119564,0.09602986459244754,0.8597515935204808,0.9659357922279902,0.2471342533826828,-0.2988806664943695,0.3878208100795746,True,,b5979ef01aa92480
1010,5,2,aligned_valid,selection_fixed_V,P_aligned,0.048915932236119564,0.09563944770523088,0.8601229128016985,0.9797530068269544,0.2471342533826828,-0.2988806664943695,0.3878208100795746,True,,b5979ef01aa92480
1010,5,2,aligned_fixed_v64,selection_fixed_V,P_aligned_fixed_donor,0.048915932236119564,0.08107950267742176,0.8739706445451657,0.9695542684271976,0.3913658559322357,-0.20791958272457123,0.44316789828453423,True,,b5979ef01aa92480
1010,5,3,raw_original,original,P,0.05440219466766738,0.07676151542429968,0.8730122848131309,0.9529346941307613,0.23508240282535553,-0.27021121978759766,0.3581589460372925,True,,b5979ef01aa92480
1010,5,3,raw_valid,selection_fixed_V,P,0.0461625458734668,0.08553152399360786,0.8722542830329078,0.953193982344631,0.23508240282535553,-0.27021121978759766,0.3581589460372925,True,,b5979ef01aa92480
1010,5,3,aligned_valid,selection_fixed_V,P_aligned,0.0461625458734668,0.0859301631108105,0.87187404611224,0.9718681659315263,0.23508240282535553,-0.27021121978759766,0.3581589460372925,True,,b5979ef01aa92480
1010,5,3,aligned_fixed_v64,selection_fixed_V,P_aligned_fixed_donor,0.0461625458734668,0.07636994622081023,0.8809929390514952,0.9680744466238492,0.3741772472858429,-0.20211131870746613,0.4252735561213297,True,,b5979ef01aa92480
1010,5,4,raw_original,original,P,0.037811958387867106,0.06127717963454493,0.9032278721440552,0.957926568274732,0.23437219858169556,-0.2774525582790375,0.3631944954395294,True,,b5979ef01aa92480
1010,5,4,raw_valid,selection_fixed_V,P,0.035570889414925366,0.0637717980251081,0.9029257321353086,0.9552245332710034,0.23437219858169556,-0.2774525582790375,0.3631944954395294,True,,b5979ef01aa92480
1010,5,4,aligned_valid,selection_fixed_V,P_aligned,0.035570889414925366,0.0630508531266973,0.9036210323824637,0.9724449164822637,0.23437219858169556,-0.2774525582790375,0.3631944954395294,True,,b5979ef01aa92480
1010,5,4,aligned_fixed_v64,selection_fixed_V,P_aligned_fixed_donor,0.035570889414925366,0.052566930845763644,0.9137320322233077,0.967027760210247,0.3974161148071289,-0.21114897727966309,0.4500260647058576,True,,b5979ef01aa92480
1010,5,5,raw_original,original,P,0.03938584683680757,0.06200339202402601,0.9010528172407872,0.9547333353642073,0.21575646102428436,-0.2779768407344818,0.3518834710121155,True,,b5979ef01aa92480
1010,5,5,raw_valid,selection_fixed_V,P,0.03453003062411908,0.06085072502182575,0.9067204217525586,0.9539473228498035,0.21575646102428436,-0.2779768407344818,0.3518834710121155,True,,b5979ef01aa92480
1010,5,5,aligned_valid,selection_fixed_V,P_aligned,0.03453003062411908,0.06003081431555334,0.9075120209170344,0.9733607463749752,0.21575646102428436,-0.2779768407344818,0.3518834710121155,True,,b5979ef01aa92480
1010,5,5,aligned_fixed_v64,selection_fixed_V,P_aligned_fixed_donor,0.03453003062411908,0.053524691359484476,0.913793487248186,0.9705674154273011,0.3786911070346832,-0.20337136089801788,0.42984516396100786,True,,b5979ef01aa92480
1010,5,6,raw_original,original,P,0.026727408959252075,0.03472167712027083,0.9394789343846216,0.9605041864509278,0.21983171999454498,-0.2810681164264679,0.35682666301727295,True,,b5979ef01aa92480
1010,5,6,raw_valid,selection_fixed_V,P,0.019515315136700462,0.03362605660882875,0.9475148513459966,0.959769751162664,0.21983171999454498,-0.2810681164264679,0.35682666301727295,True,,b5979ef01aa92480
1010,5,6,aligned_valid,selection_fixed_V,P_aligned,0.019515315136700462,0.03337391003520725,0.9477620771997732,0.9811143688770427,0.21983171999454498,-0.2810681164264679,0.35682666301727295,True,,b5979ef01aa92480
1010,5,6,aligned_fixed_v64,selection_fixed_V,P_aligned_fixed_donor,0.019515315136700462,0.02971864666309046,0.9513460069552756,0.9778670386332773,0.4006921350955963,-0.21203596889972687,0.45333590110944616,True,,b5979ef01aa92480
1010,5,7,raw_original,original,P,0.03441845145408984,0.042081464735509416,0.9249484626615169,0.9606400970523276,0.1917797327041626,-0.2571747601032257,0.32080885767936707,True,,b5979ef01aa92480
1010,5,7,raw_valid,selection_fixed_V,P,0.023582066086099696,0.04259506576269998,0.9348273478069581,0.9587154180255743,0.1917797327041626,-0.2571747601032257,0.32080885767936707,True,,b5979ef01aa92480
1010,5,7,aligned_valid,selection_fixed_V,P_aligned,0.023582066086099696,0.04061201511804682,0.936763634020257,0.9752098708575893,0.1917797327041626,-0.2571747601032257,0.32080885767936707,True,,b5979ef01aa92480
1010,5,7,aligned_fixed_v64,selection_fixed_V,P_aligned_fixed_donor,0.023582066086099696,0.03575987634357404,0.9415013493374912,0.9726957739051441,0.3565046191215515,-0.21047496795654297,0.4139991009547126,True,,b5979ef01aa92480
1010,5,8,raw_original,original,P,0.026357445498999432,0.03857842776081141,0.9360809555473318,0.9614939919833727,0.1880158931016922,-0.2740142047405243,0.33231574296951294,True,,b5979ef01aa92480
1010,5,8,raw_valid,selection_fixed_V,P,0.024044739954383165,0.040742246041792156,0.9361926507150571,0.9617830964776886,0.1880158931016922,-0.2740142047405243,0.33231574296951294,True,,b5979ef01aa92480
1010,5,8,aligned_valid,selection_fixed_V,P_aligned,0.024044739954383165,0.03970797454627066,0.9372020534214266,0.9804747803680838,0.1880158931016922,-0.2740142047405243,0.33231574296951294,True,,b5979ef01aa92480
1010,5,8,aligned_fixed_v64,selection_fixed_V,P_aligned_fixed_donor,0.024044739954383165,0.034830984558268975,0.9419617774534066,0.977776423572063,0.36027321219444275,-0.21743404865264893,0.4208020353306106,True,,b5979ef01aa92480
1010,5,9,raw_original,original,P,0.031060010420028816,0.04160563934097627,0.9286266218304576,0.9606229571655134,0.14991866052150726,-0.25473645329475403,0.29557785391807556,True,,b5979ef01aa92480
1010,5,9,raw_valid,selection_fixed_V,P,0.021533432872101077,0.037738769141698186,0.9415404432381892,0.9660625302453659,0.14991866052150726,-0.25473645329475403,0.29557785391807556,True,,b5979ef01aa92480
1010,5,9,aligned_valid,selection_fixed_V,P_aligned,0.021533432872101077,0.03655299211550939,0.9427006864143832,0.9808456755014844,0.14991866052150726,-0.25473645329475403,0.29557785391807556,True,,b5979ef01aa92480
1010,5,9,aligned_fixed_v64,selection_fixed_V,P_aligned_fixed_donor,0.021533432872101077,0.031757504014729605,0.9473929111940559,0.9783040775125302,0.31680306792259216,-0.2113734781742096,0.3808450224443397,True,,b5979ef01aa92480
1010,5,10,raw_original,original,P,0.025799167419527702,0.032808130680632784,0.9422391243559909,0.9657783124327248,0.14901499450206757,-0.2564682364463806,0.29661664366722107,True,,b5979ef01aa92480
1010,5,10,raw_valid,selection_fixed_V,P,0.022048054890542734,0.03587976330953413,0.9428632607908314,0.9645532092478939,0.14901499450206757,-0.2564682364463806,0.29661664366722107,True,,b5979ef01aa92480
1010,5,10,aligned_valid,selection_fixed_V,P_aligned,0.022048054890542734,0.034578943620946205,0.9441353999355228,0.9793579419495951,0.14901499450206757,-0.2564682364463806,0.29661664366722107,True,,b5979ef01aa92480
1010,5,10,aligned_fixed_v64,selection_fixed_V,P_aligned_fixed_donor,0.022048054890542734,0.029185573629371873,0.9494098566094777,0.9768541286334278,0.3245793879032135,-0.21706365048885345,0.3904720315402524,True,,b5979ef01aa92480
1010,5,11,raw_original,original,P,0.033070948459273164,0.046311317789398794,0.9221492929550222,0.9601314976371392,0.12933743000030518,-0.2374134659767151,0.27035775780677795,True,,b5979ef01aa92480
1010,5,11,raw_valid,selection_fixed_V,P,0.025380915170179374,0.04498518872421964,0.9307756613645249,0.9602870235829236,0.12933743000030518,-0.2374134659767151,0.27035775780677795,True,,b5979ef01aa92480
1010,5,11,aligned_valid,selection_fixed_V,P_aligned,0.025380915170179374,0.044242483143518474,0.931499516397886,0.9731994663073666,0.12933743000030518,-0.2374134659767151,0.27035775780677795,True,,b5979ef01aa92480
1010,5,11,aligned_fixed_v64,selection_fixed_V,P_aligned_fixed_donor,0.025380915170179374,0.03696675163142919,0.9385905831856659,0.9698919315616761,0.33040526509284973,-0.23023051023483276,0.4027079922773668,True,,b5979ef01aa92480
1010,5,12,raw_original,original,P,0.029107036036854494,0.039499746585331896,0.9325429379251194,0.9594886905236166,0.1776762753725052,-0.2828146517276764,0.3339954912662506,True,,b5979ef01aa92480
1010,5,12,raw_valid,selection_fixed_V,P,0.02425776745516872,0.03993181889652022,0.9367790704251647,0.9601179181177104,0.1776762753725052,-0.2828146517276764,0.3339954912662506,True,,b5979ef01aa92480
1010,5,12,aligned_valid,selection_fixed_V,P_aligned,0.02425776745516872,0.04066179447267147,0.9360668024267877,0.9767782797782065,0.1776762753725052,-0.2828146517276764,0.3339954912662506,True,,b5979ef01aa92480
1010,5,12,aligned_fixed_v64,selection_fixed_V,P_aligned_fixed_donor,0.02425776745516872,0.032757688084351734,0.9437791728403987,0.9722595693348504,0.38995134830474854,-0.23910479247570038,0.45742010868515504,True,,b5979ef01aa92480
1010,5,13,raw_original,original,P,0.022699202796907736,0.037842939238048115,0.9403168625172397,0.9565269015185524,0.13959594070911407,-0.27949294447898865,0.31241533160209656,True,,b5979ef01aa92480
1010,5,13,raw_valid,selection_fixed_V,P,0.020769871252033667,0.04168379209861542,0.9384121036445358,0.9624005949903058,0.13959594070911407,-0.27949294447898865,0.31241533160209656,True,,b5979ef01aa92480
1010,5,13,aligned_valid,selection_fixed_V,P_aligned,0.020769871252033667,0.040647565689171224,0.9394268077648678,0.9783182088286575,0.13959594070911407,-0.27949294447898865,0.31241533160209656,True,,b5979ef01aa92480
1010,5,13,aligned_fixed_v64,selection_fixed_V,P_aligned_fixed_donor,0.020769871252033667,0.03228621736452615,0.9476144919613165,0.9742126275182723,0.37746891379356384,-0.24426622688770294,0.44960957560804654,True,,b5979ef01aa92480
1010,5,14,raw_original,original,P,0.03242952445143754,0.05145906634759579,0.9177802022513342,0.9597420753779555,0.1781332790851593,-0.31594914197921753,0.3627055585384369,True,,b5979ef01aa92480
1010,5,14,raw_valid,selection_fixed_V,P,0.02515168625554287,0.05074187256472202,0.9253826848385017,0.9613569190929072,0.1781332790851593,-0.31594914197921753,0.3627055585384369,True,,b5979ef01aa92480
1010,5,14,aligned_valid,selection_fixed_V,P_aligned,0.02515168625554287,0.050630073817790014,0.925491671658427,0.9824109439021527,0.1781332790851593,-0.31594914197921753,0.3627055585384369,True,,b5979ef01aa92480
1010,5,14,aligned_fixed_v64,selection_fixed_V,P_aligned_fixed_donor,0.02515168625554287,0.03926746864660194,0.9365684881493039,0.9759248436137111,0.44361886382102966,-0.25299933552742004,0.5106920403875288,True,,b5979ef01aa92480
1010,5,15,raw_original,original,P,0.024209200656103325,0.04346609085397369,0.9333769878051432,0.9637972607423452,0.17949049174785614,-0.32558688521385193,0.37178441882133484,True,,b5979ef01aa92480
1010,5,15,raw_valid,selection_fixed_V,P,0.020525826857679008,0.042610011517828957,0.9377387673433107,0.9639423207024442,0.17949049174785614,-0.32558688521385193,0.37178441882133484,True,,b5979ef01aa92480
1010,5,15,aligned_valid,selection_fixed_V,P_aligned,0.020525826857679008,0.04217502908263249,0.9381648214043562,0.9844121383365778,0.17949049174785614,-0.32558688521385193,0.37178441882133484,True,,b5979ef01aa92480
1010,5,15,aligned_fixed_v64,selection_fixed_V,P_aligned_fixed_donor,0.020525826857679008,0.032375114882603875,0.9477635842622949,0.9789749336723845,0.44401296973228455,-0.25224682688713074,0.5106622944423337,True,,b5979ef01aa92480
1010,5,16,raw_original,original,P,0.048667996959410376,0.07655864314776434,0.8784993157047574,0.9516985254876626,0.22240698337554932,-0.3052816689014435,0.3777059316635132,True,,b5979ef01aa92480
1010,5,16,raw_valid,selection_fixed_V,P,0.04149658144233803,0.07566521879806398,0.8859780476738042,0.9512690052151342,0.22240698337554932,-0.3052816689014435,0.3777059316635132,True,,b5979ef01aa92480
1010,5,16,aligned_valid,selection_fixed_V,P_aligned,0.04149658144233803,0.07550201338266968,0.8861344806223868,0.976105213418953,0.22240698337554932,-0.3052816689014435,0.3777059316635132,True,,b5979ef01aa92480
1010,5,16,aligned_fixed_v64,selection_fixed_V,P_aligned_fixed_donor,0.04149658144233803,0.06165579961981059,0.8994061238481673,0.9704055820263056,0.47141537070274353,-0.2300238162279129,0.5245411402043292,True,,b5979ef01aa92480
1010,5,17,raw_original,original,P,0.02431825476680105,0.04760439599708612,0.9292350050659897,0.957439742178771,0.2308913916349411,-0.35193100571632385,0.4209112226963043,True,,b5979ef01aa92480
1010,5,17,raw_valid,selection_fixed_V,P,0.022850396589341404,0.05118087725641933,0.9271382294973389,0.957557631190758,0.2308913916349411,-0.35193100571632385,0.4209112226963043,True,,b5979ef01aa92480
1010,5,17,aligned_valid,selection_fixed_V,P_aligned,0.022850396589341404,0.051974555621236644,0.926362686997922,0.9837640835018022,0.2308913916349411,-0.35193100571632385,0.4209112226963043,True,,b5979ef01aa92480
1010,5,17,aligned_fixed_v64,selection_fixed_V,P_aligned_fixed_donor,0.022850396589341404,0.040615399193911786,0.9374622821959622,0.9777743862197148,0.4946196377277374,-0.2533988058567047,0.5557513300348657,True,,b5979ef01aa92480
1010,5,18,raw_original,original,P,0.08455014286530926,0.15314310242687423,0.7752550258968454,0.9458763114892943,0.19718621671199799,-0.30617764592170715,0.3641801178455353,True,,b5979ef01aa92480
1010,5,18,raw_valid,selection_fixed_V,P,0.07409228907145105,0.14612162916862742,0.7906125677478749,0.9480466029020652,0.19718621671199799,-0.30617764592170715,0.3641801178455353,True,,b5979ef01aa92480
1010,5,18,aligned_valid,selection_fixed_V,P_aligned,0.07409228907145105,0.1453029875603361,0.7913705543254788,0.9698100330228712,0.19718621671199799,-0.30617764592170715,0.3641801178455353,True,,b5979ef01aa92480
1010,5,18,aligned_fixed_v64,selection_fixed_V,P_aligned_fixed_donor,0.07409228907145105,0.12789425545924527,0.8074894336153681,0.9636562147666057,0.44269731640815735,-0.22291786968708038,0.49565440639704833,True,,b5979ef01aa92480
1010,5,19,raw_original,original,P,0.034409593614692535,0.06004194452263878,0.9076144807735286,0.9516419053411378,0.22217293083667755,-0.3281763195991516,0.3963086009025574,True,,b5979ef01aa92480
1010,5,19,raw_valid,selection_fixed_V,P,0.027553562839751522,0.05141040857366831,0.922452568509832,0.9515370818829035,0.22217293083667755,-0.3281763195991516,0.3963086009025574,True,,b5979ef01aa92480
1010,5,19,aligned_valid,selection_fixed_V,P_aligned,0.027553562839751522,0.051023089560870934,0.9228292155038712,0.9782877755869753,0.22217293083667755,-0.3281763195991516,0.3963086009025574,True,,b5979ef01aa92480
1010,5,19,aligned_fixed_v64,selection_fixed_V,P_aligned_fixed_donor,0.027553562839751522,0.03923373351253342,0.9342937327894907,0.9708473774258033,0.5083948373794556,-0.24391399323940277,0.5638788405074928,True,,b5979ef01aa92480
2020,10,0,raw_original,original,P,0.036321251358123585,0.04958819853912868,0.9158916555262839,0.9293215019843792,0.1653759926557541,-0.21944190561771393,0.2747798562049866,True,,b5979ef01aa92480
2020,10,0,raw_valid,selection_fixed_V,P,0.03158269484885168,0.04851786160775648,0.9214317683612684,0.9260232942832146,0.1653759926557541,-0.21944190561771393,0.2747798562049866,True,,b5979ef01aa92480
2020,10,0,aligned_valid,selection_fixed_V,P_aligned,0.03158269484885168,0.05096986871981816,0.9190572022415943,0.948688830306224,0.1653759926557541,-0.21944190561771393,0.2747798562049866,True,,b5979ef01aa92480
2020,10,0,aligned_fixed_v64,selection_fixed_V,P_aligned_fixed_donor,0.03158269484885168,0.042840676192177074,0.9269296529622671,0.9465552647125387,0.4259839653968811,-0.24677230417728424,0.49229961292308294,True,,b5979ef01aa92480
2020,10,1,raw_original,original,P,0.04702156468541563,0.06593445692128223,0.890144319724424,0.9309246909699156,0.1856454461812973,-0.21676847338676453,0.2853993773460388,True,,b5979ef01aa92480
2020,10,1,raw_valid,selection_fixed_V,P,0.04246720921113811,0.07381938693089038,0.8868483072066036,0.9256784665918054,0.1856454461812973,-0.21676847338676453,0.2853993773460388,True,,b5979ef01aa92480
2020,10,1,aligned_valid,selection_fixed_V,P_aligned,0.04246720921113811,0.07526173530291828,0.885467211344646,0.9479024831250675,0.1856454461812973,-0.21676847338676453,0.2853993773460388,True,,b5979ef01aa92480
2020,10,1,aligned_fixed_v64,selection_fixed_V,P_aligned_fixed_donor,0.04246720921113811,0.06324670843597166,0.8969719935519564,0.9442477065062982,0.4320302903652191,-0.22259701788425446,0.4860037079735284,True,,b5979ef01aa92480
2020,10,2,raw_original,original,P,0.04195339576206325,0.08971877374576019,0.8720918377144194,0.9570642516894436,0.19262108206748962,-0.20886549353599548,0.2841261625289917,True,,b5979ef01aa92480
2020,10,2,raw_valid,selection_fixed_V,P,0.037916152460760966,0.087924116015657,0.8774934757114093,0.9563980810157673,0.19262108206748962,-0.20886549353599548,0.2841261625289917,True,,b5979ef01aa92480
2020,10,2,aligned_valid,selection_fixed_V,P_aligned,0.037916152460760966,0.08885566231727056,0.876597250061392,0.9689602936888515,0.19262108206748962,-0.20886549353599548,0.2841261625289917,True,,b5979ef01aa92480
2020,10,2,aligned_fixed_v64,selection_fixed_V,P_aligned_fixed_donor,0.037916152460760966,0.0666911746309147,0.8979213456534173,0.9520271636193008,0.3913658559322357,-0.20791958272457123,0.44316789828453423,True,,b5979ef01aa92480
2020,10,3,raw_original,original,P,0.047062414842050426,0.06860315239264461,0.88756306278268,0.9375849412396379,0.17964942753314972,-0.1887500286102295,0.2605772316455841,True,,b5979ef01aa92480
2020,10,3,raw_valid,selection_fixed_V,P,0.03779654823450407,0.07441717763924623,0.8905989865703671,0.9359605623223783,0.17964942753314972,-0.1887500286102295,0.2605772316455841,True,,b5979ef01aa92480
2020,10,3,aligned_valid,selection_fixed_V,P_aligned,0.03779654823450407,0.07628496755724737,0.8888017926640936,0.9550385510723804,0.17964942753314972,-0.1887500286102295,0.2605772316455841,True,,b5979ef01aa92480
2020,10,3,aligned_fixed_v64,selection_fixed_V,P_aligned_fixed_donor,0.03779654823450407,0.06272935464854329,0.9018450501956456,0.9511761643784515,0.3741772472858429,-0.20211131870746613,0.4252735561213297,True,,b5979ef01aa92480
2020,10,4,raw_original,original,P,0.031145598092209847,0.057018475256658756,0.9136118011653059,0.9496150915691167,0.19149619340896606,-0.19095081090927124,0.27043113112449646,True,,b5979ef01aa92480
2020,10,4,raw_valid,selection_fixed_V,P,0.02794004248357551,0.05937944830972205,0.9143395735151273,0.9468747334595071,0.19149619340896606,-0.19095081090927124,0.27043113112449646,True,,b5979ef01aa92480
2020,10,4,aligned_valid,selection_fixed_V,P_aligned,0.02794004248357551,0.059044323813298286,0.9146653346188838,0.963781715160924,0.19149619340896606,-0.19095081090927124,0.27043113112449646,True,,b5979ef01aa92480
2020,10,4,aligned_fixed_v64,selection_fixed_V,P_aligned_fixed_donor,0.02794004248357551,0.045711406261101116,0.9276257298882424,0.9578311420690169,0.3974161148071289,-0.21114897727966309,0.4500260647058576,True,,b5979ef01aa92480
2020,10,5,raw_original,original,P,0.03590057822067583,0.0571971987594835,0.908955635527909,0.9440412753572722,0.17442531883716583,-0.19431689381599426,0.26111921668052673,True,,b5979ef01aa92480
2020,10,5,raw_valid,selection_fixed_V,P,0.030978148856761867,0.05583761896436216,0.9149139782509612,0.9423112765154127,0.17442531883716583,-0.19431689381599426,0.26111921668052673,True,,b5979ef01aa92480
2020,10,5,aligned_valid,selection_fixed_V,P_aligned,0.030978148856761867,0.056628927708153996,0.9141471827872262,0.9619705320782419,0.17442531883716583,-0.19431689381599426,0.26111921668052673,True,,b5979ef01aa92480
2020,10,5,aligned_fixed_v64,selection_fixed_V,P_aligned_fixed_donor,0.030978148856761867,0.04875774429785848,0.9217745315061586,0.959573195362514,0.3786911070346832,-0.20337136089801788,0.42984516396100786,True,,b5979ef01aa92480
2020,10,6,raw_original,original,P,0.025160444958830963,0.035427546968607664,0.9403033809180915,0.952857178064564,0.18162469565868378,-0.19363635778427124,0.2654855251312256,True,,b5979ef01aa92480
2020,10,6,raw_valid,selection_fixed_V,P,0.017892760951918385,0.034972636724845796,0.9477603593520119,0.9532751197255883,0.18162469565868378,-0.19363635778427124,0.2654855251312256,True,,b5979ef01aa92480
2020,10,6,aligned_valid,selection_fixed_V,P_aligned,0.017892760951918385,0.035256288694341,0.9474817826994002,0.9740812428890981,0.18162469565868378,-0.19363635778427124,0.2654855251312256,True,,b5979ef01aa92480
2020,10,6,aligned_fixed_v64,selection_fixed_V,P_aligned_fixed_donor,0.017892760951918385,0.031306562861806886,0.9513608370317872,0.9724386847401273,0.4006921350955963,-0.21203596889972687,0.45333590110944616,True,,b5979ef01aa92480
2020,10,7,raw_original,original,P,0.03263342127382396,0.03852313568501435,0.9301005847567595,0.9491855646025593,0.15398620069026947,-0.1809065043926239,0.23756875097751617,True,,b5979ef01aa92480
2020,10,7,raw_valid,selection_fixed_V,P,0.021988813960575948,0.03988119176529065,0.9390069343803865,0.9485674087427558,0.15398620069026947,-0.1809065043926239,0.23756875097751617,True,,b5979ef01aa92480
2020,10,7,aligned_valid,selection_fixed_V,P_aligned,0.021988813960575948,0.039605257739301236,0.939276800944413,0.9660970324613611,0.15398620069026947,-0.1809065043926239,0.23756875097751617,True,,b5979ef01aa92480
2020,10,7,aligned_fixed_v64,selection_fixed_V,P_aligned_fixed_donor,0.021988813960575948,0.03389758476215674,0.9448589689623152,0.9651016586278248,0.3565046191215515,-0.21047496795654297,0.4139991009547126,True,,b5979ef01aa92480
2020,10,8,raw_original,original,P,0.023909599597299658,0.03785899627882052,0.939136597566062,0.9528606769526817,0.1581236869096756,-0.1942615658044815,0.25048086047172546,True,,b5979ef01aa92480
2020,10,8,raw_valid,selection_fixed_V,P,0.021643341960572604,0.04041640156992456,0.9388150024694966,0.9527894983619429,0.1581236869096756,-0.1942615658044815,0.25048086047172546,True,,b5979ef01aa92480
2020,10,8,aligned_valid,selection_fixed_V,P_aligned,0.021643341960572604,0.04108388605139568,0.9381619645829112,0.9729767279714949,0.1581236869096756,-0.1942615658044815,0.25048086047172546,True,,b5979ef01aa92480
2020,10,8,aligned_fixed_v64,selection_fixed_V,P_aligned_fixed_donor,0.021643341960572604,0.03669265838893726,0.9424581514034444,0.9726248654128191,0.36027321219444275,-0.21743404865264893,0.4208020353306106,True,,b5979ef01aa92480
2020,10,9,raw_original,original,P,0.02867158781648871,0.03864825314635346,0.9337882658211974,0.9503366973055652,0.12833116948604584,-0.1820373833179474,0.22272516787052155,True,,b5979ef01aa92480
2020,10,9,raw_valid,selection_fixed_V,P,0.01972055062758238,0.037315056228710765,0.9437002665992362,0.9569089979806296,0.12833116948604584,-0.1820373833179474,0.22272516787052155,True,,b5979ef01aa92480
2020,10,9,aligned_valid,selection_fixed_V,P_aligned,0.01972055062758238,0.03776633825530129,0.9432578841026984,0.9732575419432695,0.12833116948604584,-0.1820373833179474,0.22272516787052155,True,,b5979ef01aa92480
2020,10,9,aligned_fixed_v64,selection_fixed_V,P_aligned_fixed_donor,0.01972055062758238,0.03365889983622834,0.9472843215744783,0.9720377364230122,0.31680306792259216,-0.2113734781742096,0.3808450224443397,True,,b5979ef01aa92480
2020,10,10,raw_original,original,P,0.02432491029196593,0.032219489447581184,0.9442393364509183,0.9570442009536376,0.12910038232803345,-0.18351668119430542,0.22437754273414612,True,,b5979ef01aa92480
2020,10,10,raw_valid,selection_fixed_V,P,0.020240771624815523,0.034726078174867635,0.9457360328180798,0.9558653033370674,0.12910038232803345,-0.18351668119430542,0.22437754273414612,True,,b5979ef01aa92480
2020,10,10,aligned_valid,selection_fixed_V,P_aligned,0.020240771624815523,0.035052659633943765,0.9454160616197338,0.9725706573702344,0.12910038232803345,-0.18351668119430542,0.22437754273414612,True,,b5979ef01aa92480
2020,10,10,aligned_fixed_v64,selection_fixed_V,P_aligned_fixed_donor,0.020240771624815523,0.030695568699721704,0.9496849616714077,0.9720561861320183,0.3245793879032135,-0.21706365048885345,0.3904720315402524,True,,b5979ef01aa92480
2020,10,11,raw_original,original,P,0.029376148981573036,0.04214235367930326,0.929719477399241,0.948180665950127,0.11996346712112427,-0.17221297323703766,0.20987744629383087,True,,b5979ef01aa92480
2020,10,11,raw_valid,selection_fixed_V,P,0.022213844228882285,0.04106959556056502,0.9376288738088783,0.9481541161537248,0.11996346712112427,-0.17221297323703766,0.20987744629383087,True,,b5979ef01aa92480
2020,10,11,aligned_valid,selection_fixed_V,P_aligned,0.022213844228882285,0.04259279105278182,0.9361395143440557,0.9639246977662462,0.11996346712112427,-0.17221297323703766,0.20987744629383087,True,,b5979ef01aa92480
2020,10,11,aligned_fixed_v64,selection_fixed_V,P_aligned_fixed_donor,0.022213844228882285,0.03639231690261197,0.9422022521273085,0.9634519967925308,0.33040526509284973,-0.23023051023483276,0.4027079922773668,True,,b5979ef01aa92480
2020,10,12,raw_original,original,P,0.02582572283344886,0.03785124898501872,0.9373005640467195,0.9512615350493228,0.15469026565551758,-0.19643831253051758,0.2500341832637787,True,,b5979ef01aa92480
2020,10,12,raw_valid,selection_fixed_V,P,0.021028044058236106,0.03814398094261643,0.9416300683109654,0.9518093319937728,0.15469026565551758,-0.19643831253051758,0.2500341832637787,True,,b5979ef01aa92480
2020,10,12,aligned_valid,selection_fixed_V,P_aligned,0.021028044058236106,0.040789117925849855,0.9390405533847554,0.9704762996511505,0.15469026565551758,-0.19643831253051758,0.2500341832637787,True,,b5979ef01aa92480
2020,10,12,aligned_fixed_v64,selection_fixed_V,P_aligned_fixed_donor,0.021028044058236106,0.033890360531384056,0.9457942434047832,0.96850968405845,0.38995134830474854,-0.23910479247570038,0.45742010868515504,True,,b5979ef01aa92480
2020,10,13,raw_original,original,P,0.01919314559354479,0.035402167467022766,0.946084165893954,0.944413947446992,0.13718561828136444,-0.20489828288555145,0.24658304452896118,True,,b5979ef01aa92480
2020,10,13,raw_valid,selection_fixed_V,P,0.017206943446782308,0.03949533091909299,0.9439773195596615,0.9528002893889469,0.13718561828136444,-0.20489828288555145,0.24658304452896118,True,,b5979ef01aa92480
2020,10,13,aligned_valid,selection_fixed_V,P_aligned,0.017206943446782308,0.040293807626143235,0.9431925821961531,0.9719187780264362,0.13718561828136444,-0.20489828288555145,0.24658304452896118,True,,b5979ef01aa92480
2020,10,13,aligned_fixed_v64,selection_fixed_V,P_aligned_fixed_donor,0.017206943446782308,0.034507582428772804,0.9488792441437819,0.9723108145683416,0.37746891379356384,-0.24426622688770294,0.44960957560804654,True,,b5979ef01aa92480
2020,10,14,raw_original,original,P,0.028766683520556446,0.04915484228409001,0.9234924959868428,0.9504517309625624,0.16194875538349152,-0.23014600574970245,0.28141531348228455,True,,b5979ef01aa92480
2020,10,14,raw_valid,selection_fixed_V,P,0.021876721376235864,0.04914655905905906,0.9300518851438409,0.9531461817073594,0.16194875538349152,-0.23014600574970245,0.28141531348228455,True,,b5979ef01aa92480
2020,10,14,aligned_valid,selection_fixed_V,P_aligned,0.021876721376235864,0.05088842439228168,0.9283481261131881,0.9764933482827838,0.16194875538349152,-0.23014600574970245,0.28141531348228455,True,,b5979ef01aa92480
2020,10,14,aligned_fixed_v64,selection_fixed_V,P_aligned_fixed_donor,0.021876721376235864,0.04266439116098996,0.9363922444608899,0.9736627243167709,0.44361886382102966,-0.25299933552742004,0.5106920403875288,True,,b5979ef01aa92480
2020,10,15,raw_original,original,P,0.02045113958146727,0.04056370308415828,0.9398147312880898,0.9530830958905991,0.1711963713169098,-0.23909486830234528,0.29406556487083435,True,,b5979ef01aa92480
2020,10,15,raw_valid,selection_fixed_V,P,0.01692604520524965,0.04009824617168752,0.943654413350416,0.9530558778904759,0.1711963713169098,-0.23909486830234528,0.29406556487083435,True,,b5979ef01aa92480
2020,10,15,aligned_valid,selection_fixed_V,P_aligned,0.01692604520524965,0.04178297766939617,0.9419981976941962,0.977335964447766,0.1711963713169098,-0.23909486830234528,0.29406556487083435,True,,b5979ef01aa92480
2020,10,15,aligned_fixed_v64,selection_fixed_V,P_aligned_fixed_donor,0.01692604520524965,0.035642680757569996,0.9480345636629193,0.9776418004676434,0.44401296973228455,-0.25224682688713074,0.5106622944423337,True,,b5979ef01aa92480
2020,10,16,raw_original,original,P,0.04180179628098735,0.0689727731132083,0.8921086164164175,0.9376604556033286,0.19562114775180817,-0.22022436559200287,0.29456138610839844,True,,b5979ef01aa92480
2020,10,16,raw_valid,selection_fixed_V,P,0.03506343190677397,0.06963151928242672,0.8977465688457239,0.9392187499912683,0.19562114775180817,-0.22022436559200287,0.29456138610839844,True,,b5979ef01aa92480
2020,10,16,aligned_valid,selection_fixed_V,P_aligned,0.03506343190677397,0.07306749533722617,0.8944310699033553,0.9674887848050733,0.19562114775180817,-0.22022436559200287,0.29456138610839844,True,,b5979ef01aa92480
2020,10,16,aligned_fixed_v64,selection_fixed_V,P_aligned_fixed_donor,0.03506343190677397,0.06066327613850671,0.9064003546068437,0.9659611566678566,0.47141537070274353,-0.2300238162279129,0.5245411402043292,True,,b5979ef01aa92480
2020,10,17,raw_original,original,P,0.019848567943793194,0.04463175454230497,0.9364055539263855,0.9457533652879547,0.20848262310028076,-0.2538234293460846,0.3284681737422943,True,,b5979ef01aa92480
2020,10,17,raw_valid,selection_fixed_V,P,0.018159894945038446,0.04772674997206661,0.9349800678484558,0.946478038287183,0.20848262310028076,-0.2538234293460846,0.3284681737422943,True,,b5979ef01aa92480
2020,10,17,aligned_valid,selection_fixed_V,P_aligned,0.018159894945038446,0.05070880637910264,0.9320521652724917,0.9753448767320081,0.20848262310028076,-0.2538234293460846,0.3284681737422943,True,,b5979ef01aa92480
2020,10,17,aligned_fixed_v64,selection_fixed_V,P_aligned_fixed_donor,0.018159894945038446,0.04316950424253835,0.939454554474297,0.9752879228725693,0.4946196377277374,-0.2533988058567047,0.5557513300348657,True,,b5979ef01aa92480
2020,10,18,raw_original,original,P,0.07715485517345688,0.11939818728497126,0.8126591073895172,0.9181759523565451,0.17136894166469574,-0.22222378849983215,0.2806256115436554,True,,b5979ef01aa92480
2020,10,18,raw_valid,selection_fixed_V,P,0.06414152721263422,0.11338709637550669,0.8297441979395902,0.9239375191840471,0.17136894166469574,-0.22222378849983215,0.2806256115436554,True,,b5979ef01aa92480
2020,10,18,aligned_valid,selection_fixed_V,P_aligned,0.06414152721263422,0.11764381409274252,0.825760512597651,0.949192273418701,0.17136894166469574,-0.22222378849983215,0.2806256115436554,True,,b5979ef01aa92480
2020,10,18,aligned_fixed_v64,selection_fixed_V,P_aligned_fixed_donor,0.06414152721263422,0.10091986766756159,0.8414117595580985,0.9461558121441909,0.44269731640815735,-0.22291786968708038,0.49565440639704833,True,,b5979ef01aa92480
2020,10,19,raw_original,original,P,0.02926553654777786,0.05344967185632592,0.9188490249210743,0.9372536906141309,0.2018917053937912,-0.2369876205921173,0.31132522225379944,True,,b5979ef01aa92480
2020,10,19,raw_valid,selection_fixed_V,P,0.022782371171164773,0.04812963285117179,0.9301845031376107,0.9401660154320246,0.2018917053937912,-0.2369876205921173,0.31132522225379944,True,,b5979ef01aa92480
2020,10,19,aligned_valid,selection_fixed_V,P_aligned,0.022782371171164773,0.049843255680158884,0.928509920699961,0.9692229789603974,0.2018917053937912,-0.2369876205921173,0.31132522225379944,True,,b5979ef01aa92480
2020,10,19,aligned_fixed_v64,selection_fixed_V,P_aligned_fixed_donor,0.022782371171164773,0.03910765942049117,0.9390009346208972,0.9659110436983864,0.5083948373794556,-0.24391399323940277,0.5638788405074928,True,,b5979ef01aa92480
3030,15,0,raw_original,original,P,0.03505699758801328,0.041582980588417535,0.9248177962737597,0.9168612214060975,0.18473728001117706,-0.2061435580253601,0.27680864930152893,True,,b5979ef01aa92480
3030,15,0,raw_valid,selection_fixed_V,P,0.030188990059423104,0.03882818334324434,0.9321550102383073,0.9126569480505606,0.18473728001117706,-0.2061435580253601,0.27680864930152893,True,,b5979ef01aa92480
3030,15,0,aligned_valid,selection_fixed_V,P_aligned,0.030188990059423104,0.03993140976990602,0.9310850891032733,0.9337464966552287,0.18473728001117706,-0.2061435580253601,0.27680864930152893,True,,b5979ef01aa92480
3030,15,0,aligned_fixed_v64,selection_fixed_V,P_aligned_fixed_donor,0.030188990059423104,0.033632483284514576,0.9371938573596122,0.9336970824631173,0.4259839653968811,-0.24677230417728424,0.49229961292308294,True,,b5979ef01aa92480
3030,15,1,raw_original,original,P,0.04508551968827401,0.05538092876803529,0.9020304294980169,0.9183031461618272,0.20345686376094818,-0.19756193459033966,0.2835937440395355,True,,b5979ef01aa92480
3030,15,1,raw_valid,selection_fixed_V,P,0.04087340424081676,0.060536163181139656,0.9010647516469343,0.9114672692605899,0.20345686376094818,-0.19756193459033966,0.2835937440395355,True,,b5979ef01aa92480
3030,15,1,aligned_valid,selection_fixed_V,P_aligned,0.04087340424081676,0.06061491783118821,0.9009892159675331,0.9327363592496393,0.20345686376094818,-0.19756193459033966,0.2835937440395355,True,,b5979ef01aa92480
3030,15,1,aligned_fixed_v64,selection_fixed_V,P_aligned_fixed_donor,0.04087340424081676,0.05170806303333558,0.9095320172887189,0.9324243152987844,0.4320302903652191,-0.22259701788425446,0.4860037079735284,True,,b5979ef01aa92480
3030,15,2,raw_original,original,P,0.03747195560788241,0.08843085736862163,0.8774108641851799,0.9530243514371546,0.19999559223651886,-0.18539723753929138,0.27270931005477905,True,,b5979ef01aa92480
3030,15,2,raw_valid,selection_fixed_V,P,0.03431303328311308,0.0875649067941735,0.8811266774839746,0.9533052306313431,0.19999559223651886,-0.18539723753929138,0.27270931005477905,True,,b5979ef01aa92480
3030,15,2,aligned_valid,selection_fixed_V,P_aligned,0.03431303328311308,0.0849585785556851,0.883643574694869,0.9624541755274507,0.19999559223651886,-0.18539723753929138,0.27270931005477905,True,,b5979ef01aa92480
3030,15,2,aligned_fixed_v64,selection_fixed_V,P_aligned_fixed_donor,0.03431303328311308,0.06787036744314115,0.9001454374507594,0.9499084549265864,0.3913658559322357,-0.20791958272457123,0.44316789828453423,True,,b5979ef01aa92480
3030,15,3,raw_original,original,P,0.044338853984931204,0.06202053953787045,0.8963905261238346,0.9283051837788086,0.18883158266544342,-0.17221412062644958,0.25556811690330505,True,,b5979ef01aa92480
3030,15,3,raw_valid,selection_fixed_V,P,0.034917924838035796,0.06706964153933992,0.9003543663248089,0.9263480726366878,0.18883158266544342,-0.17221412062644958,0.25556811690330505,True,,b5979ef01aa92480
3030,15,3,aligned_valid,selection_fixed_V,P_aligned,0.034917924838035796,0.06657506025308095,0.9008316778588881,0.9427982003472322,0.18883158266544342,-0.17221412062644958,0.25556811690330505,True,,b5979ef01aa92480
3030,15,3,aligned_fixed_v64,selection_fixed_V,P_aligned_fixed_donor,0.034917924838035796,0.056111207110092085,0.9109301549643137,0.9409268635915473,0.3741772472858429,-0.20211131870746613,0.4252735561213297,True,,b5979ef01aa92480
3030,15,4,raw_original,original,P,0.029517947972077185,0.053758305468606694,0.9183105814232054,0.9439667182988858,0.2019490748643875,-0.17312243580818176,0.2659977674484253,True,,b5979ef01aa92480
3030,15,4,raw_valid,selection_fixed_V,P,0.02634137366520861,0.055661600954572926,0.9194632284097666,0.9398670931989681,0.2019490748643875,-0.17312243580818176,0.2659977674484253,True,,b5979ef01aa92480
3030,15,4,aligned_valid,selection_fixed_V,P_aligned,0.02634137366520861,0.05345971266924419,0.9216071159330024,0.9548315749642804,0.2019490748643875,-0.17312243580818176,0.2659977674484253,True,,b5979ef01aa92480
3030,15,4,aligned_fixed_v64,selection_fixed_V,P_aligned_fixed_donor,0.02634137366520861,0.04344093605507379,0.9313619842087107,0.9514302691575839,0.3974161148071289,-0.21114897727966309,0.4500260647058576,True,,b5979ef01aa92480
3030,15,5,raw_original,original,P,0.03478642663961251,0.05126239559230778,0.9157344133317222,0.9362304158834092,0.18517130613327026,-0.17831546068191528,0.2570696771144867,True,,b5979ef01aa92480
3030,15,5,raw_valid,selection_fixed_V,P,0.029862073597391903,0.04955522911142042,0.9220625191900486,0.9330624564801466,0.18517130613327026,-0.17831546068191528,0.2570696771144867,True,,b5979ef01aa92480
3030,15,5,aligned_valid,selection_fixed_V,P_aligned,0.029862073597391903,0.04904880211877328,0.9225538232225695,0.9507531893969134,0.18517130613327026,-0.17831546068191528,0.2570696771144867,True,,b5979ef01aa92480
3030,15,5,aligned_fixed_v64,selection_fixed_V,P_aligned_fixed_donor,0.029862073597391903,0.04286507396259978,0.9285528924334372,0.950064724181513,0.3786911070346832,-0.20337136089801788,0.42984516396100786,True,,b5979ef01aa92480
3030,15,6,raw_original,original,P,0.02518412469280995,0.03258862611719522,0.9430479652136976,0.9477690174891013,0.19500435888767242,-0.17702187597751617,0.2633694112300873,True,,b5979ef01aa92480
3030,15,6,raw_valid,selection_fixed_V,P,0.018166259539518337,0.032658098499698286,0.9497689174541961,0.9493023241905215,0.19500435888767242,-0.17702187597751617,0.2633694112300873,True,,b5979ef01aa92480
3030,15,6,aligned_valid,selection_fixed_V,P_aligned,0.018166259539518337,0.031790156898559,0.9506210918029439,0.9676982493713853,0.19500435888767242,-0.17702187597751617,0.2633694112300873,True,,b5979ef01aa92480
3030,15,6,aligned_fixed_v64,selection_fixed_V,P_aligned_fixed_donor,0.018166259539518337,0.028504138565490438,0.9538474154741223,0.9671111301126094,0.4006921350955963,-0.21203596889972687,0.45333590110944616,True,,b5979ef01aa92480
3030,15,7,raw_original,original,P,0.03224812919737852,0.03487807983909627,0.9339985437883328,0.9415795244919034,0.16630297899246216,-0.16913874447345734,0.23720158636569977,True,,b5979ef01aa92480
3030,15,7,raw_valid,selection_fixed_V,P,0.021732155125146035,0.03695229274815698,0.9421186050849298,0.9417914459110703,0.16630297899246216,-0.16913874447345734,0.23720158636569977,True,,b5979ef01aa92480
3030,15,7,aligned_valid,selection_fixed_V,P_aligned,0.021732155125146035,0.03552833961496392,0.9435116126477413,0.9571678746866843,0.16630297899246216,-0.16913874447345734,0.23720158636569977,True,,b5979ef01aa92480
3030,15,7,aligned_fixed_v64,selection_fixed_V,P_aligned_fixed_donor,0.021732155125146035,0.030711858794047475,0.9482234209603003,0.9570295895501834,0.3565046191215515,-0.21047496795654297,0.4139991009547126,True,,b5979ef01aa92480
3030,15,8,raw_original,original,P,0.023539125078858025,0.03615869959782049,0.9411533194758435,0.949198505406949,0.1717342734336853,-0.1787290722131729,0.24786436557769775,True,,b5979ef01aa92480
3030,15,8,raw_valid,selection_fixed_V,P,0.021571489042153114,0.03867499092151063,0.940587797179205,0.9493533808731051,0.1717342734336853,-0.1787290722131729,0.24786436557769775,True,,b5979ef01aa92480
3030,15,8,aligned_valid,selection_fixed_V,P_aligned,0.021571489042153114,0.03782562125629715,0.9414188446759926,0.9662763913566428,0.1717342734336853,-0.1787290722131729,0.24786436557769775,True,,b5979ef01aa92480
3030,15,8,aligned_fixed_v64,selection_fixed_V,P_aligned_fixed_donor,0.021571489042153114,0.034156747689718436,0.9450085751766328,0.9662787956123362,0.36027321219444275,-0.21743404865264893,0.4208020353306106,True,,b5979ef01aa92480
3030,15,9,raw_original,original,P,0.028602971518726483,0.0352079057747888,0.937196173432595,0.9440075747905642,0.14185865223407745,-0.16941116750240326,0.2209615856409073,True,,b5979ef01aa92480
3030,15,9,raw_valid,selection_fixed_V,P,0.01982458748933369,0.034903253560013746,0.9459641015545154,0.9527608432910477,0.14185865223407745,-0.16941116750240326,0.2209615856409073,True,,b5979ef01aa92480
3030,15,9,aligned_valid,selection_fixed_V,P_aligned,0.01982458748933369,0.03420711873188549,0.946646435796839,0.9666738491875596,0.14185865223407745,-0.16941116750240326,0.2209615856409073,True,,b5979ef01aa92480
3030,15,9,aligned_fixed_v64,selection_fixed_V,P_aligned_fixed_donor,0.01982458748933369,0.03081483173138587,0.9499714721069084,0.9661104817465124,0.31680306792259216,-0.2113734781742096,0.3808450224443397,True,,b5979ef01aa92480
3030,15,10,raw_original,original,P,0.024302215733878363,0.030451801508926152,0.9459860290069507,0.9527156102246088,0.14423111081123352,-0.1707279086112976,0.22349637746810913,True,,b5979ef01aa92480
3030,15,10,raw_valid,selection_fixed_V,P,0.02014966664625939,0.03262254387826751,0.9478851228597732,0.9509828928939011,0.14423111081123352,-0.1707279086112976,0.22349637746810913,True,,b5979ef01aa92480
3030,15,10,aligned_valid,selection_fixed_V,P_aligned,0.02014966664625939,0.03152001686847497,0.94896543431785,0.9656975392684509,0.14423111081123352,-0.1707279086112976,0.22349637746810913,True,,b5979ef01aa92480
3030,15,10,aligned_fixed_v64,selection_fixed_V,P_aligned_fixed_donor,0.02014966664625939,0.02826380313894626,0.9521560364261996,0.9659082877379576,0.3245793879032135,-0.21706365048885345,0.3904720315402524,True,,b5979ef01aa92480
3030,15,11,raw_original,original,P,0.02913677827950778,0.037276424012900544,0.9346729126091085,0.9403309220162881,0.14083193242549896,-0.16392284631729126,0.21611185371875763,True,,b5979ef01aa92480
3030,15,11,raw_valid,selection_fixed_V,P,0.022319127385580284,0.036395503698672865,0.9420976847990599,0.9400744381484826,0.14083193242549896,-0.16392284631729126,0.21611185371875763,True,,b5979ef01aa92480
3030,15,11,aligned_valid,selection_fixed_V,P_aligned,0.022319127385580284,0.03629527605864037,0.942195675445627,0.9550898128837142,0.14083193242549896,-0.16392284631729126,0.21611185371875763,True,,b5979ef01aa92480
3030,15,11,aligned_fixed_v64,selection_fixed_V,P_aligned_fixed_donor,0.022319127385580284,0.03128070501069746,0.9470983256435668,0.9559603948057842,0.33040526509284973,-0.23023051023483276,0.4027079922773668,True,,b5979ef01aa92480
3030,15,12,raw_original,original,P,0.025678647852431236,0.03613530340672161,0.9391139544720691,0.9466414994896862,0.17423900961875916,-0.180667445063591,0.250997930765152,True,,b5979ef01aa92480
3030,15,12,raw_valid,selection_fixed_V,P,0.020806849556543217,0.03525325321229806,0.9446734063671257,0.9467982020942562,0.17423900961875916,-0.180667445063591,0.250997930765152,True,,b5979ef01aa92480
3030,15,12,aligned_valid,selection_fixed_V,P_aligned,0.020806849556543217,0.03609572342955776,0.9438484653009324,0.9638948911226187,0.17423900961875916,-0.180667445063591,0.250997930765152,True,,b5979ef01aa92480
3030,15,12,aligned_fixed_v64,selection_fixed_V,P_aligned_fixed_donor,0.020806849556543217,0.031735916255111886,0.9481175586234041,0.9630941848583057,0.38995134830474854,-0.23910479247570038,0.45742010868515504,True,,b5979ef01aa92480
3030,15,13,raw_original,original,P,0.019215982377595364,0.035712339709361024,0.9457579256035613,0.9407588202887844,0.16382426023483276,-0.19007344543933868,0.25093087553977966,True,,b5979ef01aa92480
3030,15,13,raw_valid,selection_fixed_V,P,0.017447634873874573,0.03955935219925955,0.9436832300598855,0.9508725617337834,0.16382426023483276,-0.19007344543933868,0.25093087553977966,True,,b5979ef01aa92480
3030,15,13,aligned_valid,selection_fixed_V,P_aligned,0.017447634873874573,0.03855463093651747,0.9446704213128854,0.9678100394657757,0.16382426023483276,-0.19007344543933868,0.25093087553977966,True,,b5979ef01aa92480
3030,15,13,aligned_fixed_v64,selection_fixed_V,P_aligned_fixed_donor,0.017447634873874573,0.03475242201040929,0.9484062906859365,0.9688400865315943,0.37746891379356384,-0.24426622688770294,0.44960957560804654,True,,b5979ef01aa92480
3030,15,14,raw_original,original,P,0.02758451990041033,0.04942201382132671,0.9243567488020357,0.9475202812477744,0.190313920378685,-0.2141212671995163,0.28647392988204956,True,,b5979ef01aa92480
3030,15,14,raw_valid,selection_fixed_V,P,0.020824094865618092,0.049674596597810886,0.9305357370485351,0.9510543344995781,0.190313920378685,-0.2141212671995163,0.28647392988204956,True,,b5979ef01aa92480
3030,15,14,aligned_valid,selection_fixed_V,P_aligned,0.020824094865618092,0.049545636611688135,0.9306620115596731,0.972687238867799,0.190313920378685,-0.2141212671995163,0.28647392988204956,True,,b5979ef01aa92480
3030,15,14,aligned_fixed_v64,selection_fixed_V,P_aligned_fixed_donor,0.020824094865618092,0.04334273460956813,0.9367357437420587,0.9716545231704731,0.44361886382102966,-0.25299933552742004,0.5106920403875288,True,,b5979ef01aa92480
3030,15,15,raw_original,original,P,0.01952822355825945,0.04087663407608559,0.940393390414202,0.9501790442156841,0.1997794657945633,-0.21916188299655914,0.2965531349182129,True,,b5979ef01aa92480
3030,15,15,raw_valid,selection_fixed_V,P,0.015911787554630186,0.04055990730562369,0.9441736857680287,0.9496828907819321,0.1997794657945633,-0.21916188299655914,0.2965531349182129,True,,b5979ef01aa92480
3030,15,15,aligned_valid,selection_fixed_V,P_aligned,0.015911787554630186,0.040489166499768435,0.9442433009612098,0.9725340494356266,0.1997794657945633,-0.21916188299655914,0.2965531349182129,True,,b5979ef01aa92480
3030,15,15,aligned_fixed_v64,selection_fixed_V,P_aligned_fixed_donor,0.015911787554630186,0.036343489912622255,0.948323012423231,0.9745827454981211,0.44401296973228455,-0.25224682688713074,0.5106622944423337,True,,b5979ef01aa92480
3030,15,16,raw_original,original,P,0.03861521612612173,0.06440912793205752,0.8994628283374121,0.9290473043474028,0.21909531950950623,-0.20182166993618011,0.2978837788105011,True,,b5979ef01aa92480
3030,15,16,raw_valid,selection_fixed_V,P,0.032076049271151263,0.06602399211583301,0.9040177474372013,0.9314448758877405,0.21909531950950623,-0.20182166993618011,0.2978837788105011,True,,b5979ef01aa92480
3030,15,16,aligned_valid,selection_fixed_V,P_aligned,0.032076049271151263,0.0680476864234988,0.902058965247858,0.9595476473270017,0.21909531950950623,-0.20182166993618011,0.2978837788105011,True,,b5979ef01aa92480
3030,15,16,aligned_fixed_v64,selection_fixed_V,P_aligned_fixed_donor,0.032076049271151263,0.058737100976275186,0.9110709038975332,0.9609356253804822,0.47141537070274353,-0.2300238162279129,0.5245411402043292,True,,b5979ef01aa92480
3030,15,17,raw_original,original,P,0.01826241766504566,0.044522626157687664,0.9380280469717031,0.9422212669512893,0.2351221740245819,-0.23014643788337708,0.3290134072303772,True,,b5979ef01aa92480
3030,15,17,raw_valid,selection_fixed_V,P,0.016478834490154082,0.04751008354661997,0.936793992766604,0.9431406430119973,0.2351221740245819,-0.23014643788337708,0.3290134072303772,True,,b5979ef01aa92480
3030,15,17,aligned_valid,selection_fixed_V,P_aligned,0.016478834490154082,0.048074634364349236,0.9362387450883615,0.9697525048336104,0.2351221740245819,-0.23014643788337708,0.3290134072303772,True,,b5979ef01aa92480
3030,15,17,aligned_fixed_v64,selection_fixed_V,P_aligned_fixed_donor,0.016478834490154082,0.0429526460315886,0.9412763290231261,0.9716083517112623,0.4946196377277374,-0.2533988058567047,0.5557513300348657,True,,b5979ef01aa92480
3030,15,18,raw_original,original,P,0.07183671893785593,0.10146303054068022,0.8339890217289978,0.9024510353820344,0.19280605018138885,-0.2027972787618637,0.2798230051994324,True,,b5979ef01aa92480
3030,15,18,raw_valid,selection_fixed_V,P,0.059413119000758186,0.09481963775264309,0.8514007736680053,0.908983825552266,0.19280605018138885,-0.2027972787618637,0.2798230051994324,True,,b5979ef01aa92480
3030,15,18,aligned_valid,selection_fixed_V,P_aligned,0.059413119000758186,0.09674629961485773,0.8495885807962846,0.9335050219384383,0.19280605018138885,-0.2027972787618637,0.2798230051994324,True,,b5979ef01aa92480
3030,15,18,aligned_fixed_v64,selection_fixed_V,P_aligned_fixed_donor,0.059413119000758186,0.08385514966136277,0.861713827323536,0.9337885445408953,0.44269731640815735,-0.22291786968708038,0.49565440639704833,True,,b5979ef01aa92480
3030,15,19,raw_original,original,P,0.026743070638082234,0.04961081516957256,0.924972859726838,0.930136748745714,0.23095037043094635,-0.21795754134655,0.31755876541137695,True,,b5979ef01aa92480
3030,15,19,raw_valid,selection_fixed_V,P,0.02061010353981907,0.04598128428673569,0.9343562912034887,0.9347500911810296,0.23095037043094635,-0.21795754134655,0.31755876541137695,True,,b5979ef01aa92480
3030,15,19,aligned_valid,selection_fixed_V,P_aligned,0.02061010353981907,0.04639149508108965,0.9339545348960796,0.9625416421288927,0.23095037043094635,-0.21795754134655,0.31755876541137695,True,,b5979ef01aa92480
3030,15,19,aligned_fixed_v64,selection_fixed_V,P_aligned_fixed_donor,0.02061010353981907,0.03853674696552718,0.941647395839701,0.9622468282154988,0.5083948373794556,-0.24391399323940277,0.5638788405074928,True,,b5979ef01aa92480
4040,20,0,raw_original,original,P,0.03426625860552668,0.041114216179608455,0.9260283555788389,0.9124386413089671,0.21078410744667053,-0.2036253660917282,0.29307547211647034,True,,b5979ef01aa92480
4040,20,0,raw_valid,selection_fixed_V,P,0.029554888140550073,0.03932077245040903,0.9322864604404127,0.908837443982567,0.21078410744667053,-0.2036253660917282,0.29307547211647034,True,,b5979ef01aa92480
4040,20,0,aligned_valid,selection_fixed_V,P_aligned,0.029554888140550073,0.04243028367340424,0.9292688504737849,0.9344843151005635,0.21078410744667053,-0.2036253660917282,0.29307547211647034,True,,b5979ef01aa92480
4040,20,0,aligned_fixed_v64,selection_fixed_V,P_aligned_fixed_donor,0.029554888140550073,0.03823214075912335,0.9333429177438362,0.937233691601252,0.4259839653968811,-0.24677230417728424,0.49229961292308294,True,,b5979ef01aa92480
4040,20,1,raw_original,original,P,0.04408275806113071,0.05382897011919682,0.9044612012861168,0.9120776276541589,0.23035138845443726,-0.19193769991397858,0.2998363673686981,True,,b5979ef01aa92480
4040,20,1,raw_valid,selection_fixed_V,P,0.03963535778392824,0.05932459929066004,0.9033913946436852,0.9052788607070049,0.23035138845443726,-0.19193769991397858,0.2998363673686981,True,,b5979ef01aa92480
4040,20,1,aligned_valid,selection_fixed_V,P_aligned,0.03963535778392824,0.06215836390177151,0.9006699473068105,0.931956412192691,0.23035138845443726,-0.19193769991397858,0.2998363673686981,True,,b5979ef01aa92480
4040,20,1,aligned_fixed_v64,selection_fixed_V,P_aligned_fixed_donor,0.03963535778392824,0.05636485039135847,0.9062338328364123,0.9348056105165302,0.4320302903652191,-0.22259701788425446,0.4860037079735284,True,,b5979ef01aa92480
4040,20,2,raw_original,original,P,0.03733962468844143,0.08232377171818894,0.8834105423322637,0.9522530657170323,0.2193140983581543,-0.1796153336763382,0.2834790050983429,True,,b5979ef01aa92480
4040,20,2,raw_valid,selection_fixed_V,P,0.03403481370848693,0.08147509584012595,0.887263080160187,0.952537538314393,0.2193140983581543,-0.1796153336763382,0.2834790050983429,True,,b5979ef01aa92480
4040,20,2,aligned_valid,selection_fixed_V,P_aligned,0.03403481370848693,0.0800556961895916,0.8886341708080374,0.9633054050584469,0.2193140983581543,-0.1796153336763382,0.2834790050983429,True,,b5979ef01aa92480
4040,20,2,aligned_fixed_v64,selection_fixed_V,P_aligned_fixed_donor,0.03403481370848693,0.06809568556983123,0.9001871246944028,0.9557868752408609,0.3913658559322357,-0.20791958272457123,0.44316789828453423,True,,b5979ef01aa92480
4040,20,3,raw_original,original,P,0.04372297429587202,0.05829093329816731,0.9005347453842387,0.9229813835206058,0.20826277136802673,-0.16769292950630188,0.2673841714859009,True,,b5979ef01aa92480
4040,20,3,raw_valid,selection_fixed_V,P,0.03420166345605857,0.06339577808216497,0.9045707995282776,0.9205202796363867,0.20826277136802673,-0.16769292950630188,0.2673841714859009,True,,b5979ef01aa92480
4040,20,3,aligned_valid,selection_fixed_V,P_aligned,0.03420166345605857,0.0649625576509098,0.9030576064270528,0.9411959845356643,0.20826277136802673,-0.16769292950630188,0.2673841714859009,True,,b5979ef01aa92480
4040,20,3,aligned_fixed_v64,selection_fixed_V,P_aligned_fixed_donor,0.03420166345605857,0.05824740651180353,0.9095430882268428,0.9426371867691776,0.3741772472858429,-0.20211131870746613,0.4252735561213297,True,,b5979ef01aa92480
4040,20,4,raw_original,original,P,0.029134866857699282,0.049042126834965914,0.92325184214309,0.937426423506112,0.22320818901062012,-0.1680477410554886,0.2793956696987152,True,,b5979ef01aa92480
4040,20,4,raw_valid,selection_fixed_V,P,0.02601949996346753,0.050880619115383274,0.9244237691883632,0.9330800371536985,0.22320818901062012,-0.1680477410554886,0.2793956696987152,True,,b5979ef01aa92480
4040,20,4,aligned_valid,selection_fixed_V,P_aligned,0.02601949996346753,0.04979199011575665,0.9254840726057737,0.9515972715274732,0.22320818901062012,-0.1680477410554886,0.2793956696987152,True,,b5979ef01aa92480
4040,20,4,aligned_fixed_v64,selection_fixed_V,P_aligned_fixed_donor,0.02601949996346753,0.04271193117291287,0.9323799119552129,0.9516160946960088,0.3974161148071289,-0.21114897727966309,0.4500260647058576,True,,b5979ef01aa92480
4040,20,5,raw_original,original,P,0.03386755223736393,0.04774810449450541,0.9200014546913334,0.9310151508619415,0.2057170867919922,-0.17289499938488007,0.2687232792377472,True,,b5979ef01aa92480
4040,20,5,raw_valid,selection_fixed_V,P,0.02915923589763103,0.04628117932415532,0.9259091086037473,0.9278695171351957,0.2057170867919922,-0.17289499938488007,0.2687232792377472,True,,b5979ef01aa92480
4040,20,5,aligned_valid,selection_fixed_V,P_aligned,0.02915923589763103,0.0472980085010443,0.9249219293886948,0.9490420159894966,0.2057170867919922,-0.17289499938488007,0.2687232792377472,True,,b5979ef01aa92480
4040,20,5,aligned_fixed_v64,selection_fixed_V,P_aligned_fixed_donor,0.02915923589763103,0.043203513533076665,0.9288970320120098,0.9508722325039811,0.3786911070346832,-0.20337136089801788,0.42984516396100786,True,,b5979ef01aa92480
4040,20,6,raw_original,original,P,0.024731671383494858,0.028375975144874346,0.9475941387641,0.9414110625734822,0.21832454204559326,-0.17106206715106964,0.27735868096351624,True,,b5979ef01aa92480
4040,20,6,raw_valid,selection_fixed_V,P,0.017517686389759812,0.028237500889229182,0.9547394684060191,0.9424770638659744,0.21832454204559326,-0.17106206715106964,0.27735868096351624,True,,b5979ef01aa92480
4040,20,6,aligned_valid,selection_fixed_V,P_aligned,0.017517686389759812,0.02828778901645928,0.954690061210431,0.964627106193518,0.21832454204559326,-0.17106206715106964,0.27735868096351624,True,,b5979ef01aa92480
4040,20,6,aligned_fixed_v64,selection_fixed_V,P_aligned_fixed_donor,0.017517686389759812,0.0262139914577671,0.9567275306338541,0.9668133190454962,0.4006921350955963,-0.21203596889972687,0.45333590110944616,True,,b5979ef01aa92480
4040,20,7,raw_original,original,P,0.031632877828261075,0.0320312112682989,0.9373491502961814,0.9363194356404019,0.18684473633766174,-0.16683253645896912,0.25048762559890747,True,,b5979ef01aa92480
4040,20,7,raw_valid,selection_fixed_V,P,0.02085020905797741,0.034071285350665205,0.9457888990137928,0.9367259836921427,0.18684473633766174,-0.16683253645896912,0.25048762559890747,True,,b5979ef01aa92480
4040,20,7,aligned_valid,selection_fixed_V,P_aligned,0.02085020905797741,0.033752000928852166,0.9461015262886621,0.9553869472540483,0.18684473633766174,-0.16683253645896912,0.25048762559890747,True,,b5979ef01aa92480
4040,20,7,aligned_fixed_v64,selection_fixed_V,P_aligned_fixed_donor,0.02085020905797741,0.030451256948040593,0.9493334490674268,0.9575105054780672,0.3565046191215515,-0.21047496795654297,0.4139991009547126,True,,b5979ef01aa92480
4040,20,8,raw_original,original,P,0.022786907816989443,0.031780536448091874,0.9461567358893358,0.9427266250432421,0.19336071610450745,-0.17498411238193512,0.2607830762863159,True,,b5979ef01aa92480
4040,20,8,raw_valid,selection_fixed_V,P,0.02070191609908889,0.03417859674904119,0.9458270495941531,0.9425248894517292,0.19336071610450745,-0.17498411238193512,0.2607830762863159,True,,b5979ef01aa92480
4040,20,8,aligned_valid,selection_fixed_V,P_aligned,0.02070191609908889,0.03414624476125624,0.9458587318338013,0.9631496461894379,0.19336071610450745,-0.17498411238193512,0.2607830762863159,True,,b5979ef01aa92480
4040,20,8,aligned_fixed_v64,selection_fixed_V,P_aligned_fixed_donor,0.02070191609908889,0.031774611000551366,0.9481812682313744,0.9655617021304148,0.36027321219444275,-0.21743404865264893,0.4208020353306106,True,,b5979ef01aa92480
4040,20,9,raw_original,original,P,0.02802280530061907,0.0321138143127319,0.940763299552595,0.9398942616604973,0.16111861169338226,-0.16736412048339844,0.2323143482208252,True,,b5979ef01aa92480
4040,20,9,raw_valid,selection_fixed_V,P,0.01947924762356179,0.03168092459286751,0.9494569483586586,0.9487172358622804,0.16111861169338226,-0.16736412048339844,0.2323143482208252,True,,b5979ef01aa92480
4040,20,9,aligned_valid,selection_fixed_V,P_aligned,0.01947924762356179,0.03143994521930323,0.949693233635333,0.9651415093689333,0.16111861169338226,-0.16736412048339844,0.2323143482208252,True,,b5979ef01aa92480
4040,20,9,aligned_fixed_v64,selection_fixed_V,P_aligned_fixed_donor,0.01947924762356179,0.029095773866164548,0.9519917422942118,0.966602225778877,0.31680306792259216,-0.2113734781742096,0.3808450224443397,True,,b5979ef01aa92480
4040,20,10,raw_original,original,P,0.02370423910851971,0.026997381003160334,0.9499383322629227,0.9471328943834898,0.1650107502937317,-0.1686660498380661,0.23595929145812988,True,,b5979ef01aa92480
4040,20,10,raw_valid,selection_fixed_V,P,0.0193577150270402,0.028817485881569092,0.9523826397708819,0.9449659069438094,0.1650107502937317,-0.1686660498380661,0.23595929145812988,True,,b5979ef01aa92480
4040,20,10,aligned_valid,selection_fixed_V,P_aligned,0.0193577150270402,0.028651561599360102,0.9525453521381197,0.9629811192385949,0.1650107502937317,-0.1686660498380661,0.23595929145812988,True,,b5979ef01aa92480
4040,20,10,aligned_fixed_v64,selection_fixed_V,P_aligned_fixed_donor,0.0193577150270402,0.026537705268111646,0.9546182890408998,0.9653641271702611,0.3245793879032135,-0.21706365048885345,0.3904720315402524,True,,b5979ef01aa92480
4040,20,11,raw_original,original,P,0.028534591401783604,0.03358820853161282,0.9388356258729711,0.934012405028882,0.16299693286418915,-0.16459082067012787,0.23164226114749908,True,,b5979ef01aa92480
4040,20,11,raw_valid,selection_fixed_V,P,0.021395935231430685,0.03251453610911571,0.9467852075681242,0.9339483234297825,0.16299693286418915,-0.16459082067012787,0.23164226114749908,True,,b5979ef01aa92480
4040,20,11,aligned_valid,selection_fixed_V,P_aligned,0.021395935231430685,0.03422823325747437,0.9451081765729582,0.9533642389865857,0.16299693286418915,-0.16459082067012787,0.23164226114749908,True,,b5979ef01aa92480
4040,20,11,aligned_fixed_v64,selection_fixed_V,P_aligned_fixed_donor,0.021395935231430685,0.031263604841785975,0.9480093739910792,0.9568907930347568,0.33040526509284973,-0.23023051023483276,0.4027079922773668,True,,b5979ef01aa92480
4040,20,12,raw_original,original,P,0.025445957062712354,0.03250065608017173,0.942880397156242,0.9410151348059581,0.19625744223594666,-0.1763165444135666,0.2638266682624817,True,,b5979ef01aa92480
4040,20,12,raw_valid,selection_fixed_V,P,0.020666763865888393,0.031888689625886986,0.9481035825267154,0.9412265769376122,0.19625744223594666,-0.1763165444135666,0.2638266682624817,True,,b5979ef01aa92480
4040,20,12,aligned_valid,selection_fixed_V,P_aligned,0.020666763865888393,0.03289099259661023,0.9471219939148102,0.9615126017807332,0.19625744223594666,-0.1763165444135666,0.2638266682624817,True,,b5979ef01aa92480
4040,20,12,aligned_fixed_v64,selection_fixed_V,P_aligned_fixed_donor,0.020666763865888393,0.03015215672300426,0.9498042269141489,0.9631521625760407,0.38995134830474854,-0.23910479247570038,0.45742010868515504,True,,b5979ef01aa92480
4040,20,13,raw_original,original,P,0.018805562752395644,0.03193540006787397,0.9498596003497296,0.9364909606153966,0.18996675312519073,-0.1874822974205017,0.2669025659561157,True,,b5979ef01aa92480
4040,20,13,raw_valid,selection_fixed_V,P,0.016823934178644806,0.03521502685154781,0.9485534942636571,0.9461688611302437,0.18996675312519073,-0.1874822974205017,0.2669025659561157,True,,b5979ef01aa92480
4040,20,13,aligned_valid,selection_fixed_V,P_aligned,0.016823934178644806,0.034802692738573594,0.9489588912946549,0.9665401102511568,0.18996675312519073,-0.1874822974205017,0.2669025659561157,True,,b5979ef01aa92480
4040,20,13,aligned_fixed_v64,selection_fixed_V,P_aligned_fixed_donor,0.016823934178644806,0.03217691827051448,0.9515404899058955,0.9694654585115402,0.37746891379356384,-0.24426622688770294,0.44960957560804654,True,,b5979ef01aa92480
4040,20,14,raw_original,original,P,0.02669049899772702,0.042774709380010024,0.9316764699600981,0.9402000615702493,0.22063994407653809,-0.20853209495544434,0.30359119176864624,True,,b5979ef01aa92480
4040,20,14,raw_valid,selection_fixed_V,P,0.019745802950403846,0.04376861767577391,0.9373498258738596,0.9438097105310518,0.22063994407653809,-0.20853209495544434,0.30359119176864624,True,,b5979ef01aa92480
4040,20,14,aligned_valid,selection_fixed_V,P_aligned,0.019745802950403846,0.04455630447932786,0.9365776925787153,0.9701140807553974,0.22063994407653809,-0.20853209495544434,0.30359119176864624,True,,b5979ef01aa92480
4040,20,14,aligned_fixed_v64,selection_fixed_V,P_aligned_fixed_donor,0.019745802950403846,0.040673241689609424,0.9403840811757439,0.9722163477556467,0.44361886382102966,-0.25299933552742004,0.5106920403875288,True,,b5979ef01aa92480
4040,20,15,raw_original,original,P,0.01952643793883535,0.03652471232206684,0.9446620472674884,0.9457527796377192,0.23056265711784363,-0.21254931390285492,0.3135862648487091,True,,b5979ef01aa92480
4040,20,15,raw_valid,selection_fixed_V,P,0.015821630658353514,0.036192349669068105,0.9485586416617003,0.9454628668715864,0.23056265711784363,-0.21254931390285492,0.3135862648487091,True,,b5979ef01aa92480
4040,20,15,aligned_valid,selection_fixed_V,P_aligned,0.015821630658353514,0.036428381376482126,0.9483263443607848,0.9715657253856936,0.23056265711784363,-0.21254931390285492,0.3135862648487091,True,,b5979ef01aa92480
4040,20,15,aligned_fixed_v64,selection_fixed_V,P_aligned_fixed_donor,0.015821630658353514,0.033493336859413934,0.951214951687538,0.9750844251930402,0.44401296973228455,-0.25224682688713074,0.5106622944423337,True,,b5979ef01aa92480
4040,20,16,raw_original,original,P,0.03757280182585121,0.056938236695661414,0.9076282905621669,0.9201424264013058,0.24928516149520874,-0.19466976821422577,0.31629008054733276,True,,b5979ef01aa92480
4040,20,16,raw_valid,selection_fixed_V,P,0.03105833037612049,0.058660049230287545,0.9121035035824657,0.9219657189628174,0.24928516149520874,-0.19466976821422577,0.31629008054733276,True,,b5979ef01aa92480
4040,20,16,aligned_valid,selection_fixed_V,P_aligned,0.03105833037612049,0.06317513001164957,0.9077286536716861,0.9555779711556345,0.24928516149520874,-0.19466976821422577,0.31629008054733276,True,,b5979ef01aa92480
4040,20,16,aligned_fixed_v64,selection_fixed_V,P_aligned_fixed_donor,0.03105833037612049,0.057294643341827683,0.9134265022437443,0.9604490347146245,0.47141537070274353,-0.2300238162279129,0.5245411402043292,True,,b5979ef01aa92480
4040,20,17,raw_original,original,P,0.01845260600068077,0.03943213351854127,0.9428428861043618,0.9367857505216293,0.26711505651474,-0.2204855978488922,0.3463587164878845,True,,b5979ef01aa92480
4040,20,17,raw_valid,selection_fixed_V,P,0.016689475235701412,0.04247943885078395,0.9415400454562413,0.9375398136353121,0.26711505651474,-0.2204855978488922,0.3463587164878845,True,,b5979ef01aa92480
4040,20,17,aligned_valid,selection_fixed_V,P_aligned,0.016689475235701412,0.04338509959222431,0.9406494997173172,0.9678773135915335,0.26711505651474,-0.2204855978488922,0.3463587164878845,True,,b5979ef01aa92480
4040,20,17,aligned_fixed_v64,selection_fixed_V,P_aligned_fixed_donor,0.016689475235701412,0.03982985025810491,0.944145413805718,0.9717289695543357,0.4946196377277374,-0.2533988058567047,0.5557513300348657,True,,b5979ef01aa92480
4040,20,18,raw_original,original,P,0.0700094104615745,0.09744819231574142,0.8393646877172553,0.8966561895161431,0.22338441014289856,-0.19585220515727997,0.29708361625671387,True,,b5979ef01aa92480
4040,20,18,raw_valid,selection_fixed_V,P,0.057736994678075804,0.09041375397985373,0.8570694697744301,0.9020596199690745,0.22338441014289856,-0.19585220515727997,0.29708361625671387,True,,b5979ef01aa92480
4040,20,18,aligned_valid,selection_fixed_V,P_aligned,0.057736994678075804,0.09617237145650061,0.8516433375643855,0.9322908429589233,0.22338441014289856,-0.19585220515727997,0.29708361625671387,True,,b5979ef01aa92480
4040,20,18,aligned_fixed_v64,selection_fixed_V,P_aligned_fixed_donor,0.057736994678075804,0.08828098090880981,0.8590791029380216,0.9362807841402387,0.44269731640815735,-0.22291786968708038,0.49565440639704833,True,,b5979ef01aa92480
4040,20,19,raw_original,original,P,0.026012687269605705,0.04353500372183002,0.9315847714456613,0.9206496235216736,0.2656058669090271,-0.2105211466550827,0.3389183282852173,True,,b5979ef01aa92480
4040,20,19,raw_valid,selection_fixed_V,P,0.019868379561580607,0.03975687578342771,0.9411646493532395,0.9252618330222551,0.2656058669090271,-0.2105211466550827,0.3389183282852173,True,,b5979ef01aa92480
4040,20,19,aligned_valid,selection_fixed_V,P_aligned,0.019868379561580607,0.04231326217798751,0.9386590542138729,0.9593385907423531,0.2656058669090271,-0.2105211466550827,0.3389183282852173,True,,b5979ef01aa92480
4040,20,19,aligned_fixed_v64,selection_fixed_V,P_aligned_fixed_donor,0.019868379561580607,0.03715414052141649,0.9437156724831667,0.9629638043770008,0.5083948373794556,-0.24391399323940277,0.5638788405074928,True,,b5979ef01aa92480
5050,25,0,raw_original,original,P,0.03566657173303589,0.03349301647009297,0.9320349928713575,0.9056544934336049,0.24784815311431885,-0.20895135402679443,0.3241749107837677,True,,b5979ef01aa92480
5050,25,0,raw_valid,selection_fixed_V,P,0.03071131991924425,0.030912347075360766,0.9393256919858811,0.9015921846451401,0.24784815311431885,-0.20895135402679443,0.3241749107837677,True,,b5979ef01aa92480
5050,25,0,aligned_valid,selection_fixed_V,P_aligned,0.03071131991924425,0.03317442019368229,0.937133090118777,0.9274613573770234,0.24784815311431885,-0.20895135402679443,0.3241749107837677,True,,b5979ef01aa92480
5050,25,0,aligned_fixed_v64,selection_fixed_V,P_aligned_fixed_donor,0.03071131991924425,0.02930066599413686,0.9408878762138118,0.9288093741386614,0.4259839653968811,-0.24677230417728424,0.49229961292308294,True,,b5979ef01aa92480
5050,25,1,raw_original,original,P,0.04477224977124994,0.04377228927624356,0.9134152448210419,0.9061109843140491,0.2643110156059265,-0.1927557736635208,0.32713162899017334,True,,b5979ef01aa92480
5050,25,1,raw_valid,selection_fixed_V,P,0.040745846692308296,0.04813083966664187,0.9130844454552789,0.8995777993087679,0.2643110156059265,-0.1927557736635208,0.32713162899017334,True,,b5979ef01aa92480
5050,25,1,aligned_valid,selection_fixed_V,P_aligned,0.040745846692308296,0.049518354420849724,0.9117534661645293,0.9247237456908163,0.2643110156059265,-0.1927557736635208,0.32713162899017334,True,,b5979ef01aa92480
5050,25,1,aligned_fixed_v64,selection_fixed_V,P_aligned_fixed_donor,0.040745846692308296,0.04420587845657825,0.9168494807976041,0.9256491960801746,0.4320302903652191,-0.22259701788425446,0.4860037079735284,True,,b5979ef01aa92480
5050,25,2,raw_original,original,P,0.04133719188269569,0.0659637456243736,0.8954258185031068,0.9401292325439199,0.2437576949596405,-0.17965403199195862,0.3028091490268707,True,,b5979ef01aa92480
5050,25,2,raw_valid,selection_fixed_V,P,0.03771397521207076,0.06596146202284964,0.8988122317087612,0.9404598608889039,0.2437576949596405,-0.17965403199195862,0.3028091490268707,True,,b5979ef01aa92480
5050,25,2,aligned_valid,selection_fixed_V,P_aligned,0.03771397521207076,0.06273770539200746,0.9019144076619381,0.9495818468950281,0.2437576949596405,-0.17965403199195862,0.3028091490268707,True,,b5979ef01aa92480
5050,25,2,aligned_fixed_v64,selection_fixed_V,P_aligned_fixed_donor,0.03771397521207076,0.05291177384155377,0.9113697642734625,0.9415055700751819,0.3913658559322357,-0.20791958272457123,0.44316789828453423,True,,b5979ef01aa92480
5050,25,3,raw_original,original,P,0.044299840971779636,0.045930052231976194,0.9118048008059463,0.9156589978410008,0.23369845747947693,-0.16994041204452515,0.2889545261859894,True,,b5979ef01aa92480
5050,25,3,raw_valid,selection_fixed_V,P,0.034456332279452995,0.049697345352077676,0.9175587106133272,0.9139197103715454,0.23369845747947693,-0.16994041204452515,0.2889545261859894,True,,b5979ef01aa92480
5050,25,3,aligned_valid,selection_fixed_V,P_aligned,0.034456332279452995,0.05009928514753411,0.9171706201890194,0.9330740291615865,0.23369845747947693,-0.16994041204452515,0.2889545261859894,True,,b5979ef01aa92480
5050,25,3,aligned_fixed_v64,selection_fixed_V,P_aligned_fixed_donor,0.034456332279452995,0.043585125023384984,0.9234603262474093,0.9327148509784484,0.3741772472858429,-0.20211131870746613,0.4252735561213297,True,,b5979ef01aa92480
5050,25,4,raw_original,original,P,0.030621567695839902,0.04060092510159306,0.9300207711790792,0.9319406438467734,0.25159576535224915,-0.17129825055599213,0.30437397956848145,True,,b5979ef01aa92480
5050,25,4,raw_valid,selection_fixed_V,P,0.026961342040374148,0.041884352919656184,0.9322835634051763,0.9260205355615678,0.25159576535224915,-0.17129825055599213,0.30437397956848145,True,,b5979ef01aa92480
5050,25,4,aligned_valid,selection_fixed_V,P_aligned,0.026961342040374148,0.04111467549760675,0.9330324892909891,0.9441612524011482,0.25159576535224915,-0.17129825055599213,0.30437397956848145,True,,b5979ef01aa92480
5050,25,4,aligned_fixed_v64,selection_fixed_V,P_aligned_fixed_donor,0.026961342040374148,0.037932657748454064,0.9361287155712282,0.9432319268296472,0.3974161148071289,-0.21114897727966309,0.4500260647058576,True,,b5979ef01aa92480
5050,25,5,raw_original,original,P,0.035601031679409534,0.040841148688758294,0.9250118066601241,0.9267816883006368,0.23748034238815308,-0.1761367917060852,0.2956705689430237,True,,b5979ef01aa92480
5050,25,5,raw_valid,selection_fixed_V,P,0.030840051398626667,0.04026974168647801,0.9301321278183157,0.9248604336411418,0.23748034238815308,-0.1761367917060852,0.2956705689430237,True,,b5979ef01aa92480
5050,25,5,aligned_valid,selection_fixed_V,P_aligned,0.030840051398626667,0.039947188543571883,0.9304447334057158,0.9449107174136848,0.23748034238815308,-0.1761367917060852,0.2956705689430237,True,,b5979ef01aa92480
5050,25,5,aligned_fixed_v64,selection_fixed_V,P_aligned_fixed_donor,0.030840051398626667,0.03607341561460073,0.9341990389784509,0.9452437776324704,0.3786911070346832,-0.20337136089801788,0.42984516396100786,True,,b5979ef01aa92480
5050,25,6,raw_original,original,P,0.02679003337311825,0.02465739472861765,0.949213144325938,0.9369025132764778,0.25543731451034546,-0.17498883605003357,0.3096277117729187,True,,b5979ef01aa92480
5050,25,6,raw_valid,selection_fixed_V,P,0.01937653954011942,0.02417640699046949,0.9569155085753999,0.9375304126623196,0.25543731451034546,-0.17498883605003357,0.3096277117729187,True,,b5979ef01aa92480
5050,25,6,aligned_valid,selection_fixed_V,P_aligned,0.01937653954011942,0.023712894943556523,0.9573700393628085,0.9598256344914909,0.25543731451034546,-0.17498883605003357,0.3096277117729187,True,,b5979ef01aa92480
5050,25,6,aligned_fixed_v64,selection_fixed_V,P_aligned_fixed_donor,0.01937653954011942,0.02199274012531892,0.9590568635331954,0.9608883848415488,0.4006921350955963,-0.21203596889972687,0.45333590110944616,True,,b5979ef01aa92480
5050,25,7,raw_original,original,P,0.032864871480265845,0.025118727214189923,0.9428419250471864,0.930531642171031,0.2191750854253769,-0.1728401780128479,0.27912622690200806,True,,b5979ef01aa92480
5050,25,7,raw_valid,selection_fixed_V,P,0.022359815838840835,0.02741313137417197,0.9508400053560796,0.931062367463106,0.2191750854253769,-0.1728401780128479,0.27912622690200806,True,,b5979ef01aa92480
5050,25,7,aligned_valid,selection_fixed_V,P_aligned,0.022359815838840835,0.026431820209211844,0.9517993745841107,0.9499475280095175,0.2191750854253769,-0.1728401780128479,0.27912622690200806,True,,b5979ef01aa92480
5050,25,7,aligned_fixed_v64,selection_fixed_V,P_aligned_fixed_donor,0.022359815838840835,0.023518268900434777,0.9546477794221865,0.9508525788966817,0.3565046191215515,-0.21047496795654297,0.4139991009547126,True,,b5979ef01aa92480
5050,25,8,raw_original,original,P,0.02463666813536891,0.02771709374403729,0.9483290949608425,0.9381725536845,0.2264828383922577,-0.17968714237213135,0.2891054153442383,True,,b5979ef01aa92480
5050,25,8,raw_valid,selection_fixed_V,P,0.02245853848293089,0.030058771173127323,0.9481577664130831,0.9379891583617781,0.2264828383922577,-0.17968714237213135,0.2891054153442383,True,,b5979ef01aa92480
5050,25,8,aligned_valid,selection_fixed_V,P_aligned,0.02245853848293089,0.02952333894865096,0.9486811736123409,0.958672817451901,0.2264828383922577,-0.17968714237213135,0.2891054153442383,True,,b5979ef01aa92480
5050,25,8,aligned_fixed_v64,selection_fixed_V,P_aligned_fixed_donor,0.02245853848293089,0.027511122640630582,0.9506481984829718,0.9597788246778116,0.36027321219444275,-0.21743404865264893,0.4208020353306106,True,,b5979ef01aa92480
5050,25,9,raw_original,original,P,0.029564535343643117,0.027230390976534707,0.9440101275362692,0.9359551600178131,0.19204583764076233,-0.17343807220458984,0.2587708830833435,True,,b5979ef01aa92480
5050,25,9,raw_valid,selection_fixed_V,P,0.021430214029664052,0.02757143204055168,0.9515892156195176,0.9439374557519677,0.19204583764076233,-0.17343807220458984,0.2587708830833435,True,,b5979ef01aa92480
5050,25,9,aligned_valid,selection_fixed_V,P_aligned,0.021430214029664052,0.026783481979943263,0.9523602797416825,0.9605135826103433,0.19204583764076233,-0.17343807220458984,0.2587708830833435,True,,b5979ef01aa92480
5050,25,9,aligned_fixed_v64,selection_fixed_V,P_aligned_fixed_donor,0.021430214029664052,0.025099657696718597,0.9540080193101294,0.9609906786569302,0.31680306792259216,-0.2113734781742096,0.3808450224443397,True,,b5979ef01aa92480
5050,25,10,raw_original,original,P,0.02516844295551346,0.021973191185033165,0.9534113968683445,0.9402371787830961,0.1974407583475113,-0.17495180666446686,0.26380103826522827,True,,b5979ef01aa92480
5050,25,10,raw_valid,selection_fixed_V,P,0.020606407608343758,0.023650666384621752,0.956230281278765,0.9377498680376324,0.1974407583475113,-0.17495180666446686,0.26380103826522827,True,,b5979ef01aa92480
5050,25,10,aligned_valid,selection_fixed_V,P_aligned,0.020606407608343758,0.023204245442544943,0.9566675030889444,0.9564857031199411,0.1974407583475113,-0.17495180666446686,0.26380103826522827,True,,b5979ef01aa92480
5050,25,10,aligned_fixed_v64,selection_fixed_V,P_aligned_fixed_donor,0.020606407608343758,0.022059387538718778,0.9577887695841508,0.9578430722992146,0.3245793879032135,-0.21706365048885345,0.3904720315402524,True,,b5979ef01aa92480
5050,25,11,raw_original,original,P,0.02935902270891222,0.02715560100504226,0.9442826381926268,0.9270671743588146,0.19650517404079437,-0.1742611676454544,0.2626428008079529,True,,b5979ef01aa92480
5050,25,11,raw_valid,selection_fixed_V,P,0.022087415161094137,0.02645114480220083,0.9520456774534375,0.9270525763688098,0.19650517404079437,-0.1742611676454544,0.2626428008079529,True,,b5979ef01aa92480
5050,25,11,aligned_valid,selection_fixed_V,P_aligned,0.022087415161094137,0.026943324755486393,0.951564368483114,0.9472833424257862,0.19650517404079437,-0.1742611676454544,0.2626428008079529,True,,b5979ef01aa92480
5050,25,11,aligned_fixed_v64,selection_fixed_V,P_aligned_fixed_donor,0.022087415161094137,0.025785809664322083,0.9526963170579046,0.9493690406255382,0.33040526509284973,-0.23023051023483276,0.4027079922773668,True,,b5979ef01aa92480
5050,25,12,raw_original,original,P,0.025087317698804457,0.028416717269976258,0.9472088642453282,0.9349566991819463,0.2326362282037735,-0.18280074000358582,0.29586437344551086,True,,b5979ef01aa92480
5050,25,12,raw_valid,selection_fixed_V,P,0.02035028590587329,0.028070442448039405,0.9521505131754093,0.9357405591659209,0.2326362282037735,-0.18280074000358582,0.29586437344551086,True,,b5979ef01aa92480
5050,25,12,aligned_valid,selection_fixed_V,P_aligned,0.02035028590587329,0.02860331714247863,0.9516284826333539,0.9563925623052097,0.2326362282037735,-0.18280074000358582,0.29586437344551086,True,,b5979ef01aa92480
5050,25,12,aligned_fixed_v64,selection_fixed_V,P_aligned_fixed_donor,0.02035028590587329,0.0271466289726914,0.9530555267824102,0.9569054999037145,0.38995134830474854,-0.23910479247570038,0.45742010868515504,True,,b5979ef01aa92480
5050,25,13,raw_original,original,P,0.018559353601307782,0.028170396918186985,0.953793073837999,0.9272015914441815,0.22767803072929382,-0.19422681629657745,0.2992680072784424,True,,b5979ef01aa92480
5050,25,13,raw_valid,selection_fixed_V,P,0.01616713372047307,0.03140879449788386,0.9529318619622893,0.9381902003078173,0.22767803072929382,-0.19422681629657745,0.2992680072784424,True,,b5979ef01aa92480
5050,25,13,aligned_valid,selection_fixed_V,P_aligned,0.01616713372047307,0.031036434003405312,0.9532982024548613,0.9598166957095922,0.22767803072929382,-0.19422681629657745,0.2992680072784424,True,,b5979ef01aa92480
5050,25,13,aligned_fixed_v64,selection_fixed_V,P_aligned_fixed_donor,0.01616713372047307,0.0296807972203193,0.9546319224767988,0.9616427725170684,0.37746891379356384,-0.24426622688770294,0.44960957560804654,True,,b5979ef01aa92480
5050,25,14,raw_original,original,P,0.026651858230509085,0.037942473488680475,0.9364169057051456,0.9332847666913784,0.26429933309555054,-0.21150904893875122,0.33851176500320435,True,,b5979ef01aa92480
5050,25,14,raw_valid,selection_fixed_V,P,0.020120035166540817,0.038883876531766434,0.9417784332649234,0.9364400230520911,0.26429933309555054,-0.21150904893875122,0.33851176500320435,True,,b5979ef01aa92480
5050,25,14,aligned_valid,selection_fixed_V,P_aligned,0.020120035166540817,0.03909240422762584,0.9415741011536378,0.9638138677427275,0.26429933309555054,-0.21150904893875122,0.33851176500320435,True,,b5979ef01aa92480
5050,25,14,aligned_fixed_v64,selection_fixed_V,P_aligned_fixed_donor,0.020120035166540817,0.03631609822323371,0.9442945477835886,0.9649494440228917,0.44361886382102966,-0.25299933552742004,0.5106920403875288,True,,b5979ef01aa92480
5050,25,15,raw_original,original,P,0.01961177985522311,0.03171422076442784,0.9492959716962609,0.9389275063311845,0.27302372455596924,-0.21485626697540283,0.34742650389671326,True,,b5979ef01aa92480
5050,25,15,raw_valid,selection_fixed_V,P,0.01587964331194669,0.03136017673438403,0.9532581683744109,0.9384071199221302,0.27302372455596924,-0.21485626697540283,0.34742650389671326,True,,b5979ef01aa92480
5050,25,15,aligned_valid,selection_fixed_V,P_aligned,0.01587964331194669,0.03121018206263427,0.9534057811842745,0.9654582399365623,0.27302372455596924,-0.21485626697540283,0.34742650389671326,True,,b5979ef01aa92480
5050,25,15,aligned_fixed_v64,selection_fixed_V,P_aligned_fixed_donor,0.01587964331194669,0.029546911499992445,0.9550426396036504,0.9676207389990749,0.44401296973228455,-0.25224682688713074,0.5106622944423337,True,,b5979ef01aa92480
5050,25,16,raw_original,original,P,0.037722764236282846,0.04957959686059381,0.9145679183464255,0.917034942498042,0.2890687584877014,-0.19519373774528503,0.34879985451698303,True,,b5979ef01aa92480
5050,25,16,raw_valid,selection_fixed_V,P,0.0314935009699,0.05168977592131382,0.918444615116898,0.9192447638804462,0.2890687584877014,-0.19519373774528503,0.34879985451698303,True,,b5979ef01aa92480
5050,25,16,aligned_valid,selection_fixed_V,P_aligned,0.0314935009699,0.05446126396285438,0.9157604109366818,0.9520807432514485,0.2890687584877014,-0.19519373774528503,0.34879985451698303,True,,b5979ef01aa92480
5050,25,16,aligned_fixed_v64,selection_fixed_V,P_aligned_fixed_donor,0.0314935009699,0.04924417314718127,0.9208131972976914,0.9545384336893568,0.47141537070274353,-0.2300238162279129,0.5245411402043292,True,,b5979ef01aa92480
5050,25,17,raw_original,original,P,0.019086396820124918,0.03424132298538668,0.9473258236726336,0.9302135110768132,0.31090879440307617,-0.22060835361480713,0.38122478127479553,True,,b5979ef01aa92480
5050,25,17,raw_valid,selection_fixed_V,P,0.017453281539334786,0.03712904693089477,0.9460656952391425,0.9310638589219751,0.31090879440307617,-0.22060835361480713,0.38122478127479553,True,,b5979ef01aa92480
5050,25,17,aligned_valid,selection_fixed_V,P_aligned,0.017453281539334786,0.03741964960774239,0.94578016453263,0.9618575106788418,0.31090879440307617,-0.22060835361480713,0.38122478127479553,True,,b5979ef01aa92480
5050,25,17,aligned_fixed_v64,selection_fixed_V,P_aligned_fixed_donor,0.017453281539334786,0.03464354382821602,0.9485078181564034,0.9642741484176718,0.4946196377277374,-0.2533988058567047,0.5557513300348657,True,,b5979ef01aa92480
5050,25,18,raw_original,original,P,0.07266667113257985,0.08799061959114952,0.8457366946928526,0.8956138651112712,0.25903698801994324,-0.19498200714588165,0.324219286441803,True,,b5979ef01aa92480
5050,25,18,raw_valid,selection_fixed_V,P,0.06140529940832373,0.08016116783903858,0.8633558532647148,0.9002013509748747,0.25903698801994324,-0.19498200714588165,0.324219286441803,True,,b5979ef01aa92480
5050,25,18,aligned_valid,selection_fixed_V,P_aligned,0.06140529940832373,0.08275115022387868,0.8609249095236781,0.9288048305147458,0.25903698801994324,-0.19498200714588165,0.324219286441803,True,,b5979ef01aa92480
5050,25,18,aligned_fixed_v64,selection_fixed_V,P_aligned_fixed_donor,0.06140529940832373,0.07519417417330994,0.8680178471972401,0.9303866445344791,0.44269731640815735,-0.22291786968708038,0.49565440639704833,True,,b5979ef01aa92480
5050,25,19,raw_original,original,P,0.026826697126108412,0.03650419576856567,0.9376483941090414,0.9151938201406413,0.313310444355011,-0.2121129333972931,0.37835872173309326,True,,b5979ef01aa92480
5050,25,19,raw_valid,selection_fixed_V,P,0.020839286691377468,0.03281613286416796,0.9470284452453133,0.9196722236906307,0.313310444355011,-0.2121129333972931,0.37835872173309326,True,,b5979ef01aa92480
5050,25,19,aligned_valid,selection_fixed_V,P_aligned,0.020839286691377468,0.03433216219781265,0.945544008881585,0.9541830390030694,0.313310444355011,-0.2121129333972931,0.37835872173309326,True,,b5979ef01aa92480
5050,25,19,aligned_fixed_v64,selection_fixed_V,P_aligned_fixed_donor,0.020839286691377468,0.030645191568735068,0.9491541456727005,0.9561363612772507,0.5083948373794556,-0.24391399323940277,0.5638788405074928,True,,b5979ef01aa92480
6060,30,0,raw_original,original,P,0.030076225421497682,0.03264176575372637,0.9382637499297408,0.8977505868694736,0.27063584327697754,-0.22606304287910461,0.35263049602508545,True,,b5979ef01aa92480
6060,30,0,raw_valid,selection_fixed_V,P,0.025254007396336875,0.030255257488851002,0.9452548016112136,0.8934006404221426,0.27063584327697754,-0.22606304287910461,0.35263049602508545,True,,b5979ef01aa92480
6060,30,0,aligned_valid,selection_fixed_V,P_aligned,0.025254007396336875,0.03453981093594601,0.9410784503085615,0.9244912071127956,0.27063584327697754,-0.22606304287910461,0.35263049602508545,True,,b5979ef01aa92480
6060,30,0,aligned_fixed_v64,selection_fixed_V,P_aligned_fixed_donor,0.025254007396336875,0.03192719091960363,0.9436250911996874,0.9268199395892005,0.4259839653968811,-0.24677230417728424,0.49229961292308294,True,,b5979ef01aa92480
6060,30,1,raw_original,original,P,0.037672827217834826,0.04211875329647609,0.9217951520012578,0.8970820996125188,0.2868083715438843,-0.20825059711933136,0.35443949699401855,True,,b5979ef01aa92480
6060,30,1,raw_valid,selection_fixed_V,P,0.031997395715181454,0.045787062540198986,0.923680608503354,0.8899690561914293,0.2868083715438843,-0.20825059711933136,0.35443949699401855,True,,b5979ef01aa92480
6060,30,1,aligned_valid,selection_fixed_V,P_aligned,0.031997395715181454,0.050006099450682746,0.919596569786432,0.9211081181312142,0.2868083715438843,-0.20825059711933136,0.35443949699401855,True,,b5979ef01aa92480
6060,30,1,aligned_fixed_v64,selection_fixed_V,P_aligned_fixed_donor,0.031997395715181454,0.04649461820571954,0.9229956927764537,0.9234227233940834,0.4320302903652191,-0.22259701788425446,0.4860037079735284,True,,b5979ef01aa92480
6060,30,2,raw_original,original,P,0.03225066572932622,0.07309370697758191,0.8970129480037432,0.9431230370087625,0.2626524269580841,-0.1930781900882721,0.3259838819503784,True,,b5979ef01aa92480
6060,30,2,raw_valid,selection_fixed_V,P,0.029086201457582783,0.07270081595638303,0.9003275731650722,0.9431939346846561,0.2626524269580841,-0.1930781900882721,0.3259838819503784,True,,b5979ef01aa92480
6060,30,2,aligned_valid,selection_fixed_V,P_aligned,0.029086201457582783,0.07014408022242524,0.9028099431683982,0.9539282583914962,0.2626524269580841,-0.1930781900882721,0.3259838819503784,True,,b5979ef01aa92480
6060,30,2,aligned_fixed_v64,selection_fixed_V,P_aligned_fixed_donor,0.029086201457582783,0.06071028845306918,0.911969341769842,0.9471667987402863,0.3913658559322357,-0.20791958272457123,0.44316789828453423,True,,b5979ef01aa92480
6060,30,3,raw_original,original,P,0.03760851438822321,0.04798807777846673,0.9162081681469048,0.9106210578242808,0.2504434883594513,-0.18484577536582947,0.31127142906188965,True,,b5979ef01aa92480
6060,30,3,raw_valid,selection_fixed_V,P,0.027447693864535827,0.05132119360342422,0.9226397609428293,0.9077327833381792,0.2504434883594513,-0.18484577536582947,0.31127142906188965,True,,b5979ef01aa92480
6060,30,3,aligned_valid,selection_fixed_V,P_aligned,0.027447693864535827,0.05383645343226074,0.9201935391957645,0.9317564857440592,0.2504434883594513,-0.18484577536582947,0.31127142906188965,True,,b5979ef01aa92480
6060,30,3,aligned_fixed_v64,selection_fixed_V,P_aligned_fixed_donor,0.027447693864535827,0.048760137282108616,0.9251305221742676,0.9324484080123007,0.3741772472858429,-0.20211131870746613,0.4252735561213297,True,,b5979ef01aa92480
6060,30,4,raw_original,original,P,0.025057945771471246,0.043099308940572165,0.9329227254341774,0.9273846617242723,0.2690393626689911,-0.18815943598747253,0.32830801606178284,True,,b5979ef01aa92480
6060,30,4,raw_valid,selection_fixed_V,P,0.02183324906945805,0.044873503345092394,0.934272981960602,0.9221175939063215,0.2690393626689911,-0.18815943598747253,0.32830801606178284,True,,b5979ef01aa92480
6060,30,4,aligned_valid,selection_fixed_V,P_aligned,0.02183324906945805,0.044011293735027254,0.9351163667335006,0.944405136757748,0.2690393626689911,-0.18815943598747253,0.32830801606178284,True,,b5979ef01aa92480
6060,30,4,aligned_fixed_v64,selection_fixed_V,P_aligned_fixed_donor,0.02183324906945805,0.03912105921145546,0.9398998315487112,0.9443404835656486,0.3974161148071289,-0.21114897727966309,0.4500260647058576,True,,b5979ef01aa92480
6060,30,5,raw_original,original,P,0.029211461199114552,0.03945907488003078,0.9324821211556656,0.9184027784696871,0.2546186149120331,-0.1910550445318222,0.318327933549881,True,,b5979ef01aa92480
6060,30,5,raw_valid,selection_fixed_V,P,0.024807495048147943,0.03932441582114856,0.9368436293814579,0.916576845023144,0.2546186149120331,-0.1910550445318222,0.318327933549881,True,,b5979ef01aa92480
6060,30,5,aligned_valid,selection_fixed_V,P_aligned,0.024807495048147943,0.04111488763512731,0.9350975746881384,0.9414539407374131,0.2546186149120331,-0.1910550445318222,0.318327933549881,True,,b5979ef01aa92480
6060,30,5,aligned_fixed_v64,selection_fixed_V,P_aligned_fixed_donor,0.024807495048147943,0.03831504168787089,0.9378279634709226,0.9425999912162808,0.3786911070346832,-0.20337136089801788,0.42984516396100786,True,,b5979ef01aa92480
6060,30,6,raw_original,original,P,0.021607302438131137,0.025640646262125436,0.9533060764982383,0.9293998595426869,0.27304089069366455,-0.19127197563648224,0.333371102809906,True,,b5979ef01aa92480
6060,30,6,raw_valid,selection_fixed_V,P,0.01468361840481991,0.02531601279488469,0.960372099471707,0.9303540739882432,0.27304089069366455,-0.19127197563648224,0.333371102809906,True,,b5979ef01aa92480
6060,30,6,aligned_valid,selection_fixed_V,P_aligned,0.01468361840481991,0.02610557166069076,0.9595941341869947,0.9581400786129217,0.27304089069366455,-0.19127197563648224,0.333371102809906,True,,b5979ef01aa92480
6060,30,6,aligned_fixed_v64,selection_fixed_V,P_aligned_fixed_donor,0.01468361840481991,0.024968986362832964,0.9607140303000541,0.9599701604765256,0.4006921350955963,-0.21203596889972687,0.45333590110944616,True,,b5979ef01aa92480
6060,30,7,raw_original,original,P,0.028213000741276306,0.02595047686546189,0.9465686632163035,0.9234542079656061,0.23619282245635986,-0.1896847039461136,0.3029312491416931,True,,b5979ef01aa92480
6060,30,7,raw_valid,selection_fixed_V,P,0.017336447128085353,0.027634568642138417,0.9555080694679481,0.9234695060293918,0.23619282245635986,-0.1896847039461136,0.3029312491416931,True,,b5979ef01aa92480
6060,30,7,aligned_valid,selection_fixed_V,P_aligned,0.017336447128085353,0.028475590868490358,0.9546816275789568,0.9472596245747746,0.23619282245635986,-0.1896847039461136,0.3029312491416931,True,,b5979ef01aa92480
6060,30,7,aligned_fixed_v64,selection_fixed_V,P_aligned_fixed_donor,0.017336447128085353,0.026501892490266812,0.9566211090395995,0.9489098215638696,0.3565046191215515,-0.21047496795654297,0.4139991009547126,True,,b5979ef01aa92480
6060,30,8,raw_original,original,P,0.018934899058329124,0.028345094071177468,0.9532567183655299,0.9299510697920292,0.2432941496372223,-0.19636890292167664,0.31265443563461304,True,,b5979ef01aa92480
6060,30,8,raw_valid,selection_fixed_V,P,0.016539455019306093,0.030443891017012538,0.95352017932977,0.9295649677608148,0.2432941496372223,-0.19636890292167664,0.31265443563461304,True,,b5979ef01aa92480
6060,30,8,aligned_valid,selection_fixed_V,P_aligned,0.016539455019306093,0.031523480741318305,0.9524584454311487,0.9559151484636952,0.2432941496372223,-0.19636890292167664,0.31265443563461304,True,,b5979ef01aa92480
6060,30,8,aligned_fixed_v64,selection_fixed_V,P_aligned_fixed_donor,0.016539455019306093,0.030175795350954687,0.9537838408396181,0.9578660048709312,0.36027321219444275,-0.21743404865264893,0.4208020353306106,True,,b5979ef01aa92480
6060,30,9,raw_original,original,P,0.02453430204647944,0.027851315475166255,0.9482976950646138,0.9276670755537377,0.20739486813545227,-0.18982906639575958,0.28115424513816833,True,,b5979ef01aa92480
6060,30,9,raw_valid,selection_fixed_V,P,0.01639170775509513,0.02899755714921668,0.9550860545780898,0.9366838776534252,0.20739486813545227,-0.18982906639575958,0.28115424513816833,True,,b5979ef01aa92480
6060,30,9,aligned_valid,selection_fixed_V,P_aligned,0.01639170775509513,0.029468324555679833,0.9546230038533741,0.9578791061206966,0.20739486813545227,-0.18982906639575958,0.28115424513816833,True,,b5979ef01aa92480
6060,30,9,aligned_fixed_v64,selection_fixed_V,P_aligned_fixed_donor,0.01639170775509513,0.028063380342203376,0.956004918631891,0.9588857616565076,0.31680306792259216,-0.2113734781742096,0.3808450224443397,True,,b5979ef01aa92480
6060,30,10,raw_original,original,P,0.020101070425360135,0.02271381305617643,0.9576416884743341,0.9321520986680991,0.21374565362930298,-0.19172488152980804,0.28713348507881165,True,,b5979ef01aa92480
6060,30,10,raw_valid,selection_fixed_V,P,0.015408051218254726,0.02395846587504552,0.9610026361760132,0.9294742311491497,0.21374565362930298,-0.19172488152980804,0.28713348507881165,True,,b5979ef01aa92480
6060,30,10,aligned_valid,selection_fixed_V,P_aligned,0.015408051218254726,0.025054348479421208,0.959923638986935,0.9537293602107049,0.21374565362930298,-0.19172488152980804,0.28713348507881165,True,,b5979ef01aa92480
6060,30,10,aligned_fixed_v64,selection_fixed_V,P_aligned_fixed_donor,0.015408051218254726,0.023997790788570866,0.9609639171827696,0.95595864977211,0.3245793879032135,-0.21706365048885345,0.3904720315402524,True,,b5979ef01aa92480
6060,30,11,raw_original,original,P,0.024972651389260747,0.026848074406955566,0.9488497418064215,0.9177582098512066,0.21579179167747498,-0.19376954436302185,0.29002195596694946,True,,b5979ef01aa92480
6060,30,11,raw_valid,selection_fixed_V,P,0.01766465939112294,0.025862686389615766,0.9569295097652734,0.9180855915196218,0.21579179167747498,-0.19376954436302185,0.29002195596694946,True,,b5979ef01aa92480
6060,30,11,aligned_valid,selection_fixed_V,P_aligned,0.01766465939112294,0.028144058853206394,0.9546884369691963,0.9441666028749965,0.21579179167747498,-0.19376954436302185,0.29002195596694946,True,,b5979ef01aa92480
6060,30,11,aligned_fixed_v64,selection_fixed_V,P_aligned_fixed_donor,0.01766465939112294,0.027075602562179266,0.9557380193437681,0.9473333769472545,0.33040526509284973,-0.23023051023483276,0.4027079922773668,True,,b5979ef01aa92480
6060,30,12,raw_original,original,P,0.02179300351913327,0.02867733573101311,0.950154626028359,0.9277173692179784,0.2547135055065155,-0.19997170567512512,0.32383275032043457,True,,b5979ef01aa92480
6060,30,12,raw_valid,selection_fixed_V,P,0.017509973308465154,0.028561694785601263,0.954428446419274,0.9285133720410327,0.2547135055065155,-0.19997170567512512,0.32383275032043457,True,,b5979ef01aa92480
6060,30,12,aligned_valid,selection_fixed_V,P_aligned,0.017509973308465154,0.029961969803293284,0.9530526901797663,0.9541951038049326,0.2547135055065155,-0.19997170567512512,0.32383275032043457,True,,b5979ef01aa92480
6060,30,12,aligned_fixed_v64,selection_fixed_V,P_aligned_fixed_donor,0.017509973308465154,0.028842132647433044,0.9541529190169176,0.9558999518468643,0.38995134830474854,-0.23910479247570038,0.45742010868515504,True,,b5979ef01aa92480
6060,30,13,raw_original,original,P,0.014961613826975695,0.028471276478531052,0.9569930859383261,0.9217034168869545,0.25033020973205566,-0.2118334025144577,0.3279307782649994,True,,b5979ef01aa92480
6060,30,13,raw_valid,selection_fixed_V,P,0.012482788537666933,0.03135532745192629,0.9565532859325185,0.931890058061424,0.25033020973205566,-0.2118334025144577,0.3279307782649994,True,,b5979ef01aa92480
6060,30,13,aligned_valid,selection_fixed_V,P_aligned,0.012482788537666933,0.03189713044066786,0.9560182461559145,0.9588707565004393,0.25033020973205566,-0.2118334025144577,0.3279307782649994,True,,b5979ef01aa92480
6060,30,13,aligned_fixed_v64,selection_fixed_V,P_aligned_fixed_donor,0.012482788537666933,0.03080602236892053,0.9570957341563304,0.9614464982762342,0.37746891379356384,-0.24426622688770294,0.44960957560804654,True,,b5979ef01aa92480
6060,30,14,raw_original,original,P,0.021729899171459732,0.037369486073258046,0.9417126499197433,0.9255090361944964,0.2913798689842224,-0.2275262475013733,0.36968961358070374,True,,b5979ef01aa92480
6060,30,14,raw_valid,selection_fixed_V,P,0.015029398385764892,0.03831249616769218,0.9472339192146003,0.9284257735203706,0.2913798689842224,-0.2275262475013733,0.36968961358070374,True,,b5979ef01aa92480
6060,30,14,aligned_valid,selection_fixed_V,P_aligned,0.015029398385764892,0.0403097139066385,0.9452667184567157,0.962169709247325,0.2913798689842224,-0.2275262475013733,0.36968961358070374,True,,b5979ef01aa92480
6060,30,14,aligned_fixed_v64,selection_fixed_V,P_aligned_fixed_donor,0.015029398385764892,0.03824191686714119,0.9473034377507255,0.9645702661543903,0.44361886382102966,-0.25299933552742004,0.5106920403875288,True,,b5979ef01aa92480
6060,30,15,raw_original,original,P,0.015330889746603349,0.032021023465528306,0.9531389975681918,0.9319964240883942,0.29975274205207825,-0.2307223677635193,0.3782651424407959,True,,b5979ef01aa92480
6060,30,15,raw_valid,selection_fixed_V,P,0.01146440480392108,0.03137242134907172,0.9575228399850322,0.9310924797722816,0.29975274205207825,-0.2307223677635193,0.3782651424407959,True,,b5979ef01aa92480
6060,30,15,aligned_valid,selection_fixed_V,P_aligned,0.01146440480392108,0.03288154194616165,0.9560310205573652,0.9642044125955591,0.29975274205207825,-0.2307223677635193,0.3782651424407959,True,,b5979ef01aa92480
6060,30,15,aligned_fixed_v64,selection_fixed_V,P_aligned_fixed_donor,0.01146440480392108,0.031333238676660075,0.957561573451426,0.9671251994421153,0.44401296973228455,-0.25224682688713074,0.5106622944423337,True,,b5979ef01aa92480
6060,30,16,raw_original,original,P,0.031140886569861248,0.04509571028430232,0.9251677235445872,0.9044692899829313,0.31669461727142334,-0.2097848653793335,0.37987521290779114,True,,b5979ef01aa92480
6060,30,16,raw_valid,selection_fixed_V,P,0.025190819065572745,0.0473118922267002,0.9286891140244597,0.9073677255288446,0.31669461727142334,-0.2097848653793335,0.37987521290779114,True,,b5979ef01aa92480
6060,30,16,aligned_valid,selection_fixed_V,P_aligned,0.025190819065572745,0.053840014889586285,0.9223254401184122,0.9478892361204443,0.31669461727142334,-0.2097848653793335,0.37987521290779114,True,,b5979ef01aa92480
6060,30,16,aligned_fixed_v64,selection_fixed_V,P_aligned_fixed_donor,0.025190819065572745,0.050777377863246424,0.9253109268095581,0.952038704644972,0.47141537070274353,-0.2300238162279129,0.5245411402043292,True,,b5979ef01aa92480
6060,30,17,raw_original,original,P,0.014156360431584414,0.03446006024016,0.9518714083615094,0.9231245818041491,0.3398595452308655,-0.23612916469573975,0.4138375222682953,True,,b5979ef01aa92480
6060,30,17,raw_valid,selection_fixed_V,P,0.012202001981426291,0.03714632504357542,0.9511049325067827,0.9240531177759659,0.3398595452308655,-0.23612916469573975,0.4138375222682953,True,,b5979ef01aa92480
6060,30,17,aligned_valid,selection_fixed_V,P_aligned,0.012202001981426291,0.039391371496759316,0.948887280114869,0.9612571878466349,0.3398595452308655,-0.23612916469573975,0.4138375222682953,True,,b5979ef01aa92480
6060,30,17,aligned_fixed_v64,selection_fixed_V,P_aligned_fixed_donor,0.012202001981426291,0.0374467297136063,0.9508081933751308,0.9644599685840023,0.4946196377277374,-0.2533988058567047,0.5557513300348657,True,,b5979ef01aa92480
6060,30,18,raw_original,original,P,0.05761461151476821,0.07676584467966904,0.8700423781243849,0.8811470800162313,0.28655722737312317,-0.20956963300704956,0.35501334071159363,True,,b5979ef01aa92480
6060,30,18,raw_valid,selection_fixed_V,P,0.04629601284085316,0.06928469541161877,0.887626896895979,0.8861507599823895,0.28655722737312317,-0.20956963300704956,0.35501334071159363,True,,b5979ef01aa92480
6060,30,18,aligned_valid,selection_fixed_V,P_aligned,0.04629601284085316,0.07863441243833143,0.8787100344887933,0.9227033773978057,0.28655722737312317,-0.20956963300704956,0.35501334071159363,True,,b5979ef01aa92480
6060,30,18,aligned_fixed_v64,selection_fixed_V,P_aligned_fixed_donor,0.04629601284085316,0.07468580971156025,0.8824758326530225,0.9263504434549368,0.44269731640815735,-0.22291786968708038,0.49565440639704833,True,,b5979ef01aa92480
6060,30,19,raw_original,original,P,0.02087669914717105,0.032815489028348466,0.9469928909162926,0.9026111607926284,0.3438322842121124,-0.22783896327018738,0.41246968507766724,True,,b5979ef01aa92480
6060,30,19,raw_valid,selection_fixed_V,P,0.015048525014737413,0.03096212858067296,0.9544552807710455,0.9076122000975959,0.3438322842121124,-0.22783896327018738,0.41246968507766724,True,,b5979ef01aa92480
6060,30,19,aligned_valid,selection_fixed_V,P_aligned,0.015048525014737413,0.03434965288322289,0.9511187337127004,0.9511251996575514,0.3438322842121124,-0.22783896327018738,0.41246968507766724,True,,b5979ef01aa92480
6060,30,19,aligned_fixed_v64,selection_fixed_V,P_aligned_fixed_donor,0.015048525014737413,0.032491950578003734,0.9529484803383096,0.9549153834493717,0.5083948373794556,-0.24391399323940277,0.5638788405074928,True,,b5979ef01aa92480
7070,35,0,raw_original,original,P,0.03086714422665271,0.03248056688816336,0.9376548712278843,0.8999006089648858,0.311654269695282,-0.24094055593013763,0.3939298689365387,True,,b5979ef01aa92480
7070,35,0,raw_valid,selection_fixed_V,P,0.02606295270889314,0.030535562877139794,0.9441973313451735,0.8962653980829366,0.311654269695282,-0.24094055593013763,0.3939298689365387,True,,b5979ef01aa92480
7070,35,0,aligned_valid,selection_fixed_V,P_aligned,0.02606295270889314,0.03357486663372308,0.9412372408186659,0.9270585559680109,0.311654269695282,-0.24094055593013763,0.3939298689365387,True,,b5979ef01aa92480
7070,35,0,aligned_fixed_v64,selection_fixed_V,P_aligned_fixed_donor,0.02606295270889314,0.0314516336099837,0.9433051361205176,0.9279861024556936,0.4259839653968811,-0.24677230417728424,0.49229961292308294,True,,b5979ef01aa92480
7070,35,1,raw_original,original,P,0.03697114855787631,0.040693223656741745,0.9238401030024942,0.8978801236860827,0.3266794681549072,-0.2211529016494751,0.39449724555015564,True,,b5979ef01aa92480
7070,35,1,raw_valid,selection_fixed_V,P,0.030896294588646622,0.04479600729854578,0.9256917287506986,0.8908079220385913,0.3266794681549072,-0.2211529016494751,0.39449724555015564,True,,b5979ef01aa92480
7070,35,1,aligned_valid,selection_fixed_V,P_aligned,0.030896294588646622,0.047830923663880275,0.9227505800554394,0.9215999664419723,0.3266794681549072,-0.2211529016494751,0.39449724555015564,True,,b5979ef01aa92480
7070,35,1,aligned_fixed_v64,selection_fixed_V,P_aligned_fixed_donor,0.030896294588646622,0.04499687661733694,0.9254970655495546,0.9224541828036782,0.4320302903652191,-0.22259701788425446,0.4860037079735284,True,,b5979ef01aa92480
7070,35,2,raw_original,original,P,0.03538768515855617,0.07191610674691133,0.8952411526379214,0.944082717945188,0.29426291584968567,-0.20168106257915497,0.3567434847354889,True,,b5979ef01aa92480
7070,35,2,raw_valid,selection_fixed_V,P,0.032461767660181606,0.07192692980404816,0.8979461778195794,0.944139098645597,0.29426291584968567,-0.20168106257915497,0.3567434847354889,True,,b5979ef01aa92480
7070,35,2,aligned_valid,selection_fixed_V,P_aligned,0.032461767660181606,0.06536241585412544,0.9042975960428576,0.951847219653353,0.29426291584968567,-0.20168106257915497,0.3567434847354889,True,,b5979ef01aa92480
7070,35,2,aligned_fixed_v64,selection_fixed_V,P_aligned_fixed_donor,0.032461767660181606,0.05990990074972828,0.9095731128687724,0.9453990209252575,0.3913658559322357,-0.20791958272457123,0.44316789828453423,True,,b5979ef01aa92480
7070,35,3,raw_original,original,P,0.03927146925516345,0.04833453744157875,0.9142921616043572,0.9142650662980359,0.2813882827758789,-0.19568608701229095,0.3427424728870392,True,,b5979ef01aa92480
7070,35,3,raw_valid,selection_fixed_V,P,0.029078399901338314,0.05185828347192822,0.9205712725317271,0.9116023351902747,0.2813882827758789,-0.19568608701229095,0.3427424728870392,True,,b5979ef01aa92480
7070,35,3,aligned_valid,selection_fixed_V,P_aligned,0.029078399901338314,0.051588045514754315,0.9208336524015139,0.9336756887718946,0.2813882827758789,-0.19568608701229095,0.3427424728870392,True,,b5979ef01aa92480
7070,35,3,aligned_fixed_v64,selection_fixed_V,P_aligned_fixed_donor,0.029078399901338314,0.04690692954925932,0.9253786490049796,0.9330467338606755,0.3741772472858429,-0.20211131870746613,0.4252735561213297,True,,b5979ef01aa92480
7070,35,4,raw_original,original,P,0.026677286145307066,0.04188912008437544,0.9325510818131836,0.9296260997439731,0.3030151426792145,-0.2021757960319519,0.36427080631256104,True,,b5979ef01aa92480
7070,35,4,raw_valid,selection_fixed_V,P,0.023576434887724096,0.04351475671383394,0.9339347312267607,0.9245538215869425,0.3030151426792145,-0.2021757960319519,0.36427080631256104,True,,b5979ef01aa92480
7070,35,4,aligned_valid,selection_fixed_V,P_aligned,0.023576434887724096,0.0422296390310601,0.9351895504161637,0.9454425738356568,0.3030151426792145,-0.2021757960319519,0.36427080631256104,True,,b5979ef01aa92480
7070,35,4,aligned_fixed_v64,selection_fixed_V,P_aligned_fixed_donor,0.023576434887724096,0.0417248708650787,0.9356824179483464,0.9441830083483103,0.3974161148071289,-0.21114897727966309,0.4500260647058576,True,,b5979ef01aa92480
7070,35,5,raw_original,original,P,0.030036912332060295,0.040877316193836825,0.930313599836987,0.9222866701609072,0.28869372606277466,-0.2026212364435196,0.3527030348777771,True,,b5979ef01aa92480
7070,35,5,raw_valid,selection_fixed_V,P,0.025712466341087814,0.0408571957279733,0.9344808772008857,0.9201081077984115,0.28869372606277466,-0.2026212364435196,0.3527030348777771,True,,b5979ef01aa92480
7070,35,5,aligned_valid,selection_fixed_V,P_aligned,0.025712466341087814,0.04095684959353054,0.9343837856819923,0.9438692217119049,0.28869372606277466,-0.2026212364435196,0.3527030348777771,True,,b5979ef01aa92480
7070,35,5,aligned_fixed_v64,selection_fixed_V,P_aligned_fixed_donor,0.025712466341087814,0.03862766937089982,0.9366530769365463,0.9440040377167733,0.3786911070346832,-0.20337136089801788,0.42984516396100786,True,,b5979ef01aa92480
7070,35,6,raw_original,original,P,0.022313135462714406,0.025253765608890158,0.9529965896213702,0.9318689183935058,0.3097638487815857,-0.20554287731647491,0.37175464630126953,True,,b5979ef01aa92480
7070,35,6,raw_valid,selection_fixed_V,P,0.015542602624102453,0.02489506042632681,0.9599492709810802,0.9328769345674116,0.3097638487815857,-0.20554287731647491,0.37175464630126953,True,,b5979ef01aa92480
7070,35,6,aligned_valid,selection_fixed_V,P_aligned,0.015542602624102453,0.025111245027760687,0.9597364464509999,0.9598417248939162,0.3097638487815857,-0.20554287731647491,0.37175464630126953,True,,b5979ef01aa92480
7070,35,6,aligned_fixed_v64,selection_fixed_V,P_aligned_fixed_donor,0.015542602624102453,0.02459578985618767,0.9602438901076705,0.9602720513350442,0.4006921350955963,-0.21203596889972687,0.45333590110944616,True,,b5979ef01aa92480
7070,35,7,raw_original,original,P,0.02940552393487672,0.0260877673878811,0.945273833145574,0.9271633495714775,0.2692739963531494,-0.2037755846977234,0.3376877009868622,True,,b5979ef01aa92480
7070,35,7,raw_valid,selection_fixed_V,P,0.01861123237692297,0.028663850681742223,0.9532583865271901,0.9273403695395364,0.2692739963531494,-0.2037755846977234,0.3376877009868622,True,,b5979ef01aa92480
7070,35,7,aligned_valid,selection_fixed_V,P_aligned,0.01861123237692297,0.028028251898704476,0.9538821560335783,0.9499425093892255,0.2692739963531494,-0.2037755846977234,0.3376877009868622,True,,b5979ef01aa92480
7070,35,7,aligned_fixed_v64,selection_fixed_V,P_aligned_fixed_donor,0.01861123237692297,0.02633563864184986,0.9555432676717853,0.950276067327275,0.3565046191215515,-0.21047496795654297,0.4139991009547126,True,,b5979ef01aa92480
7070,35,8,raw_original,original,P,0.019981976235980303,0.028943965532926073,0.9516524158625476,0.9332834353311025,0.2761576771736145,-0.2100948840379715,0.34699124097824097,True,,b5979ef01aa92480
7070,35,8,raw_valid,selection_fixed_V,P,0.017541176801822544,0.031178847438039607,0.9518268894355256,0.932745756830603,0.2761576771736145,-0.2100948840379715,0.34699124097824097,True,,b5979ef01aa92480
7070,35,8,aligned_valid,selection_fixed_V,P_aligned,0.017541176801822544,0.03122489861970862,0.9517816460457762,0.9574830904619648,0.2761576771736145,-0.2100948840379715,0.34699124097824097,True,,b5979ef01aa92480
7070,35,8,aligned_fixed_v64,selection_fixed_V,P_aligned_fixed_donor,0.017541176801822544,0.030100372138148847,0.9528864470095045,0.9578718003900467,0.36027321219444275,-0.21743404865264893,0.4208020353306106,True,,b5979ef01aa92480
7070,35,9,raw_original,original,P,0.025405860860227114,0.028115486063342812,0.947192951203373,0.930867684491056,0.23779185116291046,-0.20367871224880219,0.31309738755226135,True,,b5979ef01aa92480
7070,35,9,raw_valid,selection_fixed_V,P,0.01771651798073348,0.028849035982743347,0.9539455505012383,0.9403487067895402,0.23779185116291046,-0.20367871224880219,0.31309738755226135,True,,b5979ef01aa92480
7070,35,9,aligned_valid,selection_fixed_V,P_aligned,0.01771651798073348,0.028313948274360422,0.9544711583186144,0.9598141385581946,0.23779185116291046,-0.20367871224880219,0.31309738755226135,True,,b5979ef01aa92480
7070,35,9,aligned_fixed_v64,selection_fixed_V,P_aligned_fixed_donor,0.01771651798073348,0.027183824059048498,0.9555812606679452,0.9596623964330213,0.31680306792259216,-0.2113734781742096,0.3808450224443397,True,,b5979ef01aa92480
7070,35,10,raw_original,original,P,0.02127444106492904,0.023105275875758273,0.9561118348892205,0.9354843450348502,0.24503710865974426,-0.20553483068943024,0.31982457637786865,True,,b5979ef01aa92480
7070,35,10,raw_valid,selection_fixed_V,P,0.016589287108768724,0.024621787675384733,0.9591973831207247,0.9329331535011571,0.24503710865974426,-0.20553483068943024,0.31982457637786865,True,,b5979ef01aa92480
7070,35,10,aligned_valid,selection_fixed_V,P_aligned,0.016589287108768724,0.024604069599968907,0.9592148072659005,0.9553533836722281,0.24503710865974426,-0.20553483068943024,0.31982457637786865,True,,b5979ef01aa92480
7070,35,10,aligned_fixed_v64,selection_fixed_V,P_aligned_fixed_donor,0.016589287108768724,0.024010172462381622,0.9597988520733592,0.9559036695866385,0.3245793879032135,-0.21706365048885345,0.3904720315402524,True,,b5979ef01aa92480
7070,35,11,raw_original,original,P,0.025253082362213575,0.025918979827649374,0.9494824719424693,0.9180550176223481,0.2506442666053772,-0.21083106100559235,0.32752448320388794,True,,b5979ef01aa92480
7070,35,11,raw_valid,selection_fixed_V,P,0.018013857090275365,0.025308693903282928,0.9571333562015569,0.9187685780671331,0.2506442666053772,-0.21083106100559235,0.32752448320388794,True,,b5979ef01aa92480
7070,35,11,aligned_valid,selection_fixed_V,P_aligned,0.018013857090275365,0.026836909613375703,0.9556326695508689,0.94500879246372,0.2506442666053772,-0.21083106100559235,0.32752448320388794,True,,b5979ef01aa92480
7070,35,11,aligned_fixed_v64,selection_fixed_V,P_aligned_fixed_donor,0.018013857090275365,0.02617174051006014,0.9562858563930166,0.946392011624466,0.33040526509284973,-0.23023051023483276,0.4027079922773668,True,,b5979ef01aa92480
7070,35,12,raw_original,original,P,0.021933855420302795,0.026991492451202213,0.9516666796214979,0.9262332773309123,0.29454660415649414,-0.21636947989463806,0.3654770255088806,True,,b5979ef01aa92480
7070,35,12,raw_valid,selection_fixed_V,P,0.017456870292197668,0.02663674556022195,0.9563713783598314,0.9267993888222594,0.29454660415649414,-0.21636947989463806,0.3654770255088806,True,,b5979ef01aa92480
7070,35,12,aligned_valid,selection_fixed_V,P_aligned,0.017456870292197668,0.027904881820062205,0.9551253797901921,0.9531562524013198,0.29454660415649414,-0.21636947989463806,0.3654770255088806,True,,b5979ef01aa92480
7070,35,12,aligned_fixed_v64,selection_fixed_V,P_aligned_fixed_donor,0.017456870292197668,0.02716239783607198,0.9558549023275797,0.9537654273041122,0.38995134830474854,-0.23910479247570038,0.45742010868515504,True,,b5979ef01aa92480
7070,35,13,raw_original,original,P,0.015789150177431654,0.027290903981079327,0.9573508460229241,0.9210113990329676,0.2892706096172333,-0.22645950317382812,0.36737093329429626,True,,b5979ef01aa92480
7070,35,13,raw_valid,selection_fixed_V,P,0.013385186522858472,0.030220203209768905,0.9567991133240941,0.9318705800009648,0.2892706096172333,-0.22645950317382812,0.36737093329429626,True,,b5979ef01aa92480
7070,35,13,aligned_valid,selection_fixed_V,P_aligned,0.013385186522858472,0.030226435665803304,0.9567929642906462,0.9583081576267583,0.2892706096172333,-0.22645950317382812,0.36737093329429626,True,,b5979ef01aa92480
7070,35,13,aligned_fixed_v64,selection_fixed_V,P_aligned_fixed_donor,0.013385186522858472,0.029540128236360458,0.957470085367134,0.9593455347328748,0.37746891379356384,-0.24426622688770294,0.44960957560804654,True,,b5979ef01aa92480
7070,35,14,raw_original,original,P,0.022544467223692966,0.03550682376948167,0.9427491914315139,0.9244379587768874,0.33676186203956604,-0.24020494520664215,0.413650780916214,True,,b5979ef01aa92480
7070,35,14,raw_valid,selection_fixed_V,P,0.015815389685557846,0.03651741723858814,0.9482447302597924,0.9274649013925063,0.33676186203956604,-0.24020494520664215,0.413650780916214,True,,b5979ef01aa92480
7070,35,14,aligned_valid,selection_fixed_V,P_aligned,0.015815389685557846,0.037957268022883926,0.9468276512767393,0.9612444726809518,0.33676186203956604,-0.24020494520664215,0.413650780916214,True,,b5979ef01aa92480
7070,35,14,aligned_fixed_v64,selection_fixed_V,P_aligned_fixed_donor,0.015815389685557846,0.036468009171847386,0.9482933569187041,0.9621568303597039,0.44361886382102966,-0.25299933552742004,0.5106920403875288,True,,b5979ef01aa92480
7070,35,15,raw_original,original,P,0.016330088469820647,0.030716556199374162,0.9534549594110292,0.9314592723154681,0.34363245964050293,-0.2426047921180725,0.42064279317855835,True,,b5979ef01aa92480
7070,35,15,raw_valid,selection_fixed_V,P,0.01243545004553448,0.030191449776750562,0.957748544443216,0.9303026804710981,0.34363245964050293,-0.2426047921180725,0.42064279317855835,True,,b5979ef01aa92480
7070,35,15,aligned_valid,selection_fixed_V,P_aligned,0.01243545004553448,0.0308965780927598,0.9570521847151562,0.963314393643777,0.34363245964050293,-0.2426047921180725,0.42064279317855835,True,,b5979ef01aa92480
7070,35,15,aligned_fixed_v64,selection_fixed_V,P_aligned_fixed_donor,0.01243545004553448,0.030160956394207093,0.9577786586268241,0.9646013238688186,0.44401296973228455,-0.25224682688713074,0.5106622944423337,True,,b5979ef01aa92480
7070,35,16,raw_original,original,P,0.03082316813082142,0.043932740614192105,0.9265982375053855,0.9053200329059474,0.36229169368743896,-0.22004613280296326,0.42388156056404114,True,,b5979ef01aa92480
7070,35,16,raw_valid,selection_fixed_V,P,0.025002608026631012,0.046071034901168505,0.9300782530992157,0.907744325102854,0.36229169368743896,-0.22004613280296326,0.42388156056404114,True,,b5979ef01aa92480
7070,35,16,aligned_valid,selection_fixed_V,P_aligned,0.025002608026631012,0.05024522096357148,0.9260084325747611,0.9479193080750328,0.36229169368743896,-0.22004613280296326,0.42388156056404114,True,,b5979ef01aa92480
7070,35,16,aligned_fixed_v64,selection_fixed_V,P_aligned_fixed_donor,0.025002608026631012,0.04832369884281373,0.9278819116311191,0.9498826459307499,0.47141537070274353,-0.2300238162279129,0.5245411402043292,True,,b5979ef01aa92480
7070,35,17,raw_original,original,P,0.015405657238047099,0.0335714814884406,0.9515400520102967,0.9234473041171767,0.3871223032474518,-0.24730761349201202,0.4593742787837982,True,,b5979ef01aa92480
7070,35,17,raw_valid,selection_fixed_V,P,0.0135452286955563,0.03635216052881656,0.9505950091035675,0.9242218943938603,0.3871223032474518,-0.24730761349201202,0.4593742787837982,True,,b5979ef01aa92480
7070,35,17,aligned_valid,selection_fixed_V,P_aligned,0.0135452286955563,0.037731851987337674,0.9492340058813814,0.9609383926897702,0.3871223032474518,-0.24730761349201202,0.4593742787837982,True,,b5979ef01aa92480
7070,35,17,aligned_fixed_v64,selection_fixed_V,P_aligned_fixed_donor,0.0135452286955563,0.03625405303262621,0.9506917877112853,0.9622200066585855,0.4946196377277374,-0.2533988058567047,0.5557513300348657,True,,b5979ef01aa92480
7070,35,18,raw_original,original,P,0.05446684732479046,0.07706987842121692,0.8726610275553012,0.8827508338234705,0.3312434256076813,-0.21814477443695068,0.3966224193572998,True,,b5979ef01aa92480
7070,35,18,raw_valid,selection_fixed_V,P,0.044400374846785606,0.0702321289005605,0.8884858291021265,0.8881425828197738,0.3312434256076813,-0.21814477443695068,0.3966224193572998,True,,b5979ef01aa92480
7070,35,18,aligned_valid,selection_fixed_V,P_aligned,0.044400374846785606,0.07627592308594391,0.882710381644071,0.9239238989824423,0.3312434256076813,-0.21814477443695068,0.3966224193572998,True,,b5979ef01aa92480
7070,35,18,aligned_fixed_v64,selection_fixed_V,P_aligned_fixed_donor,0.044400374846785606,0.07258616479496396,0.8862363132838375,0.9254833370719466,0.44269731640815735,-0.22291786968708038,0.49565440639704833,True,,b5979ef01aa92480
7070,35,19,raw_original,original,P,0.021815382063352096,0.03244519150656808,0.9464472306789142,0.9039038155379036,0.3937866687774658,-0.23919978737831116,0.46074339747428894,True,,b5979ef01aa92480
7070,35,19,raw_valid,selection_fixed_V,P,0.016278608453541343,0.03064087719405474,0.953579305194919,0.9094858468362524,0.3937866687774658,-0.23919978737831116,0.46074339747428894,True,,b5979ef01aa92480
7070,35,19,aligned_valid,selection_fixed_V,P_aligned,0.016278608453541343,0.03305032793367822,0.9512090769604739,0.951843134199974,0.3937866687774658,-0.23919978737831116,0.46074339747428894,True,,b5979ef01aa92480
7070,35,19,aligned_fixed_v64,selection_fixed_V,P_aligned_fixed_donor,0.016278608453541343,0.031594804368812686,0.9526409066271321,0.953206419609879,0.5083948373794556,-0.24391399323940277,0.5638788405074928,True,,b5979ef01aa92480
8080,40,0,raw_original,original,P,0.032314586889544694,0.030725272336658192,0.9379530152564249,0.8987131738338479,0.3287990093231201,-0.24007359147071838,0.4071168303489685,True,,b5979ef01aa92480
8080,40,0,raw_valid,selection_fixed_V,P,0.027548708928121002,0.028413760049866267,0.94482029342718,0.8945993263281492,0.3287990093231201,-0.24007359147071838,0.4071168303489685,True,,b5979ef01aa92480
8080,40,0,aligned_valid,selection_fixed_V,P_aligned,0.027548708928121002,0.030104242444657016,0.9431763816398314,0.9236945130247252,0.3287990093231201,-0.24007359147071838,0.4071168303489685,True,,b5979ef01aa92480
8080,40,0,aligned_fixed_v64,selection_fixed_V,P_aligned_fixed_donor,0.027548708928121002,0.028166355783742943,0.9450608820251883,0.9242381935741419,0.4259839653968811,-0.24677230417728424,0.49229961292308294,True,,b5979ef01aa92480
8080,40,1,raw_original,original,P,0.03882077091241687,0.038511788232791284,0.9241624981632045,0.8971282782771222,0.3423963189125061,-0.21850189566612244,0.4061752259731293,True,,b5979ef01aa92480
8080,40,1,raw_valid,selection_fixed_V,P,0.03293387767623657,0.042593223853425004,0.9258756584945637,0.8905637435351597,0.3423963189125061,-0.21850189566612244,0.4061752259731293,True,,b5979ef01aa92480
8080,40,1,aligned_valid,selection_fixed_V,P_aligned,0.03293387767623657,0.04416449716557565,0.9243561333054713,0.9199403374347574,0.3423963189125061,-0.21850189566612244,0.4061752259731293,True,,b5979ef01aa92480
8080,40,1,aligned_fixed_v64,selection_fixed_V,P_aligned_fixed_donor,0.03293387767623657,0.04160201338578282,0.9268342245579131,0.9204024460727608,0.4320302903652191,-0.22259701788425446,0.4860037079735284,True,,b5979ef01aa92480
8080,40,2,raw_original,original,P,0.036422415072562275,0.06548644058699418,0.9004763186611278,0.9399909724534987,0.307017058134079,-0.2010418325662613,0.3669840395450592,True,,b5979ef01aa92480
8080,40,2,raw_valid,selection_fixed_V,P,0.03365600776206046,0.06570231310803842,0.9028529566898505,0.9404430898019271,0.307017058134079,-0.2010418325662613,0.3669840395450592,True,,b5979ef01aa92480
8080,40,2,aligned_valid,selection_fixed_V,P_aligned,0.03365600776206046,0.05801166762057136,0.9102847657530962,0.9459287089870532,0.307017058134079,-0.2010418325662613,0.3669840395450592,True,,b5979ef01aa92480
8080,40,2,aligned_fixed_v64,selection_fixed_V,P_aligned_fixed_donor,0.03365600776206046,0.05423390114300502,0.9139353876927704,0.9403316241523965,0.3913658559322357,-0.20791958272457123,0.44316789828453423,True,,b5979ef01aa92480
8080,40,3,raw_original,original,P,0.041263190926493665,0.044727832515514536,0.9158545896508078,0.9126751341366035,0.29348334670066833,-0.19596733152866364,0.352896124124527,True,,b5979ef01aa92480
8080,40,3,raw_valid,selection_fixed_V,P,0.03127032436671895,0.047969465863641716,0.9222602305268937,0.9099999227820038,0.29348334670066833,-0.19596733152866364,0.352896124124527,True,,b5979ef01aa92480
8080,40,3,aligned_valid,selection_fixed_V,P_aligned,0.03127032436671895,0.04549914704847036,0.9246533016714255,0.9303359858990758,0.29348334670066833,-0.19596733152866364,0.352896124124527,True,,b5979ef01aa92480
8080,40,3,aligned_fixed_v64,selection_fixed_V,P_aligned_fixed_donor,0.03127032436671895,0.042727773185291876,0.9273380137749608,0.9295050585730893,0.3741772472858429,-0.20211131870746613,0.4252735561213297,True,,b5979ef01aa92480
8080,40,4,raw_original,original,P,0.02818962328906216,0.038864823679271715,0.9340411377703807,0.9275111892784708,0.3156912922859192,-0.2008763998746872,0.37418219447135925,True,,b5979ef01aa92480
8080,40,4,raw_valid,selection_fixed_V,P,0.025109746074228223,0.039209130251749554,0.936665654978435,0.921778393899664,0.3156912922859192,-0.2008763998746872,0.37418219447135925,True,,b5979ef01aa92480
8080,40,4,aligned_valid,selection_fixed_V,P_aligned,0.025109746074228223,0.03890300848324407,0.9369640901070656,0.940715313522152,0.3156912922859192,-0.2008763998746872,0.37418219447135925,True,,b5979ef01aa92480
8080,40,4,aligned_fixed_v64,selection_fixed_V,P_aligned_fixed_donor,0.025109746074228223,0.038622205485306635,0.9372378422130279,0.9394402251921171,0.3974161148071289,-0.21114897727966309,0.4500260647058576,True,,b5979ef01aa92480
8080,40,5,raw_original,original,P,0.03233531769980713,0.039284973900435526,0.9296500005116566,0.9220866077953415,0.3025381565093994,-0.19941669702529907,0.36234837770462036,True,,b5979ef01aa92480
8080,40,5,raw_valid,selection_fixed_V,P,0.02784368019182104,0.03915529852459938,0.9340912488935138,0.9193659780491027,0.3025381565093994,-0.19941669702529907,0.36234837770462036,True,,b5979ef01aa92480
8080,40,5,aligned_valid,selection_fixed_V,P_aligned,0.02784368019182104,0.03760213884578351,0.9356011628909459,0.9413167118178012,0.3025381565093994,-0.19941669702529907,0.36234837770462036,True,,b5979ef01aa92480
8080,40,5,aligned_fixed_v64,selection_fixed_V,P_aligned_fixed_donor,0.02784368019182104,0.03548798558196672,0.9376564503474084,0.9412244276485728,0.3786911070346832,-0.20337136089801788,0.42984516396100786,True,,b5979ef01aa92480
8080,40,6,raw_original,original,P,0.02362166702355728,0.024638928874603352,0.9523214166755323,0.9321389448519517,0.32464733719825745,-0.19965612888336182,0.38112789392471313,True,,b5979ef01aa92480
8080,40,6,raw_valid,selection_fixed_V,P,0.016821573076514662,0.024502957324038385,0.959087647886664,0.9336314549456832,0.32464733719825745,-0.19965612888336182,0.38112789392471313,True,,b5979ef01aa92480
8080,40,6,aligned_valid,selection_fixed_V,P_aligned,0.016821573076514662,0.023984006472137012,0.9595978691688869,0.958168832982107,0.32464733719825745,-0.19965612888336182,0.38112789392471313,True,,b5979ef01aa92480
8080,40,6,aligned_fixed_v64,selection_fixed_V,P_aligned_fixed_donor,0.016821573076514662,0.023629362114800732,0.9599465478502501,0.9582732083416031,0.4006921350955963,-0.21203596889972687,0.45333590110944616,True,,b5979ef01aa92480
8080,40,7,raw_original,original,P,0.030988126503810554,0.025152090306811023,0.9446391993456412,0.9271442462346527,0.2821060121059418,-0.20060352981090546,0.34615832567214966,True,,b5979ef01aa92480
8080,40,7,raw_valid,selection_fixed_V,P,0.020273569898172417,0.027776667966256476,0.9525128943551233,0.9274565829951136,0.2821060121059418,-0.20060352981090546,0.34615832567214966,True,,b5979ef01aa92480
8080,40,7,aligned_valid,selection_fixed_V,P_aligned,0.020273569898172417,0.025767047476716168,0.9544817726632001,0.9477668640859237,0.2821060121059418,-0.20060352981090546,0.34615832567214966,True,,b5979ef01aa92480
8080,40,7,aligned_fixed_v64,selection_fixed_V,P_aligned_fixed_donor,0.020273569898172417,0.024245445082153823,0.955972526745259,0.9477485064260296,0.3565046191215515,-0.21047496795654297,0.4139991009547126,True,,b5979ef01aa92480
8080,40,8,raw_original,original,P,0.021446388542521344,0.028266027239276625,0.9508937884209291,0.9331701465581088,0.2888006865978241,-0.2064889818429947,0.35502609610557556,True,,b5979ef01aa92480
8080,40,8,raw_valid,selection_fixed_V,P,0.019332665839677854,0.03061727773755587,0.9506419700221871,0.9326927538940953,0.2888006865978241,-0.2064889818429947,0.35502609610557556,True,,b5979ef01aa92480
8080,40,8,aligned_valid,selection_fixed_V,P_aligned,0.019332665839677854,0.02950955297737657,0.9517282795097355,0.9552601780377821,0.2888006865978241,-0.2064889818429947,0.35502609610557556,True,,b5979ef01aa92480
8080,40,8,aligned_fixed_v64,selection_fixed_V,P_aligned_fixed_donor,0.019332665839677854,0.02841854334440303,0.9527981970180468,0.9553321000843384,0.36027321219444275,-0.21743404865264893,0.4208020353306106,True,,b5979ef01aa92480
8080,40,9,raw_original,original,P,0.027010875613216134,0.027572420329008737,0.9461614592736373,0.9307418117977418,0.24829751253128052,-0.2006489336490631,0.31923604011535645,True,,b5979ef01aa92480
8080,40,9,raw_valid,selection_fixed_V,P,0.018994233047512243,0.028596898650705964,0.9529520444591895,0.9409264242832274,0.24829751253128052,-0.2006489336490631,0.31923604011535645,True,,b5979ef01aa92480
8080,40,9,aligned_valid,selection_fixed_V,P_aligned,0.018994233047512243,0.02692399761209075,0.9545931700256117,0.9581097410881922,0.24829751253128052,-0.2006489336490631,0.31923604011535645,True,,b5979ef01aa92480
8080,40,9,aligned_fixed_v64,selection_fixed_V,P_aligned_fixed_donor,0.018994233047512243,0.0261071161084441,0.9553945354916059,0.9577128096073566,0.31680306792259216,-0.2113734781742096,0.3808450224443397,True,,b5979ef01aa92480
8080,40,10,raw_original,original,P,0.02261209910834583,0.022461901148345675,0.9554339104782368,0.9357915049754733,0.2563953697681427,-0.20236453413963318,0.32663434743881226,True,,b5979ef01aa92480
8080,40,10,raw_valid,selection_fixed_V,P,0.018023093666942658,0.023989847733872346,0.9584194298719483,0.9332221172406827,0.2563953697681427,-0.20236453413963318,0.32663434743881226,True,,b5979ef01aa92480
8080,40,10,aligned_valid,selection_fixed_V,P_aligned,0.018023093666942658,0.023178430332409718,0.9592162230215814,0.9533405627592831,0.2563953697681427,-0.20236453413963318,0.32663434743881226,True,,b5979ef01aa92480
8080,40,10,aligned_fixed_v64,selection_fixed_V,P_aligned_fixed_donor,0.018023093666942658,0.022604953863206344,0.9597793636706644,0.9535210500328767,0.3245793879032135,-0.21706365048885345,0.3904720315402524,True,,b5979ef01aa92480
8080,40,11,raw_original,original,P,0.02672338237207672,0.024929804232864346,0.9490130220860348,0.9182160989749664,0.26328083872795105,-0.20892633497714996,0.3361056447029114,True,,b5979ef01aa92480
8080,40,11,raw_valid,selection_fixed_V,P,0.01958225630871624,0.024212979767730333,0.9566789086993629,0.9188858728996934,0.26328083872795105,-0.20892633497714996,0.3361056447029114,True,,b5979ef01aa92480
8080,40,11,aligned_valid,selection_fixed_V,P_aligned,0.01958225630871624,0.0247779685130389,0.9561249837084764,0.9429456045103226,0.26328083872795105,-0.20892633497714996,0.3361056447029114,True,,b5979ef01aa92480
8080,40,11,aligned_fixed_v64,selection_fixed_V,P_aligned_fixed_donor,0.01958225630871624,0.024248444037462465,0.9566441389000504,0.943766130400338,0.33040526509284973,-0.23023051023483276,0.4027079922773668,True,,b5979ef01aa92480
8080,40,12,raw_original,original,P,0.022850090044926663,0.02636153962870405,0.9513907338806081,0.9264830813564485,0.3081323802471161,-0.21104899048805237,0.3734799027442932,True,,b5979ef01aa92480
8080,40,12,raw_valid,selection_fixed_V,P,0.018326693810495898,0.025864574089807794,0.956282744229579,0.9272781638386158,0.3081323802471161,-0.21104899048805237,0.3734799027442932,True,,b5979ef01aa92480
8080,40,12,aligned_valid,selection_fixed_V,P_aligned,0.018326693810495898,0.0264977545004927,0.9556611679224076,0.9516158213425394,0.3081323802471161,-0.21104899048805237,0.3734799027442932,True,,b5979ef01aa92480
8080,40,12,aligned_fixed_v64,selection_fixed_V,P_aligned_fixed_donor,0.018326693810495898,0.02580978221457049,0.9563365319508956,0.9518824587485627,0.38995134830474854,-0.23910479247570038,0.45742010868515504,True,,b5979ef01aa92480
8080,40,13,raw_original,original,P,0.016730894981896616,0.026636275526607037,0.9570784782200409,0.9207250192027441,0.3037112057209015,-0.2244013100862503,0.3776194453239441,True,,b5979ef01aa92480
8080,40,13,raw_valid,selection_fixed_V,P,0.014364277654846158,0.02948969481489476,0.956569625694537,0.9320427074062055,0.3037112057209015,-0.2244013100862503,0.3776194453239441,True,,b5979ef01aa92480
8080,40,13,aligned_valid,selection_fixed_V,P_aligned,0.014364277654846158,0.028925824935185467,0.9571253959907329,0.9571463441832502,0.3037112057209015,-0.2244013100862503,0.3776194453239441,True,,b5979ef01aa92480
8080,40,13,aligned_fixed_v64,selection_fixed_V,P_aligned_fixed_donor,0.014364277654846158,0.028315534058578812,0.9577269204797377,0.9578391196318405,0.37746891379356384,-0.24426622688770294,0.44960957560804654,True,,b5979ef01aa92480
8080,40,14,raw_original,original,P,0.023565636608677387,0.0346487068714269,0.9426021753549884,0.9233979903646818,0.3566111624240875,-0.2368095964193344,0.42807745933532715,True,,b5979ef01aa92480
8080,40,14,raw_valid,selection_fixed_V,P,0.01682080883287662,0.03556229113778915,0.948215086530222,0.9262322892770396,0.3566111624240875,-0.2368095964193344,0.42807745933532715,True,,b5979ef01aa92480
8080,40,14,aligned_valid,selection_fixed_V,P_aligned,0.01682080883287662,0.03614344327865763,0.9476437098384181,0.9592133636698239,0.3566111624240875,-0.2368095964193344,0.42807745933532715,True,,b5979ef01aa92480
8080,40,14,aligned_fixed_v64,selection_fixed_V,P_aligned_fixed_donor,0.01682080883287662,0.035016842402190974,0.9487513603769107,0.9598977808941618,0.44361886382102966,-0.25299933552742004,0.5106920403875288,True,,b5979ef01aa92480
8080,40,15,raw_original,original,P,0.017127737518945252,0.030022781902294446,0.9533637029067713,0.9308408495883582,0.36169055104255676,-0.2392016351222992,0.43363288044929504,True,,b5979ef01aa92480
8080,40,15,raw_valid,selection_fixed_V,P,0.013278895809726743,0.02947873648878846,0.9576338127719217,0.9294084422190747,0.36169055104255676,-0.2392016351222992,0.43363288044929504,True,,b5979ef01aa92480
8080,40,15,aligned_valid,selection_fixed_V,P_aligned,0.013278895809726743,0.02976674366235249,0.9573496300156079,0.9616881647881186,0.36169055104255676,-0.2392016351222992,0.43363288044929504,True,,b5979ef01aa92480
8080,40,15,aligned_fixed_v64,selection_fixed_V,P_aligned_fixed_donor,0.013278895809726743,0.02921054552164567,0.9578984424591548,0.9626980347799983,0.44401296973228455,-0.25224682688713074,0.5106622944423337,True,,b5979ef01aa92480
8080,40,16,raw_original,original,P,0.03295372425328047,0.041768011498309554,0.9266546757819332,0.9028098960732567,0.38185569643974304,-0.21776899695396423,0.43958744406700134,True,,b5979ef01aa92480
8080,40,16,raw_valid,selection_fixed_V,P,0.026957313875747957,0.044163888269544524,0.9300693376527631,0.9053086893177384,0.38185569643974304,-0.21776899695396423,0.43958744406700134,True,,b5979ef01aa92480
8080,40,16,aligned_valid,selection_fixed_V,P_aligned,0.026957313875747957,0.04732890906520573,0.9269896373161138,0.9448398482517154,0.38185569643974304,-0.21776899695396423,0.43958744406700134,True,,b5979ef01aa92480
8080,40,16,aligned_fixed_v64,selection_fixed_V,P_aligned_fixed_donor,0.026957313875747957,0.045795930115333804,0.9284812912712691,0.9463012822522663,0.47141537070274353,-0.2300238162279129,0.5245411402043292,True,,b5979ef01aa92480
8080,40,17,raw_original,original,P,0.01621223451157261,0.03273146400190433,0.951586951656829,0.9219297346650696,0.4070298373699188,-0.24292968213558197,0.4740127921104431,True,,b5979ef01aa92480
8080,40,17,raw_valid,selection_fixed_V,P,0.014377209237267152,0.035605526188599766,0.9505291726741495,0.9228525933550196,0.4070298373699188,-0.24292968213558197,0.4740127921104431,True,,b5979ef01aa92480
8080,40,17,aligned_valid,selection_fixed_V,P_aligned,0.014377209237267152,0.03606292439001369,0.9500783505823821,0.9586879565434017,0.4070298373699188,-0.24292968213558197,0.4740127921104431,True,,b5979ef01aa92480
8080,40,17,aligned_fixed_v64,selection_fixed_V,P_aligned_fixed_donor,0.014377209237267152,0.03477816364537459,0.9513446400529758,0.9596276022226627,0.4946196377277374,-0.2533988058567047,0.5557513300348657,True,,b5979ef01aa92480
8080,40,18,raw_original,original,P,0.05854906876575705,0.07047178087560686,0.8751052075031673,0.8784304154706151,0.35058239102363586,-0.2178734838962555,0.41276732087135315,True,,b5979ef01aa92480
8080,40,18,raw_valid,selection_fixed_V,P,0.04799171395434243,0.06309769952631603,0.8919387532661855,0.8836735219740153,0.35058239102363586,-0.2178734838962555,0.41276732087135315,True,,b5979ef01aa92480
8080,40,18,aligned_valid,selection_fixed_V,P_aligned,0.04799171395434243,0.06746043459310294,0.8877853933327825,0.9186504983677389,0.35058239102363586,-0.2178734838962555,0.41276732087135315,True,,b5979ef01aa92480
8080,40,18,aligned_fixed_v64,selection_fixed_V,P_aligned_fixed_donor,0.04799171395434243,0.06421288003610155,0.8908770921804331,0.919711496453041,0.44269731640815735,-0.22291786968708038,0.49565440639704833,True,,b5979ef01aa92480
8080,40,19,raw_original,original,P,0.022999865447583367,0.03068032644156579,0.9470254514908948,0.9017905041761434,0.41695383191108704,-0.23486870527267456,0.4785538613796234,True,,b5979ef01aa92480
8080,40,19,raw_valid,selection_fixed_V,P,0.017318413260313026,0.02905806317986675,0.9541267631065135,0.9079412936313727,0.41695383191108704,-0.23486870527267456,0.4785538613796234,True,,b5979ef01aa92480
8080,40,19,aligned_valid,selection_fixed_V,P_aligned,0.017318413260313026,0.030611157359996047,0.9526005660532277,0.9491331270781831,0.41695383191108704,-0.23486870527267456,0.4785538613796234,True,,b5979ef01aa92480
8080,40,19,aligned_fixed_v64,selection_fixed_V,P_aligned_fixed_donor,0.017318413260313026,0.029368509687293994,0.9538216930399971,0.9500781209367478,0.5083948373794556,-0.24391399323940277,0.5638788405074928,True,,b5979ef01aa92480
